REF;ID Ticket AgID;Richiesta;Risposta;Note Integrative
1;n.a.;I servizi di monitoraggio descritti nel capitolo 9 delle ST, dove saranno esposti? e saranno disponibili anche per gli ET?;L'e-service per la consultazione dei dati di monitoraggio sarà esposto tramite PDND e sarà disponibile per il FO SUAP, il BO SUAP e per gli ET. La definizione di tale servizio, al fine di rendere più efficiente la sua gestione, è affidata al Fornitore del Catalogo SSU. L'attuale roadmap prevede la disponibilità della prima release entro dicembre 2024.;n.a.
2;n.a.;Come saranno identificabili i tipi di procedimento SUAP?;"Sarà presente un codice per capire quali procedimenti SUAP sono coinvolti. Saranno gli ET a caricare nel catalogo i procedimenti di loro competenza.
In Cruise, partendo dal nome, sarà possibile capire quali procedimenti sono di competenza da veterinaria e quali da prevenzione.";n.a.
3;n.a.;Casistiche in cui è applicato il silenzio assenso.;Tutti i processi hanno dei timer, se non si risponde nei tempi si applicherà il silenzio assenso;n.a.
4;n.a.;In un procedimento, nel primo step gli Enti Terzi inviano l'atto di ricevimento condizionato,  che viene notificato al presentatore di istanza. In secondo luogo, se tutto va bene, gli Enti Terzi inviano un secondo atto autorizzatorio definitivo, senza che il SUAP abbia espressamente chiesto loro qualcosa (nel mezzo di questo riconoscimento ci possono essere richieste di integrazione). Come viene gestita qyesta casistica nelle specifiche tecniche?;Questa fattispece non c'è nelle specifiche, perchè l'ultima azione è l'emissione della conclusione.;n.a.
5;n.a.;Una volta ottenuto il finanziamento, esiste un ambiente di test BBT intermedio da utilizzare durante gli sviluppi, prima di effettuare il test BBT finale?;Il fornitore del catalogo metterà a disposizione gli ambienti di test.;n.a.
6;n.a.;Quando sarà possibile l'avvio delle attività di test delle componenti?;Tutto deve essere funzionante entro 12 mesi dalla disponibilità del catalogo, e il catalogo sarà disponibile alla fine di luglio 2024.;n.a.
7;n.a.;Quali sono i tempi necessari all'abilitazione ai finanziamenti per gli ET?;Probabilmente si dovrà attendere il periodo Settembre/Ottobre 2024 (i finanziamenti sono a consuntivo);n.a.
8;n.a.;"Approfondimento su interfacce:
Servirebbe un approfondimento sulle interfacce descritte nel file https://github.com/AgID/specifiche-tecniche-DPR-160-2010/blob/main/openAPI/catalogo-ssu_meta.yaml, che espongono, tra gli altri, i metodi per recuperare i domini, gli elenchi di enti accreditati e gli schemi di validazione degli allegati, in particolare ci servirebbero degli esempi per questi scenari d’uso:
-	Recupero dei riferimenti dei backoffice SUAP
-	Recupero dell’elenco dei tipi di procedimento
-	Recupero dello schema xsd o dello schematron per la validazione del’mda di un allegato. A tal proposito sappiamo che l’onere della validazione (xsd e schematron) spetta al FO, ma vi chiediamo un parere anche rispetto all’implementazione di regole di chaching locale, dal momento che comunque utilizziamo gli schemi per recuperare i path relativi a dati di interesse. Es. la localizzazione. Ha senso implementare come ET anche i meccanismi di caching riportati del documento di architettura?";"1.	Recupero dei riferimenti dei backoffice SUAP
Al fine di recuperare i riferimenti dei Back-Office SUAP, associati alle istanze identificate univocamente dal cui, per prima cosa è necessario recuperare il riferimento del Comune, ovvero il suo Codice ISTAT a 6 cifre. Tale Codice ISTAT è identificato tramite l’attributo municipality presente nel relativo Instance Descriptor, recuperabile dal Catalogo SSU tramite il path catalogo-ssu_to_et/instance_descriptor/{cui_uuid}.
Una volta in possesso del riferimento comunale, è possibile invocare catalogo-ssu_meta/suaps-by-municipality/{municipality_list} per recuperare tutte le versioni dei componenti SUAP relativi al codice ISTAT del comune (municipality_list). Ottenuta la risposta, è necessario selezionare solamente la componente che ha lo state=Active. 
Si segnala che l’oggetto restituito in risposta a questa richiesta è soggetto ad un aggiornamento al fine di perfezionare la sua struttura, che verrà sostituita dall’attuale GenericEntity con una ComponentEntity. 
2.	Recupero dell’elenco dei tipi di procedimento
Al fine di recuperare l’elenco dei tipi di procedimento, è necessario recuperare il codice e la versione della singola fattispecie di procedimento (usecase_proceeding), selezionando quelli di proprio interesse, filtrando per l’attributo competent_administration che indica l’amministrazione responsabile. Il codice e la versione sono presenti nell’Instance Descriptor:
•	instance-descriptor-schema/usecase_proceedings[]/code
•	instance-descriptor-schema/usecase_proceedings[]/version
Una volta in possesso di queste informazioni, è possibile invocare il path catalogo-ssu_meta/usecase-proceedings/{usecase_proceedings_id}/{usecase_proceedings_version}/usecase-proceedings per recuperare l'anagrafica del procedimento.
3.	Recupero dello schema xsd o dello schematron per la validazione del’mda di un allegato
Al fine di recuperare i validatori dell’MDA di un allegato, è necessario, come indicato nel punto precedente, recuperare il code e la version degli usecase_proceedings di proprio interesse. 
Una volta in possesso di queste informazioni, si può procedere col recupero dei riferimenti del procedimento, proceeding_id e proceeding_version,  mediante l’invocazione del seguente path catalogo-ssu_meta/usecase-proceedings/{usecase_proceedings_id}/{usecase_proceedings_version}/usecase-proceedings. L’identificativo del procedimento e la sua versione possono essere utilizzati nella successiva richiesta, che verrà utilizzata per recuperare i riferimenti degli allegati, di tipo strutturato, e la loro relativa versione: catalogo-ssu_meta/proceeding/{proceeding_id}/{proceeding_version}/attachments. 
Ottenuti così i riferimenti dell’allegato che si vuole validare, è possibile recuperare il suo XSD e Schematron tramite i seguenti path:
•	catalogo-ssu_meta/attachment/{attachment_id}/{attachment_version}/xsd
•	catalogo-ssu_meta//attachment/{attachment_id}/{attachment_version}/schematron
Analogamente, in caso si volesse recuperare i validatori per i Form (moduli presentati per procedimento), è possibile ripetere gli step preliminari per ottenere i riferimenti del procedimento, proceeding_id e proceeding_version. Dopodiché, è necessario recuperare i riferimenti del form di proprio interesse, form_id (code) e form_version, utilizzando il path catalogo-ssu_meta/proceeding/{proceeding_id}/{proceeding_version}/form. I validatori possono essere così recuperati tramite i seguenti path:
•	catalogo-ssu_meta/form/{form_id}/{form_version}/xsd
•	catalogo-ssu_meta/form/{form_id}/{form_version}/schematron
In merito alla domanda riguardante l’implementazione di regole di caching locale, confermiamo che è possibile implementare tali logiche, suggeriamo inoltre di creare solamente il caching delle entità utilizzate.";n.a.
9;n.a.;"Approfondimento su tipologie documenti:
Nella documentazione fornita non siamo riusciti a trovare nelle interfacce, se sia disponibile un elenco delle tipologie di allegato per procedimento e se eventualmente esista un servizio per recuperare la relativa lista. Ad esempio, vorremmo capire come fare a distinguere i documenti della pratica suddivisi per tipologia (es. planimetria, doc di progetto, etc). Piuttosto eventuali documenti del procedimento. Es. integrazioni e pareri inviati da altri enti.
Vorremmo capire, inoltre, la differenza tra Attachments e Document; i documenti sono recuperati da BO SUAP utilizzando i dati contenuti nella send_instance (cui, resource_id).
Infine, vorremo avere dettagli sulla instance contenuta nell'instance_descriptor recuperata dal catalogo SSU, e capire, anche con qualche esempio, la differenza con l’instance inviata all'ente terzo dal BO.";"I documenti che sono nella disponibilità degli Enti Terzi sono indicati tramite i Form, ovvero i moduli e tramite Allegati, recuperabili tramite l’Instance Descriptor:
•	instance-descriptor-schema/usecase_proceedings/form 
•	instance-descriptor-schema/usecase_proceedings/attachments
Si evidenzia che tali documenti sono aggregati per singolo procedimento e che, attualmente, non è disponibile alcun metodo per recuperare la lista delle tipologie che identificano la natura di un documento (planimetria, doc di progetto, …). Tuttavia, recuperando tali oggetti, con la possibilità di filtrare solamente quelli di proprio interesse, è possibile analizzare l’attributo filename, che determina la semantica del documento, e description al fine di comprendere lo scopo di utilizzo di tale risorsa. Nelle prossime lavorazioni, è prevista una modifica che introdurrà nel descrittore anche i riferimenti univoci code e version, finalizzati al recupero dell'anagrafica presente nel Catalogo SSU.
Per quanto riguarda invece l’identificazione dei documenti scambiati durante le fasi del procedimento, come ad esempio le richieste di integrazione e i pareri inviati dagli Enti Terzi, questi saranno presenti nelle fasi di interazione tra Back-Office ed Ente Terzo. Durante questo scambio, ad esempio per il trasferimento dei pareri, tramite il path bo_to_et /send_conclusions, sarà possibile utilizzare i riferimenti trasmessi, cui e resource_id,  per poter richiedere successivamente il documento tramite il path et_to_bo/instance/{cui_uuid}/document/{resource_id}.
In merito ai pareri, si evidenzia che, a valle dell’invio di tutti i pareri degli Enti Terzi verso il Back-Office, quest’ultimo è incaricato di trasmettere ad ognuno di essi il parere conclusivo del procedimento, emesso dal SUAP, in funzione dei pareri pervenuti.
Per chiarire la differenza tra Attachments e Document, si precisa che, assunto il fatto che il Document è inteso come Form (moduli presentati per procedimento), considerato che tale riferimento è presente OpenAPI solamente nel path /instance/{cui_uuid}/document/{resource_id}, questo rappresenta il modulo digitale di uno specifico procedimento (vedi descrizione catalogo-ssu_meta//proceeding/{proceeding_id}/{proceeding_version}/form). Diversamente, gli Attachments rappresentano gli allegati associati ad un procedimento e sono consultabili tramite il path instance-descriptor-schema/usecase_proceedings/attachments.
Per concludere, in merito all’ultimo quesito, si vuole precisare che l’attributo instance, presente nell’Instance Descriptor, rappresenta la porzione di istanza relativa al procedimento, associata ad ogni specifica fattispecie (usecase_proceeding). Diversamente, l’instance inviata dal Back-Office all’Ente Terzo, tramite path et_to_bo/send_instance, riporta solo i riferimenti dell’istanza, ovvero:
•	cui e version, per permettere il recupero dell’Instance Descriptor
•	instance_index, contenente la mappatura dei riferimenti dei moduli e degli allegati con i relativi resource_id assegnati dal Back-Office:
o	instance-descriptor-schema/usecase_proceedings/instance/ref 
o	instance-descriptor-schema/usecase_proceedings/attachments/ref  ";n.a.
10;n.a.;"Ambienti di test o progetti di esempio:
Esistono ambienti di test per simulare un BO del SUAP ed il Catalogo SSU. E quindi progetti SoapUI, Postman o altro?
Di seguito alcuni esempi di chiamata che ci interesserebbe ricevere:
-	Esempio invio istanza Enti Terzi (send_instance)
-	Esempio instanceDescriptor (Catalago SSU); return GET /instance_descriptor/{cui_uuid} 
-	Esempio per il recupero degli Attachments contenuti nell'instanceDescriptor?";"Considerata la natura della domanda fuori dalle disponibilità di AgID non avendo attività di sviluppo, si riporta la risposta condivisa da InfoCamere:
Purtroppo, non c'è ancora un BackOffice SUAP da poter utilizzare. Entro ottobre dovrebbe esserci il Back Office del SUAP Camerale con il quale poter testare queste due integrazioni. 
Tuttavia, per rispondere al secondo punto, possiamo fornire degli esempi di CUI che possono essere utilizzati per i test:
•	78ee1b7d-0da6-4b31-80df-cfeddaa346c3
•	7a36d0f4-72c8-40f8-82be-86201e09def6

Per ogni approfondimento di merito si suggerisce di rivolgersi direttamente ai referenti di Infocamere.";n.a.
11;n.a.;"Repository xsd procedimenti SUAP:
Il repository di riferimento degli schemi XSD afferenti ai procedimenti del SUAP ci risulta essere: https://github.com/italia/moduli-pa/tree/master/Moduli_PA/SUAPAl. In questo repository gli schemi sono fermi a 5 anni fa. Ci confermate che il repository sia questo? In caso negativo ci indicate il repository corretto?
Oltre al repository degli schemi XSD, avete un repository dei facsimili delle modulistiche in formato compilatore oriented. In word, pdf o altro.";"Si evidenzia che il repository Moduli_PA/SUAPA è stato usato nell’ambito dell’Agenda per la Semplificazione 2020-2026 e 2020-2023 negli anni passati, e riporta gli XSD approvati negli Accordi della Conferenza Unificata per l'approvazione dei moduli unificati e standardizzati in materia di attività edilizia e commerciali e assimilate. Si evidenzia che gli stessi XSD sono stati utilizzati per il primo popolamento del Catalogo SSU.
Per ogni approfondimento in merito a dove recuperate i fac-simile della modulistica, si suggerisce di rivolgersi direttamente ai referenti del Dipartimento della Funzione Pubblica.";n.a.
12;n.a.;"Se fosse confermato il repository degli XSD al punto precedente, tra questi non compare l’AUA (Autorizzazione Unica Ambientale). Essendo questo tra i procedimenti di interesse di XXX, ed è in capo al SUAP, vi chiediamo come si intende gestire questa tipologia di procedimento.
A tal proposito XXX risulta interessata anche ad altre tipologie di procedimenti che non ritroviamo nella lista, come ad esempio le “SCIA stazione radiobase”. In generale con l’introduzione delle nuove modalità operativa e l’obbligo di trasferire le pratiche vi interoperabilità, e non più via PEC, come si intende gestire i procedimenti per i quali non è ancora definito uno schema XSD e non saranno censiti come procedimenti nell’SSU?";"Considerata la natura della domanda fuori dal perimetro tecnico gestionale di AgID, si riporta la risposta condivisa dal Dipartimento della Funzione Pubblica:
Confermiamo che nel repository nativamente verranno inseriti tutti i moduli strutturati nazionali o approvati in Conferenza Stato-Regioni. Tuttavia, si evidenzia che, per alcune specifiche modulistiche, potrebbero esserci delle personalizzazioni territoriali, le quali potranno comunque essere caricate sul Catalogo.
Per quanto riguarda l'Autorizzazione Unica Ambientale (AUA), invece, non esiste in effetti un modello strutturato a livello nazionale. Tuttavia, la XXX ha definito un XSD strutturato. Pertanto, Infocamere, in qualità di gestore, provvederà a caricare tali modelli sul Catalogo. Per qualsiasi ulteriore questione sul tema, si propone di fare un allineamento insieme, con la presenza di Infocamere.
Per ogni approfondimento di merito si suggerisce di rivolgersi direttamente ai referenti del Dipartimento della Funzione Pubblica.";n.a.
13;4796cc1496b24772965f7f7e37d3a341;"Nel sequence diagram che descrive il processo di Autorizzazione, il primo passo che compie il BO SUAP verso l'ET è una chiamata al servizio notify, ma solo se è stata indetta una CDSS dal SUAP.
L'ET da dove recupera i resource_id per richiedere poi al BO i vari documenti relativi alla pratica (SUAP.XML, MDA.XML e ricevuta.XML)?

Nel caso invece non sia stata indetta una CDSS dal SUAP, il BO SUAP non chiama la notify ma la send_instance passando i resource_id, e quindi l'ET ha poi modo di recupere i documenti XML.";"La CdSS è prevista in tre momenti distinti nel processo di Autorizzazione: 
  - A monte delle istruttorie degli ET, quando il BO analizza l'istanza presentata e riscontra la necessità immediata di convocare la conferenza;
  - Durante le istruttorie, quando un ET riscontra delle criticità e ha la necessità di richiedere la convocazione della CdSS al BO al fine di gestirle unitamente con esso e gli altri ET;
  - A valle delle istruttorie degli ET, quando il BO ha ricevuto tutti i pareri degli ET e non è in grado di redigere le conclusioni a causa di esiti contrastanti tra loro.

Il passo indicato nella richiesta riguarda il primo scenario, ossia il BO ha rilevato delle criticità nell'istanza e non ha ancora inviato a nessun ET i riferimenti alla relativa documentazione. In tale scenario, il BO ha ritenuto che gli ET non debbano ancora avviare le loro istruttorie e dovranno partecipare alla conferenza utilizzando i riferimenti riportati nell'attributo ""cdss_channel"" presente nell'oggetto ""CdssNotifyMessage"" riportato nella chiamata ""/notify"". Tramite le informazioni pervenute nella convocazione, o in alternativa durante la conferenza stessa, un ET potrà richiedere direttamente al BO i vari documenti relativi alla pratica (SUAP.XML, MDA.XML e ricevuta.XML) non dovendo quindi effettuare, in questo caso, una chiamata al path ""/instance/{cui_uuid}/document/{resource_id}"". ";n.a.
14;ecd6f4fd89544f2d9bb005de89d96cd2;"Nel sequence diagram che descrive il processo di Autorizzazione, i 3 passaggi consecutivi di chiamate dei servizi:
/instance_descriptor/{cui_uuid} esposto dal Catalogo,
/instance/{cui_uuid}/document/{resource_id} esposto dal BO SUAP
/audit esposto dal Catalogo
devono essere fatte da parte dell'ET a prescindere dell'indizione della CDSS da parte del SUAP?";I tre passaggi consecutivi di chiamate indicati nella richiesta sono identificati sul sequence diagram di Autorizzazione con id 13, 15 e 17 e avvengono solo quando il BO ha effettuato una send_instance agli ET coinvolti per inoltrare loro i riferimenti dell'istanza da analizzare. In tale scenario, il BO non ha indetto la CdSS a priori delle istruttorie degli ET e le chiamate indicate permettono ad essi di ottenere l'Instance Descriptor e tutta la documentazione necessaria per avviare le loro istruttorie.;n.a.
15;cc12256ca6c347e5bb865a6c451bb76b;"Nel sequence diagram che descrive il processo di Autorizzazione, è indicato, come opzionale, che se almeno un ET richiede la CDSS entro i tempi, allora deve inoltrare la richiesta al BO.
Ma se invece la richiesta della CDSS è oltre i tempi?
Inoltre, chi e come stabilisce il criterio per dire se si è nei tempi?";"I tempi procedimentali sono indicati nell'Instance Descriptor nella proprietà ""times"" (schema ""times-schema.yaml"") e riporta tutte le limitazioni temporali per gestire eventuali eventi di lavorazione. In particolare, il numero di giorni limite, a partire dalla data di avvio dell'istanza, entro cui un ET può richiedere la convocazione della CdSS è indicato nell'attributo ""max_gg_cdss_req"". 
Nel caso in cui un ET dovesse effettuare una richiesta di convocazione CdSS al BO superando i tempi previsti da tale attributo, tale richiesta non sarebbe presa in considerazione e il flusso proseguirebbe come indicato nel processo di Autorizzazione. ";n.a.
16;46878fee1c6047089d5dec4c52fe02c5;"Nel sequence diagram che descrive il processo di Autorizzazione, è indicato che il BO notifica agli ET la convocazione della CDSS col servizio notify (passaggi 27-28).
Quando poi termina la CDSS indetta da un ET, cosa succede?
Nella parte finale del diagramma sono descritti solo i casi di CDSS indetta da SUAP e CDSS non indetta, ma non il caso di CDSS indetta da un ET.";"L'ET non può mai indire la CdSS, ma può solo effettuare una richiesta di convocazione al BO. Il BO, infatti, è l'unica componente in grado di convocare la CdSS.
Il caso in cui l'ET richieda una CdSS per intermediazione del BO, è del tutto riconducibile al caso in cui è stato il BO stesso a richiederla. ";n.a.
17;5be07cbba5ba4c64b836bcab17215e03;"Nel sequence diagram che descrive il processo di Autorizzazione, dopo il passaggio 71, c'è una parte opzionale con l'indicazione ""se non si applica il silenzio assenso"".
Cosa si intende con ""silenzio assenso""?
Se invece non si dovesse applicare il silenzio assenso, che passaggi occorre seguire?";"Il silenzio assenso si verifica quando non viene comunicato alcun parere esplicito. Questo implica tacitamente la conferma della validità della pratica, permettendo la naturale prosecuzione del procedimento.

Nel processo di Autorizzazione, se non si applica il silenzio assenso, l'ET esprime un suo parere esplicito, sulla base delle proprie istruttorie, che può essere positivo (passaggio 72) o negativo (passaggio 78).
Quindi, al termine del periodo previsto per la ricezione dei pareri (nota alla riga 183), il processo prosegue secondo i due possibili sviluppi:
   • Il BO convoca la CdSS, in quanto non è in grado di formulare le sue conclusioni a causa dei pareri contrastanti degli ET ;
   • Il BO notifica le conclusioni (autorizzazione concessa o negata, rispettivamente righe 203 o 219) al FO in base agli esiti ricevuti dagli ET.";"Richiedente
Grazie per la risposta.
Non capisco però dove sia la nota alla riga 183 e le righe 203 e 219: il sequence diagram dell'Autorizzazione si ferma al passo 113.

Operatore
La nota presente nella riga 183 è la seguente: ""Note over B,E: concluso tempo ricezione pareri o tutti gli ET hanno inviato parere (compreso silenzio assenso)"".
Purtroppo le note e gli ""alt"" non possono essere identificati tramite un numero nel diagramma, come avviene invece per le chiamate effettuate dai componenti. Per ovviare al problema ho usato i riferimenti alle righe di codice del file mermaid."
18;340887f5a6074b4c88beda00d7ef140e;"Nel sequence diagram che descrive il processo di Autorizzazione, al passaggio 78-79, a fronte di un parere esplicito negativo c'è la chiamata dell'ET al servizio /send_conclusions esposto dal BO, in cui dallo Yaml si evince che il tag ""conclusions_type"" deve valere ""suspension_requested"".
Perchè ci deve essere una sospensione se il parere esplicito è NEGATIVO?
Quale deve essere il criterio di termine della sospensione e che azioni deve prendere l'ET?";"Confermiamo la sua assunzione in merito alla segnalazione posta e confermiamo che è attualmente in corso la riformulazione dell'attributo ""suspension_requested"" per mantenere una corretta concordanza con l'oggetto (NegativeOutcomeRequired) a cui è associato.
Tali aggiornamenti sono soggetti ad un processo di approvazione e la loro pubblicazione sarà realizzata nei modi previsti dalla norma.";n.a.
19;117a32873b4e4a7fb517294727e91dee;"Nel sequence diagram che descrive il processo di Autorizzazione, al passaggio 80-81, l'ET chiama il servizio /audit del Catalogo.
Manca l'indicazione dell'ET che fa la chiamata. E' corretto?";"Confermiamo la sua assunzione in merito alla segnalazione posta. 
Ci teniamo a precisare che le Specifiche Tecniche sono costantemente soggette a verifica e aggiornamento al fine di risolvere qualsiasi criticità riscontrata e tale segnalazione risulta essere già gestita nei vari cicli di revisione periodica.
Tali aggiornamenti sono soggetti ad un processo di approvazione e la loro pubblicazione sarà realizzati nei modi previsti dalla norma.";"Richiedente
Grazie. Quindi c'è una segnalazione in merito che presumibilmente porterà ad una nuova definizione del passo indicato, in cui verrà esplicitata l'indicazione dell'ET?
Lo yaml verrà poi aggiornato in una cartella ""approved03"" ?

Operatore
È attualmente in corso il secondo ciclo di aggiornamento delle Specifiche Tecniche e tali modifiche sono gestite nel branch ""mantaince002"". Una volta completato il suo ciclo di verifica, a valle di tutte le modifiche proposte, queste saranno disponibili nel branch ""approved02"" e solo a valle delle ultime approvazioni verranno riportate nel branch ""main"".
Approfittiamo per precisare che:
- il branch ""mantainceXXX"" è utilizzato per proporre le modifiche in corso di aggiornamento;
- Il branch ""approvedXXX"" riporta le Specifiche aggiornate in attesa dell'approvazione ufficiale;
- Il branch ""main"" riporta le Specifiche Tecniche approvate e pubblicate ufficialmente nei modi previsti dalla norma.

Richiedente
Grazie delle precisazioni. Quindi fa fede solo quanto pubblicato in ""main"", in quanto tratta specifiche approvate. Avevo erroneamente ritenuto di poter usare quanto presente in ""approved02"".
Ogni volta che viene aggiunta/modificata una specifica sul ""main"" viene data una qualche comunicazione o aggiunta una nota in qualche punto sulla piattaforma github che consenta di capire che c'è stata una variazione?
Dove trovo la norma cui fa riferimento?

Operatore
Le comunichiamo che può procedere con la consultazione delle variazioni presenti nel branch ""approved01"", considerato che, in data 02/05/2024, si è concluso il primo ciclo di aggiornamento delle Specifiche Tecniche. Tuttavia, la pubblicazione ufficiale necessaria per aggiornare tali variazioni nel branch ""main"" non è ancora avvenuta.

Tali aggiornamenti e modifiche sono regolamentate dall'art. 3 del Decreto Interministeriale del 26 settembre 2023 SUAP (pubblicato in Gazzetta ufficiale n.276 del 25 novembre 2023), che affida al Gruppo Tecnico il ruolo di mantenere costantemente aggiornate le Specifiche Tecniche, in risposta alle evoluzioni normative e tecnologiche, nonché alle variazioni per esigenze operative (comma 1).

Richiedente
Che modalità usa Agid per avvisare che c'è stata una variazione? Dobbiamo noi monitorare continuamente la piattaforma di Github per vedere se la cartella ""main"" ha data di aggiornamento recente, o c'è un qualche punto dove vengono pubblicati gli avvisi?

Operatore
Le comunichiamo che è stata pubblicata una notizia (https://www.suapsue.gov.it/news/?news_id=26) per condividere ufficialmente link GitHub (https://github.com/AgID/specifiche-tecniche-DPR-160-2010/tree/approved01) dove è possibile consultare la nuova versione delle Specifiche Tecniche di interoperabilità SUAP.
La invitiamo a monitorare la sezione News (https://www.suapsue.gov.it/news) del sito di progetto “Digitalizzazione delle procedure SUAP e SUE"" per verificare i prossimi aggiornamenti e novità in merito."
20;e50b438519ef45a4b260bea69fd44299;"Nel sequence diagram che descrive il processo di Autorizzazione, al passaggio 88-89, il BO comunica all'ET col servizio /notify l'indizione della CDSS.
Ma la notifica all'ET non era già stata fatta al passaggio 5-6?";"I due momenti indicati nella richiesta fanno parte di due scenari differenti che non si susseguono.
I passaggi 5 e 6 avvengono prima dell'avvio delle istruttorie degli ET, poichè il BO ha riscontrato delle criticità durante le sue analisi formali e quindi convoca prontamente la CdSS. 
Al contrario, i passaggi 88 e 89 avvengono a seguito delle istruttorie degli ET, Il BO ha raccolto tutti pareri, riscontrato delle discordanze nei loro esiti e necessita, quindi, di convocare la CdSS per identificare una conclusione comune.";n.a.
21;fb6600b7830747f795c8c8cc0d54c40a;"Sia nel caso di Autorizzazione che di SCIA, occorre sapere l'endpoint del BO da contattare.
Per ottenerlo è corretta la seguente procedura?
1) chiedo al catalogo l'ID del suap tramite il servizio /suap/{municipality}, passando il comune;
2) poi chiedo al catalogo l'endpoint tramite il servizio /suap/{suap_id}/{suap_version}/backoffice-system, con i dati ""ID, versione"" ottenuti al punto 1.
Come va fornito il comune al punto 1? Per nome esteso (es: XXX) o codificato in qualche modo?";"La procedura indicata nella richiesta è corretta. 
La chiamata indicata al punto 1 è necessaria per ottenere i riferimenti di un singolo BO SUAP associato ad un comune. Il riferimento comunale che deve essere passato al punto 1 è il suo codice ISTAT a 6 cifre. Tale Codice ISTAT è identificato tramite l’attributo municipality presente nel relativo Instance Descriptor, recuperabile dal Catalogo SSU tramite il path catalogo-ssu_to_et/instance_descriptor/{cui_uuid}.
Si segnala che l’oggetto restituito in risposta al path /suap/{municipality} è soggetto ad un aggiornamento al fine di perfezionare la sua struttura, che verrà sostituita dall’attuale GenericEntity con una ComponentEntity. Tuttavia, id e version sono comunque già disponibili anche nel GenericEntity.

Qualora vi sia la necessità di ulteriori chiarimenti, la invitiamo a contattarci tramite il canale di messaggistica del ticket.
Le comunichiamo inoltre che, in assenza di ulteriori richieste, il presente ticket sarà chiuso automaticamente dal sistema entro 7 giorni lavorativi.";n.a.
22;3586a49924cc41449773792d95ea861b;"Nel sequence diagram della SCIA, al passo 1 il BO chiama il servizio /send_instance dell'ET.
Nella request manca il nome del file MDA allegato alla pratica. E' corretto?
Nell'oggetto instance_index c'è un resource_id, ma anche nell'oggetto general_index c'è un resource_id in ogni allegato. Nel sequence diagram si dice di usare quello in istance_index. Il resource_id quindi è unico per tutta la pratica o ci sono più resource_id: uno generale e uno diverso per ciascun documento allegato?";"La send_instance prevede l'inoltro dell'oggetto ""SendInstanceRequest"" composto da:
 - cui
 - instance_descriptor_version
 - instance_index
 - general_index
Gli ultimi due oggetti, instance_index e general_index, contengono i documenti relativi alla pratica, identificati univocamente tra loro mediante l'utilizzo della chiave resource_id. Tale chiave di riferimento è univoca, per erogatore e CUI.UUID, pertanto non è possibile ritrovare due resource_id uguali in nessun caso.

Qualora vi sia la necessità di ulteriori chiarimenti, la invitiamo a contattarci tramite il canale di messaggistica del ticket.
Le comunichiamo inoltre che, in assenza di ulteriori richieste, il presente ticket sarà chiuso automaticamente dal sistema entro 7 giorni lavorativi.";"Richiedente
A questo punto ho difficoltà a capire la differenza tra questi due oggetti:
1) InstanceIndex è dichiarato come ""indice istanza"" ed è un array;
2) GeneralIndex è dichiarato come ""indice allegati trasversali"" ed è un array.
Entrambi hanno i resource_id per ciascuna risorsa in essi contenuta.
L'erogatore, cioè FO, BO o ET, insieme al cui_uuid sono la coppia che rende univoca l'istanza, e all'interno dell'istanza ogni resource_id rende univoco ogni risorsa. In totale quindi la tripletta non potrà mai essere ripetuta. Corretto?
Ma allora perchè non avere un unico oggetto Index che contenga tutti gli allegati (SUAP.XML, MDA.XML, ricevuta.XML, PDF e quant'altro) ?

Operatore
IntanceIndex e GeneralIndex contengono una lista di documenti associati ad una istanza che sono identificati univocamente da un proprio resource_id.
Il GeneralIndex è stato introdotto durante le fasi di aggiornamento delle Specifiche Tecniche, quando il Gruppo Tecnico ha riscontrato la necessità di colmare un delta informativo, che talvolta non è immediatamente nelle disponibilità del SUAP. Tali dati, correttamente non presenti nell'Instance Descriptor anche per ragioni di privacy, sono stati definiti in questo nuovo indice di allegati trasversali.
Volendo fare un confronto tra il GeneralIndex e l'InstanceIndex, è possibile affermare che il GeneralIndex prescinde dalle fattispecie di procedimento, per tale motivo riporta una lista specifica di tipologie di documento che non vengono invece gestite nell'InstanceIndex."
23;d9bb0e2eb98241c5934bcbfbe6765bcb;"Nel sequence diagram della SCIA, il servizio /instance_descriptor/{cui_uuid} esposto dal Catalogo serve per ritornare all'ET il ""descrittore"".
il descrittore però NON torna i resource_id.
Quindi serve solo a recuperare dall'oggetto usecase_proceedings.instance.activity_model il filename dell'XML MDA, ipotizzando che la dicitura ""filename del modello distinta attivita"" nello yaml indichi l'MDA ?";"La chiamata ""/instance_descriptor/{cui_uuid}"" ritorna l'Instance Descriptor da cui, andando ad analizzare l'oggetto usecase_proceedings.instance.activity_model, sarà possibile recuperare il seguente set informativo legato al documento MDA di proprio interesse:
 - ref
 - filename
 - hash
 - alg_hash
 - mime_type
Per recuperare il resource_id, da utilizzare con la chiamata GET al BO ""/instance/{cui_uuid}/document/{resource_id}"", è necessario utilizzare l'Instance-index trasmesso dal BO tramite la chiamata ""/send_instance"", che riporterà una lista di oggetti con i seguenti attributi:
 - code: codice dello usecase_proceeding 
 - ref: il riferimento presente nell'Instance Descriptor da utilizzare per identificare l'MDA di proprio interesse
 - resource_id: l'id della risorsa da utilizzare per il recupero del documento dal BO
 - hash
 - alg_hash

Qualora vi sia la necessità di ulteriori chiarimenti, la invitiamo a contattarci tramite il canale di messaggistica del ticket.
Le comunichiamo inoltre che, in assenza di ulteriori richieste, il presente ticket sarà chiuso automaticamente dal sistema entro 7 giorni lavorativi.";n.a.
24;80793c97d2194574b447d3b7a95404d1;"Nel sequence diagram della SCIA, appena prima del passo 7, c'è un loop con la nota ""per ogni procedimento di interesse parte dell'istanza"".
Ma una istanza non è una pratica? Una pratica non è composta da un solo procedimento?
Se nella chiamata al servizio /instance/{cui_uuid}/document/{resource_id} del BO uso (come indicato nella nota) il resource_id di instance_index, che è unico, come posso discriminare per recuperare i vari documenti della pratica (SUAP, MDA, ricevuta) ?";"Una pratica è riconducibile ad una Istanza di un Procedimento SUAP. Tale Istanza, identificata dal CUI e rappresentata dal suo Instance Decriptor, sarà composta da uno o più Fattispecie (usecase_proceedings) che avviano uno o più procedimenti amministrativi sulla base dei dati inseriti nel modulo d'istanza presentato.
Per recuperare un documento associato ad una istanza è necessario:
 - recuperare il suo resource_id dall'instance-index (un array di oggetti contenenti vari resouce_id, univoci, per ogni singolo documento) 
 - invocare il servizio ""/instance/{cui_uuid}/document/{resource_id}"", indicando il resource_id specifico.

Qualora vi sia la necessità di ulteriori chiarimenti, la invitiamo a contattarci tramite il canale di messaggistica del ticket.
Le comunichiamo inoltre che, in assenza di ulteriori richieste, il presente ticket sarà chiuso automaticamente dal sistema entro 7 giorni lavorativi.";n.a.
25;53fad824831e4987b0e0b5f7246327da;"Nel sequence diagram della SCIA, nel servizio /request_integration esposto dal BO, occorre valorizzare l'oggetto AdministrationSchema che contiene ipacode, officecode e version.
Come possiamo trovare gli ultimi 2?

Oltre all'oggetto integration_list, è opzionale l'oggetto integration_document_list, in cui è possibile indicare il resource_id.
Questo è perché si può chiedere una integrazione su un documento esistente?
Però nell'attributo title del resource_id è scritto: id della risorsa ""documento di richiesta integrazioni"", univoco per erogatore e CUI.UUID.
Non mi è chiara questa frase: cos'è l'erogatore? Se il resource_id è univoco allora è possibile richiedere integrazioni solo sulla pratica nel suo complesso e non su un singolo allegato?";"L'oggetto AdministrationSchema rappresenta l'Amministrazione competente censita nel Catalogo SSU e riporta gli attributi:
 - ipacode
 - officecode
 - version.
Per recuperare tale oggetto è possibile invocare il servizio ""catalogo-ssu_meta/proceeding/{proceeding_id}/{proceeding_version}/{municipality}/competent-administration"" che ritornerà proprio l'oggetto ""AdministrationSchema"" .
 
Nel sequence diagram SCIA, al passo 11, un ET può effettuare una richiesta di integrazione mediante il servizio ""/request_integration"" e può associare dentro tale richiesta uno o più documenti di richiesta integrazioni, identificati da un loro resource_id univoco. A seguito di tale richiesta il BO può procedere col recupero di tale documento di richiesta integrazioni mediante il servizio ""/instance/{cui_uuid}/document/{resource_id}"", riportato al passo 13.

Si vuole precisare che la dicitura ""univoco per erogatore e CUI.UUID"" intende dire che il resource_id è assolutamente univoco indistintamente dall'erogatore (FO, BO, ET) o dal cui ad esso associato.

Qualora vi sia la necessità di ulteriori chiarimenti, la invitiamo a contattarci tramite il canale di messaggistica del ticket.
Le comunichiamo inoltre che, in assenza di ulteriori richieste, il presente ticket sarà chiuso automaticamente dal sistema entro 7 giorni lavorativi.";n.a.
26;093b7407ea6c41cc854b54f8853b53c7;Nel sequence diagram della SCIA, nel passo 13, in caso l'ET abbia richiesto integrazioni a più di un documento già presente, il BO dovrà invocare per ognuno il servizio /instance/{cui_uuid}/document/{resource_id} di ET?;"Il servizio invocato dal BO al passo 13 è finalizzato al recupero dei documenti creati dall'ET a seguito di una sua richiesta di integrazione. L'integrazione richiesta dall'ET può riportare una o più motivazioni e uno o più documenti identificati dal resource_id, effettuando un'unica richiesta cumulativa. Pertanto, la chiamata al servizio ""/instance/{cui_uuid}/document/{resource_id}"" ritornerà il singolo documento associato al resource_id indicato nel path.

Qualora vi sia la necessità di ulteriori chiarimenti, la invitiamo a contattarci tramite il canale di messaggistica del ticket.
Le comunichiamo inoltre che, in assenza di ulteriori richieste, il presente ticket sarà chiuso automaticamente dal sistema entro 7 giorni lavorativi.";n.a.
27;389f2c6c586d4e538d066412e106ba42;Nel sequence diagram della SCIA, nel passo 15, nella chiamata al servizio /audit, come deve essere la nomenclatura di <ET> nel campo message ?;"La chiamata al passo 15 per l'audit riporta come identificativo dell'ET il suo id (caratterizzato dalla regex [0-9]{1,10}), recuperabile dall'oggetto ""GenericEntity"" restituito dal servizio ""catalogo-ssu_meta/proceedings-competent-administrations/{id_proceeding_list}"".

Qualora vi sia la necessità di ulteriori chiarimenti, la invitiamo a contattarci tramite il canale di messaggistica del ticket.
Le comunichiamo inoltre che, in assenza di ulteriori richieste, il presente ticket sarà chiuso automaticamente dal sistema entro 7 giorni lavorativi.";"Richiedente
Forse mi sono espresso male: ho visto che la codifica deve essere [0-9]{1,10}, ma volevo capire quale valore indicare. Deve essere una codifica dell'ET stabilita a livello nazionale o in altro modo? Chi lo stabilisce e dove recuperare l'elenco degli ET?

Operatore
La codifica dell'ET è definita dal suo ID che è gestito all'interno del Catalogo SSU ed è associato all'entità ""third-party-system"".
È possibile recuperare l'ET di proprio interesse a partire dall'elenco restituito dalla chiamata ""catalogo-ssu_meta/competent-administration/{competent_administration_ipacode}/{competent_administration_code}/{competent_administration_version}/third-party-system"".
Successivamente, sarà possibile utilizzare il suo ID come codifica dell'ET all'interno del messaggio di audit."
28;0f81e395d3a64447a708fc39f1945ac2;"Nel sequence diagram della SCIA, nel passo 17, il BO notifica all'ET il termine per fare richieste di integrazione ?
Chi valuta il tempo entro cui poter chiedere integrazioni?
Le tempistiche per le varie attività sono ritornate dal servizio /instance_descriptor/{cui_uuid} esposto dal Catalogo, nell'oggetto ""Times""? (Es: max_gg_int_req). Possiamo quindi far riferimento a quelle date per definire dei timer a beneficio degli operatori dell'ET?
La data ""start"" è la data di inserimento della pratica sul portale Impresa in un giorno? Contiene anche l'ora al secondo? (es: gg-mm-aaaa hh:mm:ss)
Se perviene al BO una richiesta di integrazione da parte di un ET oltre il termine, cosa succede?";"Nel passo 17 del sequence diagram della SCIA, il BO comunica all' ET che il termine per presentare eventuali richieste di integrazione è scaduto. Questo termine è stabilito in base al regime amministrativo che regola la specifica pratica in questione.
Se l'ET dovesse inviare una richiesta di integrazione dopo la scadenza di questo termine, tale richiesta non sarà presa in considerazione dal BO. In assenza di integrazioni richieste entro il termine stabilito, il BO procederà considerando il silenzio da parte dell'ET come un assenso implicito, permettendo così il proseguimento del processo amministrativo (silenzio-assenso).
Gli operatori dell'ET possono fare riferimento ai tempi indicati nell'oggetto ""Times"" fornito dal servizio ""/instance_descriptor/{cui_uuid}"" del Catalogo per gestire correttamente le scadenze. Ad esempio, il parametro ""max_gg_int_req"" dell'oggetto ""Times"" specifica il numero massimo di giorni che l'ET ha a disposizione per richiedere integrazioni a partire dalla data ""start"" (type DATE, pattern YYYY-MM-DD),  che corrisponde al momento in cui l'istanza è stata avviata. 

Qualora vi sia la necessità di ulteriori chiarimenti, la invitiamo a contattarci tramite il canale di messaggistica del ticket.
Le comunichiamo inoltre che, in assenza di ulteriori richieste, il presente ticket sarà chiuso automaticamente dal sistema entro 7 giorni lavorativi.";"Richiedente
Quindi non si tiene conto dell'ora ma solo del giorno.
Pertanto come dobbiamo considerare il seguente scenario?
Un'istanza è avviata in prossimità del termine di giornata, ad esempio alle 23.59, ma per problemi tecnici l'ET la riceve in ritardo e quindi tecnicamente il giorno dopo. In caso di sospensione/integrazione si perderebbe 1 giorno nel conteggio del numero di giorni massimo a disposizione dell'ET.
Stesso discorso nel caso opposto da ET verso BO.
In questi casi fa fede la data ""start"" comunicata dal Catalogo?

Operatore
La data di avvio del processo, indicata come ""start"", costituisce il punto di riferimento per il calcolo dei termini previsti per le procedure amministrative. Di conseguenza, qualora il Catalogo registri come data ""start"" il momento esatto in cui è stata inoltrata l'istanza (per esempio, alle 23:59 di un dato giorno X), tale data dovrebbe essere utilizzata per determinare i termini procedurali, a prescindere da eventuali ritardi tecnici che possano verificarsi in seguito."
29;c104b5f735404fb0bf1e08abb73692a5;"Nel sequence diagram della SCIA, nel passo 48, si dice di usare il resource_id in istance_index, ma se il documento da integrare era già esistente nella lista non dovremmo usare l'id specifico del documento?
Se invece il documento non era presente nella lista, oppure i documenti sono più di uno, come discriminare quale documento richiedere se si passa il resource_id generale presente in istance_index?";"Il servizio invocato al passo 48 del sequence diagram della SCIA, è finalizzato al recupero dei documenti di integrazione inviati dal presentatore. Ogni documento è identificato dal suo resource_id, riportato nell'instance_index trasmesso dal BO all'ET nell'oggetto SendInstanceRequest tramite il servizio ""send_instance"". 
E' importante chiarire che l'instance-index  è un array che contiene gli identificatori specifici di ciascun documento incluso nell'istanza. Pertanto, il resource_id a cui si fa riferimento è effettivamente specifico per ogni documento.

Qualora vi sia la necessità di ulteriori chiarimenti, la invitiamo a contattarci tramite il canale di messaggistica del ticket.
Le comunichiamo inoltre che, in assenza di ulteriori richieste, il presente ticket sarà chiuso automaticamente dal sistema entro 7 giorni lavorativi.";n.a.
30;e2a42b04e23243b9bb94809a7af8cf45;Nel sequence diagram della SCIA, nel passo 52, se non c'è stata richiesta di integrazione o è pervenuta entro i tempi, si manda al BO una conclusione con richiesta di sospensione. Perchè?;"Confermiamo la sua assunzione in merito alla segnalazione posta e confermiamo che è attualmente in corso la riformulazione dell'attributo ""suspension_requested"" per mantenere una corretta concordanza con l'oggetto (NegativeOutcomeRequired) a cui è associato.
Tali aggiornamenti sono soggetti ad un processo di approvazione e la loro pubblicazione sarà realizzata nei modi previsti dalla norma.

Qualora vi sia la necessità di ulteriori chiarimenti, la invitiamo a contattarci tramite il canale di messaggistica del ticket.
Le comunichiamo inoltre che, in assenza di ulteriori richieste, il presente ticket sarà chiuso automaticamente dal sistema entro 7 giorni lavorativi.";"Richiedente
Va bene per la riformulazione in corso, però non capisco una cosa: se non c'è stata richiesta di integrazione o l'integrazione è pervenuta entro i tempi, perchè si dovrebbe mandare come conclusione al BO un NegativeOutcomeRequired?
Non dovrebbe invece essere un PositiveOutcome?

Operatore
Nel caso in cui non ci sia stata una richiesta di integrazione, ma le istruttorie di un ET riscontrano delle difformità normative, che impediscono la prosecuzione del procedimento, lo stesso formalizzerà un esito negativo da inviare al BO.
Analogamente, tale scenario può avvenire nel caso in cui venga analizzata un'integrazione pervenuta entro i tempi. Completando le istruttorie con la nuova documentazione ricevuta è possibile che un ET riscontri la necessità di inviare un esito negativo a valle delle sue istruttorie.
Per quanto riguarda il PositiveOutcome, per il regime amministrativo SCIA, qualora un'istanza risulti essere conforme, non è richiesto l'invio di un esito da parte degli ET ma basta solo attendere la naturale scadenza dei termini procedimentali."
31;ed65a398db504d36871e074cab2a6169;"Nel sequence diagram della SCIA, nel passo 56, il BO chiede all'ET il documento di richiesta sospensione. Al netto del fatto che non si capisce perchè ci debba essere una sospensione (si veda ticket aperto in precedenza),
come fa il BO a sapere che resource_id usare per avere il documento specifico della sospensione?";"
Nel passo 56 del sequence diagram della SCIA, il BO richiede all'ET il documento relativo alla richiesta di sospensione. Questa azione segue il passo 52, dove l'ET ha precedentemente inviato le sue conclusioni tramite la chiamata send_conclusions (NegativeOutcomeRequired). L'oggetto ""NegativeOutcomeRequired""  riporta il suo resource_id specifico per il recupero del documento generato per l'invio del parere. Il BO potrà recuperare tale documento, utilizzando il resource_id trasmesso dall'ET, utilizzando il servizio ""/instance/{cui_uuid}/document/{resource_id}"".

Qualora vi sia la necessità di ulteriori chiarimenti, la invitiamo a contattarci tramite il canale di messaggistica del ticket.
Le comunichiamo inoltre che, in assenza di ulteriori richieste, il presente ticket sarà chiuso automaticamente dal sistema entro 7 giorni lavorativi.";n.a.
32;98afadefcbbb430eacb987f7182b31ce;Nel sequence diagram della SCIA, i passi 58, 60, 62 scattano a seguito di quale condizione?;"Nello scenario indicato  un ET, a seguito delle sue istruttorie, invia i suoi pareri al BO.  In particolare i passi 58, 60 e 62 ricadono nello scenario specifico dove un ET ha riscontrato una difformità normativa conformabile, pertanto non è intenzionato ad inviare un parere negativo (passo 52) ma invia al BO una richiesta di conformazione (passo 58), invia al Catalogo un audit per segnalare l'evento (passo 60) e il BO può recuperare il documento di richiesta di conformazione (passo 62).

Qualora vi sia la necessità di ulteriori chiarimenti, la invitiamo a contattarci tramite il canale di messaggistica del ticket.
Le comunichiamo inoltre che, in assenza di ulteriori richieste, il presente ticket sarà chiuso automaticamente dal sistema entro 7 giorni lavorativi.";n.a.
33;935ad822726a4b4e94a685abda4ba4b4;"Nel sequence diagram della SCIA, non c'è l'evento di fine end_by_positive_outcome oppure end_by_negative_outcome.
Perchè?";"Nel regime SCIA i pareri espliciti trasmessi da un ET possono essere: 
 - parere negativo
 - richiesta di conformazione
Nel regime SCIA, dall’istante successivo all’invio della pratica, si è autorizzati a iniziare l’attività senza dover aspettare assensi o autorizzazioni da parte degli uffici pubblici.
Nel caso in cui l'istanza risulti essere conforme, è prevista l'archiviazione della pratica senza ulteriori comunicazioni e il presentatore recepisce un esito positivo implicito al termine dei tempi previsti dalla norma. Per il suddetto motivo, non è contemplato l'evento ""end_by_positive_outcome"" nel regime amministrativo SCIA bensì ""end_by_proceeding_time_expired"". 
Contrariamente, nel caso in cui si riscontrino dei pareri negativi che impediscono la prosecuzione dell'attività, è prevista la comunicazione di un provvedimento di divieto di prosecuzione dei lavori già avviati, trasmesso tramite l'evento ""end_by_suspension_requested"".

Qualora vi sia la necessità di ulteriori chiarimenti, la invitiamo a contattarci tramite il canale di messaggistica del ticket.
Le comunichiamo inoltre che, in assenza di ulteriori richieste, il presente ticket sarà chiuso automaticamente dal sistema entro 7 giorni lavorativi.";n.a.
34;0f0bb8b789004f528af7123c2188a43a;"Nel sequence diagram della SCIA, se è stata richiesta una sospensione dall'ET, come procede poi l'iter della pratica?
Se invece è stata richiesta una conformazione dall'ET, come procede l'iter della pratica?

Nella pratica, in cosa differiscono i 3 eventi di sospensione, conformazione, integrazione?";"Nel sequence-diagram SCIA, a seguito di un parere negativo espresso dall'ET, trasmesso tramite il ""NegativeOutcomeRequired"" al passo 52, il BO potrà, opzionalmente, recuperare il documento trasmesso dall'ET (passo 56) e, ricadendo nella condizione ""concluso tempo istanza o tutti gli enti terzi hanno inoltrato conclusione, almeno una richiesta di sospensione"" (posta tra i passi 69 e 70), il BO procederà con l'invio delle conclusioni del procedimento tramite la chiamata al servizio ""/notify"" esposta dal FO, trasmettendo l'evento ""end_by_suspension_requested"". A seguito di tale invio, il BO notificherà il medesimo evento ad ogni ET interessato e si conclude il sequence-diagram con un evento di audit al Catalogo.

A seguito di una richiesta di conformazione inoltrata dell'ET (passo 58), il flusso di chiamate segue nel blocco ""concluso tempo istanza o tutti gli enti terzi hanno inoltrato conclusione, nessuna richiesta sospesione,almeno una richiesta conformazione"" dove, al passo il 77, il BO trasmette le conclusioni al FO e notificherà l'evento di conformazione agli ET interessati. Si evidenzia che è attualmente in corso l'aggiornamento del sequence-diagram SCIA per permettere al richiedente di comunicare l'avvenuta conformazione.
Tali aggiornamenti sono soggetti ad un processo di approvazione e la loro pubblicazione sarà realizzata nei modi previsti dalla norma.

Per chiarire il dubbio posto per i 3 eventi, riportiamo le seguenti descrizioni:
 - sospensione: la sospensione è una delle quattro conclusioni che un BO può comunicare al FO. A seguto della ricezione di motivi ostativi trasmessio da uno o più ET, in base alla normativa vigente, il BO trasmette una sospensione qualora ritenesse opportuno procedere con un divieto di prosecuzione.
 - conformazione: un Ente Terzo durante le istruttorie di propria competenza ha identificato degli aspetti non corretti ma conformabili e invia tale esito al BO indicando le sue segnalazioni di conformazione volte a sollecitare il presentatore a normalizzare ogni aspetto procedimentale;
 - integrazione: un ET coinvolto nelle istruttorie può identificare che determinate informazioni o documenti sono mancanti ma risultano essere necessari per procedere con l'istruttoria. Una richiesta di integrazione è volta a colmare tale mancanza e garantire quindi una corretta prosecuzione delle istruttorie.

Qualora vi sia la necessità di ulteriori chiarimenti, la invitiamo a contattarci tramite il canale di messaggistica del ticket.
Le comunichiamo inoltre che, in assenza di ulteriori richieste, il presente ticket sarà chiuso automaticamente dal sistema entro 7 giorni lavorativi.";n.a.
35;99cfe24694624b22b8b74c89b945ea07;"Nel file Yaml dei servizi esposti dal Catalogo per l'ET, nell'oggetto ""InstanceDescriptor"" c'è l'elemento non obbligatorio ""administrative_regime"" che contiene la tipologia di pratica (SCIA, AUTORIZZAZIONE, SILENZIO-ASSENSO, COMUNICAZIONE).
Perchè l'elemento non è obbligatorio, visto che contiene una informazione di base della pratica?
I seguence diagram che avete pubblicato riguardano solo le prime due tipologie di pratiche. Che iter dobbiamo seguire per le altre due?";"L'Instance Descriptor prevede come campi obbligatori solamente version, municipality e usecase_proceedings. Secondo quanto indicato dal ""modello-concettuale-catalogo-SSU.png"" (presente nella cartella ""image""), un procedimento ha cardinalità (0, n) con l'oggetto regime amministrativo. Nel rispetto di tale modello dati del Catalogo, l'attibuto ""administrative_regime"" non è stato segnato tra quelli ""required"" nella definizione dell'Instance Descriptor.

Alla base delle definizione e della stesura delle Specifiche Tecniche vi è stata un'analisi dettagliata sui procedimenti SUAP e nello specifico sui regimi amministrativi adottati dagli stessi. Sono state intraprese delle azioni di semplificazione, condivise con il Tavolo per la semlificazione amministrativa, volte a ottimizzare significativamente il percorso amministrativo per le imprese. Volendo ricondurre un regime amministrativo ad un sequence-diagram, è possibile tenere presente la seguente mappatura:
 - SCIA -> SCIA-001.mermaid
 - AUTORIZZAZIONE -> DomandaAutorizzazione-001.mermaid
 - SILENZIO-ASSENSO -> SCIA-001.mermaid
 - COMUNICAZIONE -> SCIA-001.mermaid

Qualora vi sia la necessità di ulteriori chiarimenti, la invitiamo a contattarci tramite il canale di messaggistica del ticket.
Le comunichiamo inoltre che, in assenza di ulteriori richieste, il presente ticket sarà chiuso automaticamente dal sistema entro 7 giorni lavorativi.";n.a.
36;12945343dd934fa5a5de0b306a1ef94a;"Nel file Yaml dei servizi esposti dal Catalogo per l'ET, nell'oggetto ""InstanceDescriptor"" c'è l'elemento ""instance_status"" che contiene lo stato dell'istanza (started, presented, ecc.)
Perchè è un array e non un oggetto singolo?

Non tutti gli stati dell'istanza sono esplicitati nei due seguence diagram di Autorizzazione e SCIA. E' possibile avere uno schema/tabella della macchina a stati che li mostri tutti, esplicitando per ogni passaggio di stato le condizioni che lo determinano?";"L'""instance_status"" presente nell'Instance Descriptor è stato definito come un array di stati e timestamp, e non come un singolo record, con lo scopo di tenere traccia nello stesso tutte le lavorazioni svolte sull'istanza.  

In merito alla richiesta della macchina a stati per i regimi Autorizzazione e SCIA, si vuole far presente che al momento non è previsto tale oggetto  nelle Specifiche Tecniche o nel repository GitHub. Tuttavia, tutte le informazioni utili per ricreare tale oggetto sono disponibili negli artefatti già resi pubblici.

Qualora vi sia la necessità di ulteriori chiarimenti, la invitiamo a contattarci tramite il canale di messaggistica del ticket.
Le comunichiamo inoltre che, in assenza di ulteriori richieste, il presente ticket sarà chiuso automaticamente dal sistema entro 7 giorni lavorativi.";"Richiedente
Chiedo scusa ma non ho trovato in nessun documento una descrizione degli scenari che fanno scattare i seguenti stati per l'istanza:
started
presented
correction_requested
corrected
refused
integrated

Operatore
Come indicato nel messaggio precedente, non è presente uno state-diagram nelle Specifiche Tecniche o nel repository GitHub. Al fine di comprendere gli scenari e gli eventi che fanno scattagli gli stati indicati nella richiesta, la invitiamo a consultare:
- la proprietà ""instance_status.state"" dell'Instance Descriptor per visualizzare tutti gli stati disponibili
- gli eventi gestiti nei messaggi di ""audit"" dei sequence-diagram"
37;6bcfa538d0bf4970ab03ac31f98e8faf;"Se l'ET vuole sapere in qualunque momento lo stato attuale di una istanza-pratica, deve richiamare il servizio ""/instance_descriptor/{cui_uuid}"" esposto dal Catalogo, dato che nell'oggetto ritornato ""InstanceDescriptor"" c'è l'elemento ""instance_status"" che contiene lo stato dell'istanza (started, presented, ecc.)
Non c'è altro modo, visto che il BO espone solo gli eventi (end_by_proceeding_time_expired, end_by_integration_times_expired, ecc.) e NON gli stati.
E' corretto?";"Confermiamo la sua assunzione in merito alla segnalazione posta. Ogni componente, per recuperare l'Instance Descriptor e i metadati ad esso associati, deve chiamare solo il Catalogo. Invocando il servizio ""/instance_descriptor/{cui_uuid}"", l'ET è in grado di recuperare l'Instance Descriptor alla sua ultima versione e verificare la lista degli stati gestisti nell'""instance_status"".

Qualora vi sia la necessità di ulteriori chiarimenti, la invitiamo a contattarci tramite il canale di messaggistica del ticket.
Le comunichiamo inoltre che, in assenza di ulteriori richieste, il presente ticket sarà chiuso automaticamente dal sistema entro 7 giorni lavorativi.";n.a.
38;70a621766c0e49f8b47353194d5ad524;"Nel sequence diagram della SCIA e anche nello Yaml dei servizi esposti dal BO, come conclusione possibile che l'ET comunica al BO tramite il servizio /send_conclusions, manca la tipologia ""negative_outcome"".
Perchè?";"Confermiamo la sua assunzione in merito alla segnalazione posta e confermiamo che è attualmente in corso la riformulazione dell'attributo ""suspension_requested"" per mantenere una corretta concordanza con l'oggetto (NegativeOutcomeRequired) a cui è associato.
Tali aggiornamenti sono soggetti ad un processo di approvazione e la loro pubblicazione sarà realizzata nei modi previsti dalla norma.

Qualora vi sia la necessità di ulteriori chiarimenti, la invitiamo a contattarci tramite il canale di messaggistica del ticket.
Le comunichiamo inoltre che, in assenza di ulteriori richieste, il presente ticket sarà chiuso automaticamente dal sistema entro 7 giorni lavorativi.";n.a.
39;cc12c35768544d8da6cd1a96bf82ced5;"Vorrei alcuni chiarimenti sui significato dei parametri relativi ai giorni ritornati nell'oggetto ""times"" dal servizio ""/instance_descriptor/{cui_uuid}"" esposto dal Catalogo verso gli ET.

max_gg_proc:
indica il numero di giorni limite a partire da start entro cui l'istanza deve concludersi. Questo limite non è forse definito a monte dell'istruttoria, a partire dalla data di ""start""? Quindi il fatto che venga comunicato all'ET serve solo a informarlo del termine entro cui sicuramente l'istanza dovrà essere terminata rispetto a tutte le eventuali richieste da parte degli ET interessati a quell'istanza?
Infatti il termine di interesse per l'ET dovrebbe essere ""max_gg_concl_send"", o sbaglio?

max_gg_correction:
indica il numero di giorni limite a partire da start per la correzione a valle di un controllo formale. Chi è il soggetto che dovrebbe fare il controllo formale?

max_gg_admissibility:
indica il numero di giorni limite a partire da start per la verifica di ammissibilità. Questa verifica non viene svolta dal SUAP? In tal caso qual è il senso di comunicare questo limite all'ET?

max_gg_int_resp:
indica il numero di giorni limite a partire da start per integrazione del soggetto presentatore. Il ""soggetto presentatore"" è la persona che presenta l'istanza della pratica sul portale ""Impresa in un giorno"", corretto? Dunque perchè va comunicato questo limite all'ET, il quale scambia informazioni solo con il BO SUAP e non ha relazioni con il soggetto presentatore?

Infine, perchè l'oggetto ""times"" non è obbligatorio, visto che contiene i vincoli temporali cui l'ET deve attenersi?";"Di seguito riportiamo i chiarimenti in merito agli attributi ""times"" indicati nella richiesta.

max_gg_proc:
il presente attributo specifica la durata massima complessiva di tutto il procedimento SUAP avviato, espresso in giorni a partire dalla data di ""start"". Tali informazioni di scadenze procedimentali sono a disposizione nell'Instance Descriptor e solo ad avvenuta scadenza, determinati eventi, vengono notificati dal BO all'ET per gestire la corretta gestione e conclusione di un procedimento:
 - end_by_proceeding_time_expired
 - end_by_suspension_requested
 - end_by_conformation_requested
 - end_by_integration_times_expired
 - integration_request_time_expired
Sarà quindi interesse dell'ET essere a conoscenza dei termini massimi per la lavorazione del procedimento (max_gg_proc), per l'invio degli esiti (max_gg_concl_send), per la richiesta di integrazione (max_gg_int_req), per la richiesta di cdss (max_gg_cdss_req) e la sua data di convocazione (date_cdss).

max_gg_correction:
il presente attributo è di interesse del BO che è il soggetto incaricato ad effettuare i controlli formali.

max_gg_admissibility:
il presente attributo imposta il tempo massimo concesso al BO per effettuare le sue verifiche di procedibilità.

max_gg_int_resp:
il ""soggetto presentatore"" è il soggetto che presenta le istanze necessarie ad avviare i procedimenti amministrativi, corretto. 
Tale attributo è di interesse dell'ET quanto del BO, considerato il fatto che è l'ET che effettua tale richiesta al BO, per passarla al FO e quindi al presentatore. Una volta che è stata avviata tale richiesta, un ET rimarrà in attesa di un'integrazione e il BO avrà il compito di segnalare la sua scadenza sia al FO che agli ET interessati, svolgendo così il suo ruolo di coordinatore di un procedimento SUAP.

L'oggetto ""times"" non è impostato come obbligatorio perchè il BO imposta i tempi procedimentali in un secondo momento, solo a partire dalla data della ricevuta trasmessa al presentatore. Tale aggiornamento dell'oggetto ""times"" avverrà solo a seguito della chiamata ""/notify_receipt"" effettuata dal FO al BO per segnalare l'invio di tale ricevuta. 

Qualora vi sia la necessità di ulteriori chiarimenti, la invitiamo a contattarci tramite il canale di messaggistica del ticket.
Le comunichiamo inoltre che, in assenza di ulteriori richieste, il presente ticket sarà chiuso automaticamente dal sistema entro 7 giorni lavorativi.



";n.a.
40;fcaca776be834ca4bd63a1e24dbf84e1;"Buon pomeriggio, sottoponiamo alla vostra cortese attenzione, una richiesta pervenuta dal fornitore di piattaforma SUAP XXX.
Restiamo in attesa di un vostro feedback in modo da veicolare la risposta. Grazie mille

""Buongiorno, volevo sottoporle una problematica emersa in questi giorni in relazione ai rapporti dei SUAP con lo SPORTELLO ZES UNICA - https://strutturazes.gov.it/it/sportello-unico/sud-zes/
In questo caso i SUAP diventano enti terzi per lo sportello ZES, quindi rilasciano parere sulle pratiche ricedenti nel territorio comunale pervenute allo sportello ZES.
Al momento non esiste nessun e-service in catalogo per poter interoperare con tale sportello.
Avete evidenza della problematica o indicazioni in merito?
Grazie""";"La ringraziamo per la segnalazione in merito allo sportello ZES e confermiamo che tale tematica è stata già sottoposta al Gruppo Tecnico che provvederà ad avviare una prima analisi delle attività da svolgere in merito alla gestione di tale flusso.

Qualora vi sia la necessità di ulteriori chiarimenti, la invitiamo a contattarci tramite il canale di messaggistica del ticket.
Le comunichiamo inoltre che, in assenza di ulteriori richieste, il presente ticket sarà chiuso automaticamente dal sistema entro 7 giorni lavorativi.";In attesa del GT--> ticket chiuso dall'utente richiedente in data 15/01/2025
41;2da0462941b646bea1c416af00e75433;"Se l'ET, dopo il ricevimento di una pratica, ha necessità di rifiutarla poichè la valuta irricevibile per via dei controlli formali svolti internamente, con che modalità occorre comunicare l'evento al BO SUAP e con quali parametri?
Il conseguente provvedimento di irricevibilità risulta come prodotto dall'ET o dal BO SUAP?";"Un ET, se riscontra delle anomalie o difformità tali da rifiutare la pratica ricevuta, può comunicare al BO un suo esito negativo come risultato delle sue istruttorie.
Inoltre, si precisa che i controlli formali condotti su una pratica SUAP sono compito di un BO e, solo dopo che un'istanza viene ritenuta procedibile, questa può essere inviata agli ET.

Qualora vi sia la necessità di ulteriori chiarimenti, la invitiamo a contattarci tramite il canale di messaggistica del ticket.
Le comunichiamo inoltre che, in assenza di ulteriori richieste, il presente ticket sarà chiuso automaticamente dal sistema entro 7 giorni lavorativi.";n.a.
42;"3b97385d5e48449298f9650f6d0287d4
 ";Quando l'ET fa una richiesta di conformazione, il BO risponderà con un aggiornamento del file MDA o sarò un nuovo MDA?;"Le comunichiamo che è attulamente in corso l'aggiornamento del sequence diagram dello SCIA per apporre delle modifiche circa il processo della richiesta di conformazione.
Tali aggiornamenti sono soggetti ad un processo di approvazione e la loro pubblicazione sarà realizzati nei modi previsti dalla norma.

Qualora vi sia la necessità di ulteriori chiarimenti, la invitiamo a contattarci tramite il canale di messaggistica del ticket.
Le comunichiamo inoltre che, in assenza di ulteriori richieste, il presente ticket sarà chiuso automaticamente dal sistema entro 7 giorni lavorativi.";n.a.
43;1b0c3274c6ba48899a50fc2290b9306c;"Attualmente in caso l'ET richieda un conformazione, di norma viene effettuata una sospensione in attesa dell'arrivo dell'aggiornamento, di solito di 10 giorni. Di conseguenza viene traslato in avanti di 10 giorni il termine per l'approvazione della pratica.
Con il nuovo sistema sarà possibile implementare lo stesso scenario?
Oppure se per il BO SUAP siamo oltre il termine stabilito inizialmente, ci notificherà che la pratica è comunque accettata (o rifiutata se c'è un diniego entro i termini da parte di un altro ET)?";"Le comunichiamo che è attulamente in corso l'aggiornamento del sequence diagram dello SCIA per apporre delle modifiche circa il processo della richiesta di conformazione.
Tali aggiornamenti sono soggetti ad un processo di approvazione e la loro pubblicazione sarà realizzati nei modi previsti dalla norma.

Qualora vi sia la necessità di ulteriori chiarimenti, la invitiamo a contattarci tramite il canale di messaggistica del ticket.
Le comunichiamo inoltre che, in assenza di ulteriori richieste, il presente ticket sarà chiuso automaticamente dal sistema entro 7 giorni lavorativi.";n.a.
44;b6e12646eb9a49acb6bf4a42df69e540;"Buongiorno.
Avremmo necessità di sapere se esiste un repository aggiornato con tutte le modulistiche in formato xsd del SUAP. Nel caso anche degli schematron.
Al momento il nostro perimetro è quello dell'Ente Terzo XXX ed XXX. E l'obiettivo e quello di avere sotto mano tutte i moduli del SUAP disponibili.
Per ora stiamo consultando il repository già comunicato tempo fa: https://github.com/AgID/specifiche-tecniche-DPR-160-2010
che però risulta aggiornato a 5 anni fa. Sia nel trunk, che nei vari branches.
Sappiamo per certo che nella conferenza delle regioni del 4 aprile sono stati approvati una serie di moduli:
1. Modulo SCIA Agenzie di viaggio
2. Modulo SCIA Strutture ricettive extra alberghiere
3. Modulo Variazioni in comunicazione per agenzie di viaggio
4. Modulo Variazioni in comunicazione per strutture ricettive
1. Modulo SCIA Strutture ricettive all'aria aperta
2. Modulo SCIA Strutture ricettive alberghiere
3. Modulo Scheda anagrafica
4. Modulo di Comunicazione variazioni
5. Modulo di Notifica sanitaria
Ma nel repository non c'è traccia. Quindi vi chiediamo come poter consultare tutte le modulistiche in modo smart. Nel caso anche uno zip completo ed aggiornato andrebbe bene. Anche se sappiamo bene che poi potrebbe essere soggetto ad aggiornamento.
Sempre sul tema 'moduli' vorremmo sapere se è stata aggiornata la modulistica (anche xsd) dell'AUA, rispetto a quella proposta qualche anno fa dalla Regione XXX.
Inoltre anche se sono presenti nel catalogo gli XSD delle seguenti modulistiche. E se non ci sono se le state prevedendo, o saranno da definire/proporre dei vari Enti:
- AUFER (autorizzazione unica energie rinnovabili)
- SCIA seguente ad AUA O ALTRE AUTORIZZAZIONI
- SCIA stazione radiobase
- Autorizzazioni emissioni in atmosfera ex art. 272 comma 2 dlgs 152/06
- SCIA bar (parte rumore)
In allegato inserisco quando ricevuto da XXX, che non ritroviamo nel link github prima menzionato.";"Il link riportato nella richiesta (https://github.com/AgID/specifiche-tecniche-DPR-160-2010) risulta essere il repository GitHub dove è possibile consultare gli artefatti tecnici (BPMN, immagini, json-schema, openApi e sequence diagram) delle Specifiche Tecniche, utilizzato tuttora come area di lavoro del Gruppo Tecnico per le fasi di aggiornamento delle stesse.
Considerata la natura del suddetto repository e della richiesta stessa, la invitiamo a richiedere supporto ad Infocamere, tramite i suoi canali di assistenza, poichè, in qualità di gestore, provvederà a caricare tali moduli sul Catalogo SSU.

Qualora vi sia la necessità di ulteriori chiarimenti, la invitiamo a contattarci tramite il canale di messaggistica del ticket.
Le comunichiamo inoltre che, in assenza di ulteriori richieste, il presente ticket sarà chiuso automaticamente dal sistema entro 7 giorni lavorativi.";n.a.
45;6f6c5183e87548fb974dd9cb0146eca7;Se l'ET vuole richiedere nell'integrazione un documento non presente inizialmente nell'elenco dei documenti presentati, che modalità si deve usare per indicarlo al BO?;"Un ET può effettuare una richiesta di integrazione al BO riportando una o più motivazioni, identificate da un proprio resource_id, per segnalare quali documenti mancanti devono essere integrati. Tali motivazioni possono essere inviate effettuando un'unica richiesta cumulativa.

Qualora vi sia la necessità di ulteriori chiarimenti, la invitiamo a contattarci tramite il canale di messaggistica del ticket.
Le comunichiamo inoltre che, in assenza di ulteriori richieste, il presente ticket sarà chiuso automaticamente dal sistema entro 7 giorni lavorativi.";"Richiedente
Quindi l'ET dovrà generare un resouce_id per ogni documento mancante e inserirli nell'oggetto integration_document_list nella chiamata al servizio /request_integration esposto dal BO?
Dovrà solo aver cura di indicare un valore differente dagli altri resouce_id collegati allo stesso CUI.UUID, per preservare l'univocità.
E' corretto?

Operatore
L'oggetto ""integration_document_list"" è un array di documenti di integrazione rilasciati da un ET.
Il ""resource_id"", come gli altri attributi ""requester_administration"", ""hash"" e ""alg_hash"", riportati all'interno di ogni record dell'array, forniscono le informazioni associate al documento di integrazione rilasciato dall'ET e non sui documenti per cui sta richiedendo effettuando tale richiesta.
Un ET deve fornire l'elenco delle integrazioni richieste utilizzando l'attributo ""integration_request"" (dichiarato come ""required"" nell'oggetto ""integration_list""), che risulta essere l'attributo creato per questo scopo, come indicato dalla sua descrizione nell'openAPI."
46;418edaf04895414dad127de2fb0c4892;"I processi di conformazione e integrazione sono sostanzialmente differenti, in quanto avete indicato che:
- per la conformazione: un Ente Terzo durante le istruttorie di propria competenza ha identificato degli aspetti non corretti ma conformabili e invia tale esito al BO indicando le sue segnalazioni di conformazione volte a sollecitare il presentatore a normalizzare ogni aspetto procedimentale.

Pertanto il processo si realizza con una chiamata di /send_conclusions da ET al BO con ConformationRequired e conclusions_type = conformation_requested.

- per l'integrazione: un ET coinvolto nelle istruttorie può identificare che determinate informazioni o documenti sono mancanti ma risultano essere necessari per procedere con l'istruttoria. Una richiesta di integrazione è volta a colmare tale mancanza e garantire quindi una corretta prosecuzione delle istruttorie.

Pertanto il processo si realizza con una chiamata di /request_integration da ET al BO.
Il tempo massimo consentito all'ET per fare richiesta di integrazione è: max_gg_int_req,
mentre il tempo massimo consentito al ""soggetto presentatore"" è: max_gg_int_resp.

Se tutto quanto scritto sopra è corretto, allora mancano due valori, analoghi al caso dell'integrazione, per indicare il numero massimo di giorni entro cui l'ET può trasmettere la conformazione ed entro cui il ""soggetto presentatore"" può conformare.
Anche questo aspetto fa parte delle modifiche in corso di lavorazione?";"Confermiamo le descrizioni riportate circa Integrazione e Conformazione.
Per quanto riguarda la richiesta di conformazione, un ET può indicare la data di scadenza concessa al presentatore utilizzando l'attributo ""date"" presente nell'oggetto ""ConformationRequired"". Diversamente,  il numero di giorni, a partire dallo start, entro cui un ET può richiedere una conformazione è definito nell'attributo ""max_gg_concl_send"", gestito nell'oggetto ""Times"" dell'Instance Descriptor, poichè tale richiesta risulta essere un esito degli ET elaborato a seguito delle loro istruttorie.
Invece, per quanto riguarda la richiesta di integrazione, il termine ultimo per inoltrare tale richiesta è espresso in numero di giorni ed è gestito all'interno dell'Instance Descriptor tramite l'attributo ""max_gg_int_resp"", definita nell'oggetto ""Times"".
 
Si segnala che sono attualmente in corso degli aggiornamenti in merito alla gestione delle conclusioni, tuttavia tali indicazioni risultano essere già disponibili nel branch ""approved01"".
 
Qualora vi sia la necessità di ulteriori chiarimenti, la invitiamo a contattarci tramite il canale di messaggistica del ticket.
Le comunichiamo inoltre che, in assenza di ulteriori richieste, il presente ticket sarà chiuso automaticamente dal sistema entro 7 giorni lavorativi.
 
 ";n.a.
47;e7ae640ccfad467b88d359d297e90c07;Se a valle di una istruttoria per una SCIA l'ET volesse fornire all'utente il codice autorizzazione che ha generato, attraverso una ricevuta (ad esempio un file PDF), poiché non possiamo inviare un esito positivo al BO, come lo potremmo comunicare?;"Come indicato nelle Specifiche Tecniche, nel paragrafo 6.1.1, per il regime amministrativo SCIA, un ET può adottare un motivato provvedimento di divieto di prosecuzione dell'attività, inviando quindi un parere negativo, o può invitare il soggetto presentatore a conformare l'attività entro un certo termine, con atto motivato, inviando qui una richiesta di conformazione.
Nel caso in cui un ET non riscontri difformità normative e, quindi, le sue istruttorie terminano con un esito positivo, le Specifiche Tecniche e i relativi workflow e sequence-diagram associati allo SCIA  non prevedono ulteriori azioni in carico all'ET e la pratica dovrà terminare con la conclusione dei tempi procedimentali (status: ended_by_proceeding_time_expired).

Qualora vi sia la necessità di ulteriori chiarimenti, la invitiamo a contattarci tramite il canale di messaggistica del ticket.
Le comunichiamo inoltre che, in assenza di ulteriori richieste, il presente ticket sarà chiuso automaticamente dal sistema entro 7 giorni lavorativi.";n.a.
48;3ad374525e4e4947a77d20f051747ad9;"	
In caso l'operatore riscontri in fase di istruttoria che la pratica vada rigettata, quindi senza richieste di integrazione/conformazione, è possibile mandare subito un esito negativo chiamando il servizio /send_conclusions esposto dal BO?";"Un ET, valle delle proprie istruttorie, nel caso in cui accerti la carenza dei requisiti e dei presupposti richiesti, deve adottare un motivato provvedimento di divieto di prosecuzione dell'attività e di rimozione degli eventuali effetti dannosi della stessa, comunicando tale esito al BO tramite il path ""/send_conclusions"" inviando l'oggetto ""NegativeOutcomeRequired"" che prevede i seguenti attributi:
 - cui (codice unico dell'istanza)
 - conclusions_type: suspension_requested (tipologia di conclusione definita tramite un enum)
 - instance_descriptor_version (versione dell'Instance Descriptor)
 - negative_outcome_motivation (motivato provvedimento di divieto di prosecuzione dell'attività)
 - resource_id (id della risorsa per recuperare il documento associato alla richiesta di sospensione)
 - hash (hash della risorsa)
 - alg_hash (algoritmo applicato per generare l'hash)

Qualora vi sia la necessità di ulteriori chiarimenti, la invitiamo a contattarci tramite il canale di messaggistica del ticket.
Le comunichiamo inoltre che, in assenza di ulteriori richieste, il presente ticket sarà chiuso automaticamente dal sistema entro 7 giorni lavorativi.

";n.a.
49;a30d3d982f1a4fe08f5928ae0c293a75;"Il nostro referente per l'ET ci ha espressamente detto che:
- la richiesta di conformare è utilizzata in caso di SCIA;
- la richiesta di integrazione è utilizzata per l'Autorizzazione e per la Comunicazione.

Tuttavia in una precedente mia richiesta (del 10/10/2024 ore 15:40) ci avete risposto che la Comunicazione e il Silenzio-assenso rientrano nella casistica SCIA.
Quindi vorremmo avere una risposta definitiva su quali tipologie di pratiche ammettano la conformazione e quali l'integrazione.";"Come indicato nelle Specifiche Tecniche, nel paragrafo 6.1.1, per il regime amministrativo SCIA, un ET può effettuare una richiesta di integrazione (send_integration) o può effettuare una richiesta di conformazione, in questo caso, gestendola tramite l'invio delle conclusioni (send_conclusions).
Analogamente, nel paragrago 6.1.2, per il regime amministrativo Autorizzazione/Domandand, un ET può inviare una richiesta di integrazione, tuttavia, non è previsto l'invio di una richiesta di conformazione.
Assunto quanto appena detto e tenuto in considerazione anche le normative legate ai regimi amministrativi, si afferma che:
 - per il regime amministrativo SCIA, un ET può inviare una richiesta di integrazione e una richiesta di conformazione;
 - per il regime amministrativo Comunicazione, che è riconducibile al workflow SCIA, un ET può effettuare richieste di integrazione e conformazione;
 - per il regime amministrativo Silenzio-assenso, che è riconducibile al workflow SCIA, un ET può effettuare  richieste di integrazione e conformazione;
 - per il regime amministrativo Autorizzazione, un ET può inviare solamente una richiesta di integrazione.

Qualora vi sia la necessità di ulteriori chiarimenti, la invitiamo a contattarci tramite il canale di messaggistica del ticket.
Le comunichiamo inoltre che, in assenza di ulteriori richieste, il presente ticket sarà chiuso automaticamente dal sistema entro 7 giorni lavorativi.";n.a.
50;d66947b2f2d04142b48e94af94f970fd;"Facendo riferimento all'openapi pubblicata su github branch approved_001
vorremmo un chiariemnto sulla risposta della api ""Recupero Sistema BackOffice di uno specifico Sportello SUAP""
/suap/{suap_id}/{suap_version}/backoffice-system
L'oggetto /components/schemas/BOSystemEntity che informazioni conterrà, per esempio cosa rappresenta e_service_to_fo?
Esiste una documentazione di dettaglio sulla semantica dei servizi CatalogoSSU_metadati?";"Il Catalogo SSU tramite il path ""/suap/{suap_id}/{suap_version}/backoffice-system"" permette il recupero della componente del BackOffice, riportando le informazioni associate ad esso e i riferimenti da utilizzare per contattarlo. 
Nel dettaglio, è possibile recuperare l'identificativo univoco della risorsa (id), la sua versione e la descrizione della componente BackOffice. Vengono riportare anche le informazioni in merito al suo stato di validità (state) e il periodo (start, end) e, infine, vengono forniti anche i punti di contatto tramite i quali è possibile richiamare i servizi esposti dalla componente (es. e_service_to_fo: riporta l'UUID del servizio sulla PDND esposto al FO dalla componente BO).

In merito all'ultimo quesito posto, si informa che attualmente non è disponibile alcuna documentazione di dettaglio sulla semantica dei servizi CatalogoSSU_metadati. Le openAPI pubblicate su GitHub e sulle Specifiche Tecniche rappresentano la documentazione tecnica dei servizi esposti dai componenti del sistema SSU. Tuttavia, si informa che il Gruppo Tecnico si è posto l'obiettivo di migliorare la comprensione degli artefatti tecnici e nel corso degli aggiornamenti verrano forniti maggiori dettagli sui servizi tramite descrizioni più parlanti ed esempi.

Qualora vi sia la necessità di ulteriori chiarimenti, la invitiamo a contattarci tramite il canale di messaggistica del ticket.
Le comunichiamo inoltre che, in assenza di ulteriori richieste, il presente ticket sarà chiuso automaticamente dal sistema entro 7 giorni lavorativi.";n.a.
51;964b43e122d34901b075999600615652;"Ticket aperto per conto di XXX.:
""Buongiorno, tramite il nostro “Sponsor”, Comune di XXX, stiamo accedendo ai servizi SSU esposti su PDND, ambiente di test.
Per il momento stiamo accedendo ai servizi bulk per recuperare i metadata esposti dal sistema e capire, dati alla mano, le informazioni distribuite a livello centrale e le strutture dati con cui queste sono state organizzate. Vedendo i dati abbiamo diversi dubbi interpretativi su come questi sono organizzati, in particolare ci servirebbe capire bene le relazioni tra usecases-proceedings-endoprocedimenti.
Vorremmo anche capire se c'è un'organizzazione del dato che consenta di presentare all'utente le informazioni in maniera chiara, organizzata e strutturata. Attualmente abbiamo importato i dataset ritornati dalle bulk in un database relazionale, in modo da poterli interrogare e visionare in maniera semplice e veloce. Ci servirebbe però poterci confrontare, magari esaminando qualche caso specifico, sui dubbi che stiamo riscontrando e che le specifiche non chiariscono.""";"
Ai fini di una consultazione della struttura dei metadati gestiti dal Catalogo SSU, nella sezione 8.2 ""Metadati per istanziazione dei protocolli di comunicazione"" è presente  il modello E-R raffigurato nella Figura 13.
Nelle seguenti descrizioni, viene precisato che l'entità ""endoproceedings"" individua le fattispecie dei procedimenti amministrativi (usecase-proceedings) che possono (opzionale=false) o devono (opzionale=true) essere avviati in relazione alla fattispecie primaria.

Per eventuali dettagli più approfonditi in merito, la invitiamo a richiedere supporto ad Infocamere, tramite i suoi canali di assistenza, poichè, in qualità di gestore del Catalogo SSU.

Qualora vi sia la necessità di ulteriori chiarimenti, la invitiamo a contattarci tramite il canale di messaggistica del ticket.
Le comunichiamo inoltre che, in assenza di ulteriori richieste, il presente ticket sarà chiuso automaticamente dal sistema entro 7 giorni lavorativi.";n.a.
52;2cb003786a92451baea876a186f1fd80;"Nel nuovo sistema sarà possibile avere uno scenario in cui il BO comunica all'ET una pratica che contiene al suo interno più tipologie di iter da dover gestire?
Esempi:
subingresso + sospensione temporanea dell'attività;
trasferimento di sede + ampliamento dell'esercizio.";"Un procedimento amministrativo è caratterizzato da un attributo che determina l'evento della vita dell'attività (es. apertura), pertanto, può essere definito soltanto una delle tipologie menzionate nella richiesta.

Ai fini di una consultazione della struttura dei metadati gestiti dal Catalogo SSU, nella sezione 8.2 ""Metadati per istanziazione dei protocolli di comunicazione"" è presente  il modello E-R raffigurato nella Figura 13.

Qualora vi sia la necessità di ulteriori chiarimenti, la invitiamo a contattarci tramite il canale di messaggistica del ticket.
Le comunichiamo inoltre che, in assenza di ulteriori richieste, il presente ticket sarà chiuso automaticamente dal sistema entro 7 giorni lavorativi.
";n.a.
53;a6c4265c2c9e468babd06c1a2949257c;"Con riferimento al ticket ""Ente Terzo - SCIA con codice autorizzazione in ricevuta di output (PDF)"" del 30/10/2024 16:18,
ovvero:
""Se a valle di una istruttoria per una SCIA l'ET volesse fornire all'utente il codice autorizzazione che ha generato, attraverso una ricevuta (ad esempio un file PDF), poiché non possiamo inviare un esito positivo al BO, come lo potremmo comunicare?""

l'ET ci fa presente che per alcune casistiche ha assoluta necessità di inoltrare al cittadino che ha presentato la pratica il codice dell'autorizzazione collegata, poiché dovrà effettuare un pagamento utilizzando proprio quel codice.
In questi casi che prassi avete previsto?";"Le Specifiche Tecniche, come previsto dalle normative in caso di regime amministrativo SCIA, non prevedono l'invio di un esito positivo qualora non vengano riscontrate difformità.
Si suggerisce di gestire questa necessità specifica attraverso una comunicazione extra-sistema con il diretto interessato, al fine di comunicargli il codice da utilizzare per effettuare il pagamento. 

Qualora vi sia la necessità di ulteriori chiarimenti, la invitiamo a contattarci tramite il canale di messaggistica del ticket.
Le comunichiamo inoltre che, in assenza di ulteriori richieste, il presente ticket sarà chiuso automaticamente dal sistema entro 7 giorni lavorativi.";n.a.
54;n.a.;Non essendoci ancora stata ufficialmente la firma degli Organi competenti per lo switch alla versione Approved 02 delle specifiche tecniche, le  Regioni temono di star dando un effort molto elevato su un qualcosa che potrebbe cambiare non essendo ancora stato approvato. Anche se il contenuto delle specifiche tecniche è già stato discusso e approvato in via ufficiosa nel mese di Aprile si sta lavorando ancora su una versione che ufficiale non è. In merito a ciò si è pensato si poter emettere una nota che approvi già in via preventiva che il contenuto delle specifiche tecniche non cambierà in corso di approvazione, nonostante manchino ancora le firme per l’ufficialità. Sempre in merito a questo tema, le Regione XXX fa notare che ci sono delle discrepanze tra la versione MAIN (attiva al momento) e la versione Approved_01: nonostante la versione MAIN delle ST non richieda come dati obbligatori lo “stato dell’istanza”, il “regime ammnistrativo” e i “tempi”, al momento dell’inserimento, il Sistema non permettere di procedere senza l’inserimento di questi dati, i quali, risultano essere obbligatori invece per la versione Approved_01. Data la mancanza di conformità evidenziata e la paura di star procedendo troppo per tentativi su una versione delle ST che non è quella ufficiale, è stata richiesta la possibilità di avere, o direttamente nelle specifiche tecniche o con un documento accessorio, un file che spieghi al meglio come funziona tutto il servizio;"Sulla base della news (https://www.suapsue.gov.it/news/?news_id=26) pubblicata dal DFP sul sito di progetto SUAP&SUE, si evidenzia che è da considerare come branch di riferimento ""approved01"".

Per quanto riguarda invece la richiesta di un documento accessorio, si precisa che le Specifiche Tecniche risultano essere l'unico documento tecnico ed è completo di ogni indicazione necessaria per l'interoperabilità tra le componenti del sistema SSU. Il repository GitHub (https://github.com/AgID/specifiche-tecniche-DPR-160-2010) ad esso associato permette una libera consultazione di tutti gli oggetti tecnici indicati nelle Specifiche. 
Cogliamo l'occasione per ricordare che AgID ha reso disponibile una piattaforma di Help Desk (https://www.agid.gov.it/it/notizie/e-online-il-servizio-di-help-desk-il-progetto-suap) dedicata alle Regioni e ai loro partner tecnologici al fine di dare risposte sugli eventuali dubbi delle Specifiche Tecniche. ";n.a.
55;n.a.;" Nel nuovo allegato tecnico DPR 160 c’è indicato uno schema che indica che il regime amministrativo (SCIA, ORDINARIO/AUTORIZZATIVO, Comunicazione) è in relazione uno a uno con un procedimento mentre nella funzionalità human oriented del catalogo SSU la relazione è tra il regime amministrativo e la fattispecie in relazione uno a uno.
Secondo noi la relazione corretta è quella indicata nel nuovo allegato tecnico. La relazione regime amministrativo <-vs-> fattispecie (caso d’uso) non è adeguata per tutti i casi in cui la domanda diventa una SCIA condizionata.
Facciamo un esempio:
Una fattispecie (caso d’uso) può prevedere procedimenti necessari e facoltativi e nel caso di un “Avvio esercizio di vicinato” la situazione potrebbe essere
a) i necessari saranno “Avvio esercizio di vicinato”;
b) i facoltativi (tutti quelli riportati nell’articolo 1.10 della TAB A del decreto 222/2016), nel nostro esempio prevediamo la necessità di attivare la “Vendita di oggetti preziosi”; L’ “avvio esercizio di vicinato” ha un regime amministrativo in SCIA e la “vendita di oggetti preziosi” ha un regime che è autorizzativo (come da allegato tecnico: corretta la relazione tra  rocedimento e regime) ma il regime del caso d’uso dipende da quali procedimenti facoltativi è necessario attivare quindi non è possibile prevedere un regime nel caso d’uso a meno che non si prevedano una molteplicità di casi d’uso nessuno dei quali deve prevedere procedimenti AUTORIZZATIVI facoltativi (bisognerebbe prevedere i casi: con con vendita oggetti preziosi e senza, con vendita alcolici e senza, con insegna e senza, vendita di oggetti preziosi con insegna e senza…).";"Durante le fasi di aggiornamento delle Specifiche Tecniche, il Gruppo Tecnico ha riscontrato la necessità di modificare la relazione associata ad un regime amministrativo, legando quest'ultimo alla fattispecie e non più al procedimento. La motivazione che ha spinto alla ridefinizione del modello ER del Catalogo è dovuta dal fatto che, come indicato nell'esempio posto nel quesito, gli endoprocedimenti attivati in un procedimento SUAP possono condizionare il regime amministrativo ad esso associato. Quindi, assumendo che vi siano più endoprocedimenti associati ad una fattispecie, il regime amministrativo del procedimento SUAP è determinato dalla fattispecie più condizionante, ovvero quella che richiede più azioni bloccanti per il presentatore. Interprentando di nuovo l'esempio riportato nella richiesta, applicando questa logica, considerato un procedimento che attiva la fattispecie ""Avvio esercizio di vicinato"", a cui sarà associato l'endoprocedimento (ovvero una fattispecie secondaria) ""Vendita di oggetti preziosi"", il regime amministrativo non sarà più SCIA (ovvero quello associato ad ""Avvio esercizio di vicinato"") ma diventerà Autorizzazione/Domanda. 

Si ricorda che le fattispecie sono utilizzate per: 
   - definire 1-a-1 i controlli Schematron da applicare per le verifiche automatiche, pertanto, il regime amministrativo deve essere associato a livello di fattispecie per garantire tali controlli;
   - registrare all'interno del Catalogo gli endoprocedimenti obbligatori per le stesse, ad esempio per ""Avvio esercizio di vicinato"", definendo la fattispecie ""Avvio esercizio di vicinato con vendita di oggetti preziosi"", si rende obbligatorio l'attivazione dell'endoprocedimento ""Vendita di oggetti preziosi"".

Per concludere, si coglie l'occasione di ringraziare per la segnalazione fornita poichè questa permetterà l'aggiornamento del diagramma ER del Catalogo SSU secondo quanto precisato precedentemente.";n.a.
56;n.a.;Relativamente al versionamento delle entità presenti nel catalogo come deve reagire una componente informatica alla pubblicazione di una nuova versione di una determinata entità? Esisterà un tempo per l’adeguamento e una data di kick-off per la messa in produzione da parte di tutti gli attori?;"Consultando il ""modello-concettuale-catalogo-SSU"" è possibile prendere visione di tutte le entità che vengono gestite dal Catalogo SSU. Queste possono essere suddivise in due categorie: Amministrative e Tecniche. Le entità Tecniche sono tutte quelle entità che hanno tra i suoi attributi il ""Riferimento Telematico"", ovvero tutte le entità che rappresentano i componenti informatici dei sistemi Enti Terzi, Front-Office e Back-Office. Le entità Amministrative sono le rimanenti, quindi tutte le entità che compongono i procedimenti amministrativi. In fondo,  viene riportata due liste di dettaglio per le due categorie descritte.

Per rispondere in merito alla strategia di pubblicazione/attuazione degli aggiornamenti delle suddette entità, si possono definire due strategie differenti:
 - Aggiornamento entità Amministrative: le entità che compongono i procedimenti amministrativi sono regolamentati dalle norme e i loro aggiornamenti non sono retroattivi, pertanto, tutti i procedimenti SUAP avviati prima di un certo aggiornamento, dovranno essere chiusi continuando ad utilizzare la versione adottata in fase di avvio. Differentemente, i nuovi procedimenti avviati a seguito di un rilascio dovranno seguire quanto indicato nel nuovo aggiornamento;
- Aggiornamento entità Tecniche: le  entità che rappresentano i componenti informatici, possono essere gestite liberamente secondo la libertà organizzativa delle amministrazioni, le quali dovranno definire le loro logiche di routing interno per reindirizzare le richieste ai componenti rilasciati, mantenendo unico il punto di contatto esposto alle altre amministrazioni.

Di seguito, la lista delle entità suddivise per categoria:
- Entità Amministrative:
   - Struttura Ente
   - Sportello SUAP
   - Procedimento
   - Fattispecie Procedimento
   - Endoprocedimento
   - Regime Amministrativo
   - Modulo
    - XSD
    - Schematron
    - Allegato

- Entità Tecniche:  
   - sistema FO
   - sistema BO
   - sistema ET
";n.a.
57;n.a.;"InstanceDescriptor – SUAP FO – dati obbligatori
Quali sono i dati obbligatori da popolare per eseguire la chiamata all’endpoint “request_cui” che la componente SUAP FO opera verso l’e-service dei metadati del Catalogo?";"Secondo quanto indicato nel branch ""approved01"" del repository GitHub (https://github.com/AgID/specifiche-tecniche-DPR-160-2010), il servizio ""/request_cui"" indicato nel ""catalogo-ssu_to_fo"" richiede come oggetto della richiesta l'""InstanceDescriptor"" che deve essere popolato con tre attributi obbligatori:
 - version
 - municipality
 - usecase_proceedings
Ad ogni modo, si raccomanda di valorizzare anche i seguenti campi che sono ritenuti essenziali per un procedimento:
 - times (vedi anche Quesito 5)
 - instance_status
 - administrative_regime
";n.a.
58;n.a.;"Dubbi sulle sezioni da popolare sull’instanceDescriptor relativamente alla chiamata all’endpoint “request_cui” che la componente SUAP FO opera verso l’e-service dei metadati del Catalogo :
a) Version: da chi deve essere popolata e come?
b) State: quale stato va specificato?
c) Times: vanno specificati in questa fase?
d) Administrative_regime: come deve essere calcolato?
e) Usecase_proceedings
i) Instance: cosa rappresenta ref?";"Di seguito si riportano le indicazioni in merito ai dubbi posti sugli attributi:
 - version: deve essere popolato dal FO, impostando una valore intero (Integer), peferibilmente 1, in fase di richiesta di associazione del CUI effettuato al Catalogo;
 - state: tale attributo risulta essere un sotto-attributo di ""instance_status"". Il  valore  da associare in questo momento ad un InstanceDescriptor è lo stato ""started"". Tutti gli stati possibili sono indicati all'interno di ""instance-descriptor-schema.yaml"" presente nel repository GitHub (https://github.com/AgID/specifiche-tecniche-DPR-160-2010);
 - times: malgrado non sia stato indicato attualmente come un attributo obbligatorio (required), si suggerisce di popolare tale attributo fin dall'inizio;
 - administrative_regime: tale attributo richiede un oggetto composto da due attributi obbligatori: id e version. L'id rappresenta l'identificativo univoco del regime amministrativo che può assumere quattro possibili valori (inidicati tramite enum): SCIA, AUTORIZZAZIONE, SILENZIO-ASSENSO, COMUNICAZIONE. La version invece è una stringa che deve rispettare un pattern specifico ([0-9]{2}.[0-9]{2}.[0-9]{2}), ovvero tre coppie di numeri separati da un punto, ad esempio: 00.00.00;
 - usecase_proceedings: tale attributo definisce una lista di fattispecie dei procedimenti avviati tramite il procedimento SUAP. All'interno dell'""instance-descriptor-schema"" è possibile prendere visione dei vari attributi che lo caratterizzano;
 - instance: l'attributo ""ref"" rappresenta il riferimento all'elemento dell'istanza relativo al procedimento. Tale valore deve essere utilizzato per ottenere il relativo ""resource_id"", presente all'interno dell'""instance-index (instance-index-schema), necessario per il recupero del documento di interesse tramite il servizio ""/instance/{cui_uuid}/document/{resource_id}"" (vedi anche Quesito 7).";n.a.
59;n.a.;"Nell’xsd del form scaricato dal catalogo la gestione dei pagamenti è presente solo come allegato. Come avete pensato di gestire la gestione dei pagamenti sia lato
SUAP FO che lato SUAP BO?";"Si precisa che la tematica non è trattata all'interno delle Specifiche, considerato che le stesse afferiscono alla sola interoperabilità tra i componenti, mentre il quesito posto è relativo al comportamento della UX della componente FO.
";n.a.
60;n.a.;"InstanceIndex – SUAP FO - popolamento
Dubbi sul popolamento dell’oggetto InstanceIndex relativamente alla chiamata all’endpoint send_instance che la componente SUAP FO opera verso l’e-service della componente SUAP BO.
La proprietà ref (riportata qui sotto) cosa rappresenta e come va popolata?
ref:
""$id"": ""#root/ref""
title: riferimento all'elemento dell'istanza relativo al procedimento
type: string
minLength: 1";"L'attributo ""ref"", indicato nell'InstanceDescriptor, rappresenta il riferimento all'elemento dell'istanza relativo al procedimento. Tale valore deve essere utilizzato per identificare il relativo ""resource_id"" presente all'interno dell'""instance-index (instance-index-schema), necessario per il recupero del documento di interesse tramite il servizio ""/instance/{cui_uuid}/document/{resource_id}"".

Vedi anche Quesito 5";n.a.
61;n.a.;"come trattare, in caso di procedimento autorizzatorio e SCIA, la disarmonia tra i termini del procedimento unico (definito all’avvio della pratica dal timer ""t_a finire"") con quelli dell’endo procedimento nei casi di richieste di integrazione da parte dell’ente terzo x che nelle specifiche non è definito ? Il tempo che passa, infatti, dal momento in cui l'OPS SUAP riceve la richiesta di integrazione della pratica da parte dell'ente terzo (questa azione interrompe i termini dell’endo) ed il momento in cui, invece, l’OPS sospende i termini del procedimento unico + il lasso di tempo che intercorre dal momento in cui l'OPS riceve l'integrazione dall'impresa fino al momento in cui questo notifica l'ente terzo di tale integrazione, crea appunto uno slittamento di tempistiche che non rende più coerente il tempo massimo di gestione dell'endoprocedimento (e quindi lo scattare del silenzio
assenso o di un riscontro nei termini massimi) con quello del macroprocedimento. Più in generale quale deve essere l’effetto di una sospensione dei tempi dell'endoprocedimento sulle tempistiche più generali del procedimento unico dato che nelle specifiche il timer del procedimento generale si interrompe solo su disposizione dello sportellista ? il caso limite (con conseguenze negative) che potrebbe capitare potrebbe essere quello in cui il silenzio assenso di un endoprocedimento arrivi allo sportellista quando il tempo massimo del procedimento unico è già scaduto (vedere immagine). 

Sempre nel caso di richieste di integrazioni da parte degli enti terzi, come trattare il caso il caso in cui i termini di decorrenza di una richiesta di parere (quindi parliamo di un endoprocedimento) scattano dal momento della trasmissione della richiesta di parere da parte del SUAP all'Ente Terzo (caso di molte leggi regionali della sismica o di prassi per i VVF) che prevedono che i termini relativi ai controlli o al rilascio delle autorizzazioni sismiche da parte del Genio Civile si avviano dal momento della ricezione della pratica al Servizio tecnico del genio Civile (e non dal momento della ricezione della pratica al SUAP) ? 

Come trattare il caso in cui i termini di decorrenza di una richiesta di parere (quindi parliamo di un endoprocedimento), invece che essere sospesi, si
interrompono (cioè il timer dell’endo procedimento riparte da zero) a seguito di una richiesta di integrazione di una pratica da parte dell’ente terzo (caso di alcune leggi regionali della sismica) ?";"Nel momento in cui un ET effettua una richiesta di integrazione della pratica, il BO inoltra tale richiesta al FO, con l'obiettivo di recapitarla al presentatore. Quanto descritto comporta una sospensione dei tempi procedimentali nel momento in cui il BO inoltra la richiesta di integrazione al FO. Pertanto, il BO effettua un aggiornamento dei tempi procedimentali al Catalogo SSU, aumentando tali tempi pari al numero di giorni concessi al presentatore per effettuare l'integrazione. La ricezione della documentazione di integrazione comporta una secondo aggiornamento dei tempi, rimuovendo i giorni non utilizzati dal presentatore per rispondere all'integrazione.

Facendo un esempio: dato un procedimento che ha un tempo T=30, al giorno 3 il BO riceve la richiesta di integrazione da parte dell'ET. Al giorno 14 viene inviata la richiesta di integrazione al FO, comportando una aggiornamento dei tempi pari a +15 giorni  (quindi T=45), ovvero il tempo massimo concesso per effettuare l'integrazione. Il FO inoltra la documentaizione integrata dopo 10 giorni, ovvero al giorno 24. Il presentatore, dei 15 giorni concessi, ha usufruito di 10 giorni per rispondere alla richiesta, pertanto, i 5 giorni extra verrano tolti dal tempo T che diventerà uguale a 40. 
Adottando questa strategia, durante il tempo di integrazione non vengono persi i giorni concessi al SUAP e agli ET per analizzare e lavorare un procedimento e tale informazione è sempre disponibile a tutti i componenti, dato che viene aggiornato l'attributo ""times"" dell'InstanceDescriptor gestito dal Catalogo SSU. 

All'interno dell'oggetto Times sono riportati diversi attributi che definiscono il massimo numero di giorni concessi per effettuare determinate azioni. In questo caso particolare, bisogna soffermarsi sull'attributo ""max_gg_concl_send"", che definisce il numero di giorni limite a partire dall'avvio del procedimento per l'inoltro delle conclusioni da parte degli enti terzi. Le Specifiche Tecniche non prevedono un timer dal momento in cui viene inviata l'instanza all'ET ma viene definito a monte il giorno limite entro il quale tutti gli ET devono inviare il loro parere al BO. 
Assumendo quanto indicato precedentemente, non è previsto un ""reset"" dei tempi concessi all'ET per inoltrare il nuovo esito a seguito di una ricezione di integrazione.";n.a.
62;56228c2a75bf487199bd44116a0e50ca;"In ambiente di Collaudo abbiamo provato a fare l'inserimento di un nuovo procedimento per Regione XXX. Compilati tutti i campi obbligatori e agganciato un modulo già esistente, se clicchiamo su ""conferma procedimento"" appare un messaggio di errore che riporta ""Errore procedimento già presente con questa data"" e quindi non riusciamo a salvare.";"La presente richiesta chiede un supporto circa l'inserimento di un procedimento all'interno del Catalogo SSU. Data la natura della richiesta, la invitiamo a contattare InfoCamere per richiedere supporto in merito alle funzionalità ed eventuali bug del sistema del Catalogo SSU rilasciato in ambiente di Collaudo.

Qualora vi sia la necessità di ulteriori chiarimenti, la invitiamo a contattarci tramite il canale di messaggistica del ticket.
Le comunichiamo inoltre che, in assenza di ulteriori richieste, il presente ticket sarà chiuso automaticamente dal sistema entro 7 giorni lavorativi.";n.a.
63;n.a.;"Metodo “sendinstance”: l’indice istanza è libero?
";"L'indice istanza (InstanceIndex) contine la lista di documenti associati ad una istanza resa disponibile da una componete (ad esempio Front-office SUAP a Back-office SUAP) che sono identificati univocamente da un proprio resource_id. Il resource_id è un identificativo univoco nel dominio della componente,  quindi è l'unica chiave che permette il recupero di un documento dell'istanza reso dispoponibile dai componenti SUAP ed ET. La resource_id è strettamente legato al ""ref"" della risporsa presente nel istance-description, ovvero il riferimento in relazione al CUI dell'istanza. Tale attributo ""ref"" presente sull'instance-index deve corrispondere presenti  nell'InstanceDescriptor:
 - ""activity_model"" (usecase_proceedings.instance.activity_model);
 - ""attachments"" (usecase_proceedings.attachments).

Così facendo, si crea un legame tra un documento e l'istanza a cui è associato tramite il quale viene garantito l'accesso a tale risorsa tramite il servizio ""/instance/{cui_uuid}/document/{resource_id}"".";n.a.
64;n.a.;E’ consentito avere nell'index-instance N file appartenenti allo stesso usecase?;"Si, l'instance-index contiene la lista di documenti associati ad una istanza, vedi risposta precedente.

Data una fattispecie (usecase_proceeding), ad essa sarà associato un unico modulo ""activity_model"" ma possono essere prefesenti più documenti ""attachment"". Ogni risorsa deve essere identificata associata ad un unico ""ref"", presente all'interno della istance-description, per garantire un recupero corretto delle risorse.

";n.a.
65;n.a.;Dalle specifiche si evince che la piattaforma SSU contempla procedimenti nazionali, regionali e comunali che dovranno essere caricati sulla piattaforma secondo le modalità previste dagli Enti autorizzati. Volevamo quindi capire se poi, interrogando le api per un dato Comune, otterremo il procedimento filtrato in maniera corretta. Ovvero se per tale Comune è stato caricato il procedimento specifico comunale, ci verrà ritornato quello. In caso contrario, se esistesse il procedimento a livello regionale il sistema ritornerà quello. Infine, se tale procedimento non esiste né a livello comunale, né a livello regionale, verrà ritornato quello nazionale. Comunque sia, dato un Comun, e dato un procedimento, ci verrà ritornato sempre e solo quello più “vicino” al Comune, non verranno ritornati più procedimenti (es. regionale e nazionale o, nel caso peggiore, comunale, regionale e nazionale). Corretto?;"Si conferma quanto specificato per la logica di recupero dei procedimenti legati ad un ambito territoriale. Il ""territorial_scope"" contenuto all'interno di un procedimento indica l'ambito territoriale dello stesso, identificato dal codice ISTAT a 6 cifre. Tale codice può assumere il valore ""000000"" per ricondurre un procedimento con inquadramento a livello Nazionale, alternativamente, i codici assumeranno le seguenti forme in relazione all'ambito territoriale in cui il procedimento si applica:
  - XX = codice istat 2 cifre regione = REGIONE;
  - XXX = codice istat 3 cifre provincia = PROVINCIA;
  - XXXXXX = codice istat 6 cifre comune = COMUNE.

Il codice identificativo dell'ambito territoriale viene utilizzato per la ricerca del procedimento più prossimo al Comune. In breve, dato un Comune, per la coppia evento della vita e tipologia procedimento, si selezionano:
- il procedimento se definito su base comunale;
- altrimenti, il procedimento se definito su base provinciale;
- altrimenti, il procedimento se definito su base regionale;
- altrimento, il procedimento definito su base nazionale.";n.a.
66;n.a.;La proprietà “Municipality” ritornata dell’API è quello che nello schema ER viene indicato come “ambito territoriale”? Tale proprietà indica il Comune a cui lo specifico procedimento si riferisce? Cioè la lista dei proceeding con Municipality=XYZ sono tutti i procedimenti presentabili per il Comune XYZ?;"La ""municipality"" rappresenta l'identificativo del comune ed è necessario a determinare l'ambito territoriale del procedimento. L'attributo ""municipality"" è utilizzato per recuperare il/i procedimento/i applicato nello specifico Comune (vedi in merito risposta precedente).

Per quanto riguarda l'ultima affermazione, ricorrendo sempre ad un esempio, è comunque possibile presentare un procedimento che ha territorital_scope=PROVINCIA SAVONA per il comune di Albenga e per tutti i Comuni della provincia.";n.a.
67;n.a.;"Abbiamo visto che ogni categoria di informazioni prevede l’attributo “version”. L’abbiamo notato sia nello schema ER che nei dati ritornati dalle bulk. Si chiede se tale versione è effettivamente poi usata per ogni entità e, quindi, si chiedono chiarimenti su come questa debba essere gestita\interpretata. Dobbiamo sempre far riferimento alla versione più recente? Facciamo un paio di esempi:
-	Sistema ente terzo: cosa significa la version? Che senso avrebbe far riferimento ad unna versione che non sia l’ultima?
-	Regime amministrativo. Che senso ha far riferimento ad una versione che non sia l’ultima?
L’impressione è che sia stata messa, in forma un po’ preventiva, la version su tutti gli elementi. Ma verrà poi effettivamente utilizzata? Questo è importante per capire come impostare le logiche applicative. Ovviamente il dover gestire un versioning su tutti gli elementi è abbastanza impattante.
Detto questo, facendo riferimento allo schema ER ed ai dati ritornati dalle bulk, sarebbe corretto pensare alla combinazione ID + Version come all’identificativo univoco dell’entità?";"L'attributo version è stato introdotto per tenere traccia di tutte le variazioni delle entità, tecniche o amministrative, gestite nel catalogo. Le entità Tecniche sono tutte quelle entità che hanno tra i suoi attributi il ""Riferimento Telematico"", ovvero tutte le entità che rappresentano i componenti informatici dei sistemi Enti Terzi, Front-Office e Back-Office. Le entità Amministrative sono le rimanenti, quindi tutte le entità che compongono i procedimenti amministrativi. In fondo,  viene riportata due liste di dettaglio per le due categorie descritte.
Provando a spiegare l'utilità di tale attributo in un caso pratico, assumendo che vi siano dei procedimenti SUAP già avviati e nel mentre si verifica un'aggiornamento normativo o tecnico (per le componenti) che non può essere retroattivo. Dato questo caso, tutti procedimenti già avviati dovranno essere chiusi con la versione adottata in fase di avvio, differentemente, i nuovi procedimenti avviati devono essere gestiti utilizzando le nuove versioni delle entità coinvolte.
Constatata l'importanza della versione, si conferma che questo attributo deve essere utilizzato come chiave secondaria insieme alla chiave primaria ID.

Volendo approfondire invece una possibile strategia di attuazione degli aggiornamenti delle entità, si possono definire i due seguenti approcci:
- Aggiornamento entità Amministrative: le entità che compongono i procedimenti amministrativi sono regolamentati dalle norme e i loro aggiornamenti non sono retroattivi, pertanto, tutti i procedimenti SUAP avviati prima di un certo aggiornamento, dovranno essere chiusi continuando ad utilizzare la versione adottata in fase di avvio. Differentemente, i nuovi procedimenti avviati a seguito di un rilascio dovranno seguire quanto indicato nel nuovo aggiornamento;
- Aggiornamento entità Tecniche: le  entità che rappresentano i componenti informatici, possono essere gestite liberamente secondo la libertà organizzativa delle amministrazioni, le quali dovranno definire le loro logiche di routing interno per reindirizzare le richieste ai componenti rilasciati, mantenendo unico il punto di contatto esposto alle altre amministrazioni.

Di seguito, la lista delle entità suddivise per categoria:
- Entità Amministrative:
   - Struttura Ente
   - Sportello SUAP
   - Procedimento
   - Fattispecie Procedimento
   - Endoprocedimento
   - Regime Amministrativo
   - Modulo
    - XSD
    - Schematron
    - Allegato

- Entità Tecniche:  
   - sistema FO
   - sistema BO
   - sistema ET";n.a.
68;n.a.;"
Interrogando le API che ritornano i sistemi di back-office e fornt-office (/suaps-fo-systems/{id_suap_list},
/suaps-bo-systems/{id_suap_list}) viene ritornato il riferimento telematico: telematic_ref. È il riferimento dell’eservice nella PDND?
È tramite tale riferimento che si dovrà creare la comunicazione con le API del relativo sistema, recuperando quindi tutte le informazioni (certificati, clientid, url, ecc)?";Nel branch approved01 i servizi citati (/suaps-fo-systems/{id_suap_list} e /suaps-bo-systems/{id_suap_list}) restituiscono rispettivamente i parametri e_service_to_bo, e_service_to_cu ed e_service_to_fo, e_service_to_et, e_service_to_ri che rappresentano  l'UUID del servizio sulla PDND esposto dalla componente FO al BO. Quindi, tramite questo attributo viene esposto il punto di contatto tramite il quale  è possibile richiamare i servizi esposti dalla componente FO. ;n.a.
69;n.a.;"
L’API /competent-administrations-systems/{id_competent_administrations_list} attualmente non ritorna alcun risultato. È corretto attendersi che, analogamente alle api per il recupero delle informazioni di sistema del back-office e del front-office ritornerà, ritornerà il riferimento telematico per agganciarsi ai servizi PDND degli enti terzi?

";"L’API /competent-administrations-systems/{id_competent_administrations_list} deve restituire l'elenco degli Enti Terzi che fanno riferimento alle amministrazioni competenti per cui è stato passato l'id in ingresso.
Telematic_ref è il riferimento telematico del sistema informatico Ente terzo, ovvero l'UUID del servizio sulla PDND esposto dalla componente informatica.

Se il servizio non ritorna alcun risultato, si consiglia di contattare direttamente InfoCamere in qualità di gestore del Catalogo SSU 
";n.a.
70;n.a.;"
Guardando lo schema ER, si evince che sulla relazione “Competenza procedimento” tra l’entità
“Procedimento” e “Struttura Ente” c’è la proprietà “Comune”. A cosa si riferisce, tenendo anche conto che nell’entità “procedimento” c’è la proprietà “Ambito territoriale” (che le API ci sembra implementino con la proprietà “Municipality”), da noi intesa come Comune di riferimento per lo specifico procedimento?";"L'ambito territoriale rappresenta il livello territoriale (nazionale, regionale, provinciale, comunale) in cui può essere applicato il procedimento, invece, l'attributo ""Comune"" della ""Struttura Ente"" rappresenta il Comune di competenza dell'amministrazione coinvolta nel procedimento.
La proprietà mucipality fa riferimento al codice istat a sei cifre del comune di riferimento.";n.a.
71;n.a.;"
Ogni procedimento ha una proprietà Comune\Municipality che indica il Comune ovvero il SUAP a cui il procedimento fa capo e, quindi, a cui dovrà essere presentata l’istanza. Corretto?
Chiamando la bulk /proceedings-competent-administrations/{id_proceeding_list}, e passando il codice del suddetto procedimento, vengono ritornate le (altre) Amministrazioni Competenti per lo specifico procedimento. Corretto?
Questo vuol dire che le Amministrazioni competenti, ovvero gli Enti Terzi, sono definiti in maniera statica dato il procedimento, a prescindere da quanto eventualmente dichiarato nel modulo di domanda? Chiediamo questo perché, spesso, in particolar modo nei procedimenti edilizi, il fatto che un procedimento debba essere (o non essere) mandato ad un Ente terzo lo si evince da quanto asseverato nella documentazione. In questo caso, non essendoci relazioni con altri elementi dello schema, significa che la competenza è stabilita a priori. Corretto?
La chiamata ritorna id e versione dell’amministrazione competente. Come deve essere gestita la versione?
Potremmo avere versioni differenti di uno stesso Ente terzo?";"L'ambito territoriale rappresenta il livello territoriale (nazionale, regionale, provinciale, comunale) in cui può essere applicato il procedimento, invece, l'attributo ""Comune"" della ""Struttura Ente"" rappresenta il Comune di competenza dell'amministrazione coinvolta nel procedimento.
La proprietà mucipality fa riferimento al codice istat a sei cifre del comune di riferimento.

Per quanto riguarda invece il quesito posto per il servizio ""/proceedings-competent-administrations/{id_proceeding_list}"", questo restituisce tutte le amministrazioni competenti coinvolte sui specifici procedimenti indicati tramite lista nella chiamata. Tutte le informazioni associate a livello di procedimento amminitrativo vengono fornite durante la fase di popolamento sul Catalogo, per mezzo dei Comuni tramite i servizi human-oriented offerti dal Catalogo stesso. Pertanto, si conferma che l'informazione dell'Ente Terzo coinvolto è stabilito a priori.
L'oggetto associato all'entità delle amministrazioni competenti prevede come attributo la versione, tramite il quale è possibile tracciare gli aggiornamenti di tale entità e rendere gli stessi sempre disponibili. 

Per quanto riguarda il chiarimento posto in merito alla gestione dei procedimenti di ambito edilizio, qualora vi fossero dei procedimenti di tale ambito presentati sullo sportello SUAP, verranno gestiti come endoprocedimenti da indirizzare verso gli uffici SUE di competenza.";n.a.
72;n.a.;"
La fattispecie (così chiamata nelle specifiche) è l’analogo dello usecase (così chiamato nelle API) che è l’analogo dell’endoprocedimento?";"Usecase e fattispecie rappresentano la stessa cosa.
L'endoprocedimento rappresenta la relazione tra una fattispecie primaria e una fattispecie secondaria dei procedimenti amministrativi. L'endoprocedimento riporta anche un terzo attributo, ovvero ""mandatory"", il quale definisce l'obbligatorietà di attivare o meno il procedimento secondario.";n.a.
73;n.a.;"
Da quanto emerso nel webinar del 28/11/2024 e, in parte, dalle specifiche tecniche, abbiamo inteso che la corretta interpretazione della “catena” delle informazioni (limitatamente a procedimenti, fattispecie, endoprocedimenti e amministrazioni competenti) è da intendersi secondo la seguente gerarchia:
-Dato il Comune, ottenere i procedimenti attivi (procedimenti per cui Municipality=[Comune])
-Dato il singolo procedimento ottenere l’elenco delle fattispecie
-Data la singola fattispecie ottenere:
     1) Le informazioni di tale fattispecie (primaria)
     2) L’elenco degli endoprocedimenti (ovvero fattispecie secondarie)
     3) L’elenco delle amministrazioni competenti, ovvero gli Enti terzi a cui il SUAP dovrà inoltrare l’istanza

Come prima cosa si chiede se la suddetta interpretazione è corretta. Se così fosse, concettualmente, sembrerebbe corretto partire dai procedimenti. Questo però non è in linea con l’esperienza dell’utente finale che, verosimilmente, dovrebbe partire dalle fattispecie, cioè da un’esigenza più specifica. Abbiamo però riscontrato che le fattispecie sono meno strutturate e organizzate dei procedimenti che, al contrario, sono classificati per tipology e lifeevent, anche se queste proprietà sono talvolta non coerenti con gli usecases associati.
E’ quindi da intendere che i dati forniti non contengono le informazioni necessarie per creare un processo di indirizzamento dell’utente verso il procedimento, lasciando quindi ogni soluzione libera di creare le infrastrutture proprie, purché queste, in ultima sintesi portino al codice procedimento e fattispecie previsti dal catalogo?
Se così fosse, se ne prende atto, ma si fa presente che sarebbe stato forse più coerente fornire anche una struttura per organizzare in maniera coerente ed uniforme per tutte le piattaforme l’accesso all’informazione. Questo a beneficio dell’utente finale.
";"Si conferma quanto definito per la catena delle informazioni associate a procedimenti, fattispecie, endoprocedimenti e amministrazioni competenti.
Di seguito si illustra una possibile sequenza di chiamate ai servizi metadati del Catalogo per accedere a tali informazioni, partendo da un procedimento fino ad ottenere il puntamento della componente ET coinvolta sullo stesso:

 - Recupero della ""tipology"" e ""life event"" partendo dalla ""municipality"" 
    /typologies-lifeevents

 - Recupero dei procedimenti utilizzando gli attributi ""municipality"", ""tipology e ""life event""
    /proceedings

 - Recupero delle fattispecie del procedimento tramite gli attributi ""proceeding_id"" e ""proceeding_version""
    /proceeding/{proceeding_id}/{proceeding_version}/usecase-proceedings

 - Recupero degli endoprocedimenti opzionali partendo dalla fattispecie primaria
    /usecase-proceedings/{usecase_proceedings_id}/{usecase_proceedings_version}/usecase-proceedings

 - Recupero dell'anagrafica dell'amministrazione coinvolta nel procedimento
    /proceeding/{proceeding_id}/{proceeding_version}/{municipality}/competent-administration

 - Recupero della componente informatica dell'amministrazione ET
  /competent-administration/{competent_administration_ipacode}/{competent_administration_code}/{competent_administration_version}/third-party-system

Al fine di migliorare gli artefatti tecnici esistenti, si evidenzia che è attualente in corso la creazione di una descrizione di maggiore dettaglio per garantire il recupero corretto delle informazioni del Catalogo SSU per la creazione di un procedimento SUAP (popolamento dell'instance-descriptor).";n.a.
74;n.a.;Vorremmo avere alcune indicazioni per quanto riguarda lo stato e l’impostazione che verrà data alla parte relativa agli Enti Terzi, in particolare per il SUE;"Relativamente all'adeguamento delle piattaforme degli Enti Terzi SUAP, sono previste due possibili soluzioni applicabili, overo l'adeguamento dei sistemi attualmente in uso, o in alternativa, l'adozione della soluzione sussidiaria.
Per quanto riguarda invece il SUE, è stata appena conclusa una prima fase di ricognizione con delle PPAA selezionate dal DFP finalizzata ad un valutazione delle piattaforme in esercizio. Seguiranno ulteriori aggiornamenti una volta terminata tale analisi.";n.a.
75;n.a.;Sempre per il SUE vorremmo capire se l’impianto tecnologico sarà simile a quello del SUAP;A conclusione dell'analisi, si individueranno gli interventi per l'adeguamento dei sistemi SUE, nell'intento di prevedere che gli stessi siano quanto più similari a quelli del SUAP. ;n.a.
76;n.a.;Sempre per la parte SUE ci servirebbero alcune informazioni circa l’impostazione che verrà data alla gestione degli oneri di urbanizzazione;"Si precisa che la tematica non è trattata all'interno delle Specifiche, considerato che le stesse afferiscono alla sola interoperabilità tra i componenti, mentre il quesito posto è relativo al comportamento della UX della componente FO.
";n.a.
77;229804b721cc4a93b196228ec713c620;"Ho visto che nell'e-service che l'ET espone al BO per la notifica di una CdSS, /notify, nello schema della Request, CdssNotifyMessage, ci sono solo il canale usato per la convocazione e la data.
Mancano i riferimenti ai CUI per i quali viene indetta la conferenza.
Coma fa dunque l'ET a sapere le motivazioni per cui viene indetta la conferenza e quindi di conseguenza ad agganciare la richiesta ai CUI (immagino possano essere uno o più) delle pratiche interessate per stoppare l'istruttoria collegata in attesa del risultato della conferenza?

Inoltre, come si può recuperare il file associato al campo ""cdss_admin_act_filename""?";"Confermiamo che nel CdssNotifyMessage risultano essere assenti gli attributi necessari per consentire il recupero dell'atto amministrativo allegato alla convocazione della Conferenza dei Servizi Sincrona.
Ci teniamo a precisare che le Specifiche Tecniche sono costantemente soggette a verifica e aggiornamento al fine di risolvere qualsiasi criticità riscontrata e tale segnalazione risulta essere già gestita nei vari cicli di revisione periodica. Nei prossimi aggiornamenti, verrà adeguata pertanto la struttura del messaggio riportando le informazioni utili per garantire il corretto recupero del documento tramite la chiamata al servizio ""/instance/{cui_uuid}/document/{resource_id}"". Al fine di ovviare al problema, allo stato attuale, è possibile gestire il trasferimento dell'atto tramite delle soluzioni extra-sistema.
Tali aggiornamenti sono soggetti ad un processo di approvazione e la loro pubblicazione sarà realizzata nei modi previsti dalla norma.

Per quanto riguarda invece il CUI e le motivazioni, ci teniamo a precisare che:
 - il CUI è presente nel messaggio poichè è un attributo dell'oggetto NotifyMessage che è la classe padre di CdssNotifyMessage;
 - le motivazioni invece vengono riportate nell'atto amministrativo allegato alla documentazione.

Qualora vi sia la necessità di ulteriori chiarimenti, la invitiamo a contattarci tramite il canale di messaggistica del ticket.
Le comunichiamo inoltre che, in assenza di ulteriori richieste, il presente ticket sarà chiuso automaticamente dal sistema entro 7 giorni lavorativi.";"Richiedente   
Dalla risposta deduco quindi che una CdSS è sempre relativa ad un solo CUI. Non è possibile avviare una CdSS per un gruppo di CUI.
E' corretto?

Operatore   
Si corretto, la convocazione è relativa ad un solo CUI"
78;80ad338f18794337ab4099ae266d3e04;"Abbiamo notato che in nessuno degli schemi BPMN presenti su GitHub, ovvero ""workflow-scia-in-comunica.bpmn"" e ""workflow-scia-semplice.bpmn"", sono presenti riferimenti al processo di conformazione.

Ciò è dovuto al fatto che - come comunicato nella risposta alla domanda del 10/10/2024 15:33 - sono in corso modifiche per aggiornare tra l'altro il sequence-diagram SCIA per permettere al richiedente di comunicare l'avvenuta conformazione?

Nel caso invece di ""workflow-autorizzazione-domanda.bpmn"" sembra corretto che non sia citata la conformazione, poichè ci avete risposto che in caso di Autorizzazione si può solo inviare richiesta di integrazione.";"Confermiamo che il processo di conformazione, che  vede coinvolto solamente il regime amministrativo SCIA, è attualmente in fase di adeguamento nel secondo ciclo di aggiornamento delle Specifiche Tecniche .
Nei prossimi aggiornamenti, verranno adeguati, oltre al workflow, anche il relativo sequence-diagram e le openAPI,  al fine di garantire la corretta comunicazione tra i componenti per gestire il flusso di ritorno della documentazione conformata e l'inoltro dell'esito finale. Al fine di ovviare al problema, allo stato attuale, è possibile gestire tale comunicazione tramite delle soluzioni extra-sistema.
Tali aggiornamenti sono soggetti ad un processo di approvazione e la loro pubblicazione sarà realizzata nei modi previsti dalla norma.

Qualora vi sia la necessità di ulteriori chiarimenti, la invitiamo a contattarci tramite il canale di messaggistica del ticket.
Le comunichiamo inoltre che, in assenza di ulteriori richieste, il presente ticket sarà chiuso automaticamente dal sistema entro 7 giorni lavorativi.";n.a.
79;be9c9ffed3f94077b14d8ab8664ee48f;"Vorremmo sapere se avete a disposizione gli elenchi delle possibili codifiche dei tag presenti nel tracciati MDA per quanto riguarda ad esempio i settori merceologici, altre dichiarazioni e requisiti professionali.

A titolo di esempio riportiamo due frammenti di XML in cui sono elencati alcuni tag con codici (C4406, C4407, C10384, C26195, C4433, C4434, C4435, C4436, C26158, ecc.):
<settoriMerceologiciSuperficieOccupazioneSuperfici>
<_saved_>true</_saved_>
<C4406 code=""1"" label=""FLD.C4406.S_L219.1.0.name"">Alimentare</C4406>
<C4407>36.70</C4407>
<C10384>36.70</C10384>
<C26195>62.00</C26195>
</settoriMerceologiciSuperficieOccupazioneSuperfici>

<altreDichiarazioni>
<_saved_>true</_saved_>
<C4433 code=""1"" label=""FLD.C4433.R_01.1.0.name"">i regolamenti di polizia urbana e annonaria</C4433>
<C4434 code=""2"" label=""FLD.C4434.R_01.1.0.name"">i regolamenti di igiene e sanità</C4434>
<C4435 code=""3"" label=""FLD.C4435.R_01.1.0.name"">i regolamenti edilizi</C4435>
<C4436 code=""4"" label=""FLD.C4436.R_01.1.0.name"">le norme urbanistiche e quelle relative alla destinazione d'uso</C4436>
<C26158 code=""true"" label=""FLD.C26158.R_01.1.0.name"">di essere a conoscenza che per il commercio di determinati prodotti posti in vendita nell'esercizio vanno rispettate le relative norme speciali</C26158>
<C16025 code=""6"" label=""FLD.C16025.R_01.1.0.name"">di impegnarsi a comunicare ogni variazione relativa a stati, fatti, condizioni e titolarità rispetto a quanto dichiarato</C16025>
<_docrif_>
<code code=""DC219"" label=""dichiarazione"">dichiarazione</code>
</_docrif_>
</altreDichiarazioni>";"Considerata la natura del quesito posto e il dettaglio richiesto in merito al documento MDA, si precisa che è necessario inoltrare la domanda ad InfoCamere, considerato anche che le Specifiche Tecniche non hanno modificato le caratteristiche del documento MDA. 
Per chiarezza, si precisa che le Specifiche Tecniche curano l'interoperabilità dei sistemi e le comunicazioni previste per garantire lo scambio tra i componenti. Pertanto, il presente canale, può essere adoperato per gestire le richieste di tale natura.

Qualora vi sia la necessità di ulteriori chiarimenti, la invitiamo a contattarci tramite il canale di messaggistica del ticket.
Le comunichiamo inoltre che, in assenza di ulteriori richieste, il presente ticket sarà chiuso automaticamente dal sistema entro 7 giorni lavorativi.";n.a.
80;d953cd33e61245958a2de2738e3e1f49;"Poichè il processo prevede che l'ET in caso di richiesta conformazione comunichi al BO l'esito finale di ""conformation_requested"", come può l'ET essere sicuro che il presentatore adempia poi alla sua richiesta nei tempi utili e inoltre che il documento sia effettivamente conforme a quanto richiesto?
Sembra in sostanza che l'ET debba dare l'ok sulla fiducia.";"Il processo di conformazione, che  vede coinvolto solamente il regime amministrativo SCIA, è attualmente in fase di adeguamento nel secondo ciclo di aggiornamento delle Specifiche Tecniche.
Tali aggiornamenti sono soggetti ad un processo di approvazione e la loro pubblicazione sarà realizzata nei modi previsti dalla norma.  Al fine di ovviare al problema, allo stato attuale, è possibile gestire tale comunicazione tramite delle soluzioni extra-sistema.

Qualora vi sia la necessità di ulteriori chiarimenti, la invitiamo a contattarci tramite il canale di messaggistica del ticket.
Le comunichiamo inoltre che, in assenza di ulteriori richieste, il presente ticket sarà chiuso automaticamente dal sistema entro 7 giorni lavorativi.";n.a.
81;8931b4f7207b45629331b2ee08452d2b;"Ticket aperto per conto di XXX.:
Buongiorno,
non apro un ticket sulla piattaforma di Infocamere perché ho il dubbio che sia più un aspetto seguito da Agid, dato che su questo tema era intervenuto direttamente XXX.
Come emerso nell'ultimo incontro di allineamento tecnico, la nostra soluzione, multi tenant, erogherà i servizi per vari Comuni. Il nostro dubbio era quello di dover esporre su PDND i servizi (di fatto gli stessi) per tutti i Comuni da noi seguiti. XXX ci ha indicato che, se l'architettura software lo consente, è opportuno esporre i servizi una sola volta, tramite il Comune sponsor, e poi usare sempre tali servizi anche per gli altri Enti, avendo ovviamente cura di reindirizzare le chiamate sul tenant corretto. Soluzione per noi ottimale e in linea con l'architettura disegnata. Cosa analoga dovrebbe valere anche per il consumo dei servizi.

Il problema che riscontriamo è che, per reindirizzare verso il tenant corretto, è necessario avere come parametro del servizio, l'Ente destinatario della chiamata. Esaminando lo yaml delle API, non troviamo questo parametro (né come parametro dell'url, né nel payload). Si chiedono quindi delucidazioni su come reperire tale informazione.
Spero sia chiara la richiesta, non è semplicissima da spiegare via mail.

Ringrazio anticipatamente";"Ogni servizio presente nelle OpenAPI riporta nella richiesta, tramite path-parameter riportato nelle GET o come attributo della request presente nelle POST, l'attributo CUI. Tale attributo risulta essere il riferimento univoco, ovvero la chiave di ricerca, di tutti i procedimenti SUAP, quindi, può essere utilizzato per recuperare l'instance-descriptor associato alla richiesta ricevuta. 

L'instance-descriptor contiene tutti i metadati, tra cui:  
- municipality, che afferisce al  Comune in cui l'istanza del procedimento SUAP è stata presentata;
- per ogni usecase_proceedings le relative competent_administration, ovvero l'oggetto che identifica l'Ente responsabile dello specifico procedimento della istanza del procedimento SUAP.

Qualora vi sia la necessità di ulteriori chiarimenti, la invitiamo a contattarci tramite il canale di messaggistica del ticket.
Le comunichiamo inoltre che, in assenza di ulteriori richieste, il presente ticket sarà chiuso automaticamente dal sistema entro 7 giorni lavorativi.";n.a.
82;n.a.;"Buongiorno,
vi inoltriamo la richiesta della software house XXX; come potrete notare, il testo che vi inoltriamo si aggancia ad altre 2 comunicazioni sulle quali il mittente è riuscito a fare chiarezza in autonomia:
“Buongiorno,
mi scuso ma ieri ho sbagliato a darvi l'indicazione dell'oggetto che ci veniva ritornato precedentemente (ho preso una struttura interna nostra).
Confermo comunque che ora ci viene ritornato un oggetto differente da quanto ritornato a inizio dicembre.
Prima l'oggetto aveva questa struttura:
 
{
      ""times"": {
 
      ""start"": Datetime,
 
      ""end"": Datetime,
 
      ""max_admissibility"": Datetime,
 
      ""max_integration_request"": Datetime,
 
      ""max_integration_response"": Datetime,
 
      ""max_conclusions_sending"": Datetime,
       },
      ""proceeding"": {
          ""id"": ""USEC-0000252"",
          ""version"": ""00.00.00"",
          ""description"": ""Segnalazione Certificata di ..."",          
       },
      ""adminstrative-regime"": {
          ""id"": ""SCIA"",
          ""version"": ""00.00.00"",
          ""description"": ""SCIA""
       }
   }
 
 
 
 
Adesso l'oggetto ritornato è questo (https://casa.catalogocl.impresainungiorno.it/catalogo/proceedings-administrative-regimes/PROC-0000516):
 
{
      ""times"": {
          ""max_gg_proc"": 60,
          ""max_gg_correction"": 5,
          ""max_gg_admissibility"": 5,
          ""max_gg_int_req"": 15,
          ""max_gg_int_resp"": 15,
          ""max_gg_concl_send"": 25,
          ""max_gg_cdss_req"": null
       },
      ""usecase-proceeding"": {
          ""id"": ""USEC-0000252"",
          ""version"": ""00.00.00"",
          ""description"": ""Segnalazione Certificata di ..."",
          ""proceeding_id"": ""PROC-0000516"",
          ""proceeding_version"": ""00.00.00"",
          ""schematron_phase"": null
       },
      ""adminstrative-regime"": {
          ""id"": ""SCIA"",
          ""version"": ""00.00.00"",
          ""description"": ""SCIA""
       }
   }
 
 
In merito ad altra nostra osservazione sull'impossibilità di raggiungere api.catalogocl.impresainungiorno.gov.it ci era stato detto che era stato rilasciato un aggiornamento generale del sistema. Può essere che la difformità ora riscontrata sulle API sia legata a tale rilascio? In tal caso, sarebbe utile avere un elenco delle modifiche apportate, quantomeno le modifiche che non garantiscono la backward compatibility, giusto per sapere cosa dover modificare del codice già sviluppato.
A tal proposito si chiede anche quale sia il branch che dobbiamo prendere per ufficiale. Noi ci basiamo su ""approved02"". E' corretto?
Nell'ultima call tecnica, ricordo che mi era stato detto che lo schema ER mostrato (https://raw.githubusercontent.com/AgID/specifiche-tecniche-DPR-160-2010/refs/heads/approved02/image/modello-concettuale-catalogo-SSU.svg) non era aggiornato all'ultima versione. Se ricordo bene, la modifica era relativa alla relazione ""procedimento regime"" che non era più agganciata al procedimento ma allo usecase. Cosa che riscontriamo anche nell'oggetto ritornato dall'api, ma non nello schema er.
 
Grazie mille
 
Saluti“
";"Sulla base della news (https://www.suapsue.gov.it/news/?news_id=26) pubblicata dal DFP sul sito di progetto SUAP&SUE, si evidenzia che è da considerare come branch di riferimento ""approved01"". Inoltre, come specificato da InfoCamere nell'ultimo incontro tecnico tenutosi il giorno 17/12/24, nel mese di dicembre erano in corso gli sviluppi e i test per garantire l'adeguamento del Catalogo alla versione ""approved01"".

Si precisa che non è previsto un documento di change log che riporti gli adeguamenti svolti sulle Specifiche Tecniche dal Gruppo Tecnico.
Si coglie l'occasione per evidenziare che la funzionalità ""compare"" della piattaforma GitHub permette di evidenziare le modifiche apportate tra due branch, come da documentazione ufficiale (https://docs.github.com/en/pull-requests/committing-changes-to-your-project/viewing-and-comparing-commits/comparing-commits). Riportiamo per facilitare la comparazione tra il branch ""main"" e il branch ""apporved01""  la sequenza di azioni da applicare:
   - Seleziona Tab ""Code"" in alto a sinistra
   - Seleziona il branch di interesse (""approved01"")
   - Clicca su ""Contribute"" - verrà aperta una tendina
   - Clicca su ""Compare""
   - Seleziona il branch con cui voglio effettuare una comparazione (di default viene fornito già il ""main"")
   - Tramite il tab ""Commits"" vengono mostrati i singoli commit di lavorazione
   - Tramite il tab ""Files Changed"" vengono mostrati i file aggiornati rispetto a tutti i commit effettuati sul branch
L'effetto della procedura indicata è il seguente URL ""https://github.com/AgID/specifiche-tecniche-DPR-160-2010/compare/main...approved01"".

Per quanto riguarda invece lo schema ER, si ricorda che durante le fasi di aggiornamento delle Specifiche Tecniche, il Gruppo Tecnico ha riscontrato la necessità di modificare la relazione associata ad un regime amministrativo, legando quest'ultimo alla fattispecie e non più al procedimento. La motivazione che ha spinto alla ridefinizione del modello ER del Catalogo è dovuta dal fatto che, come indicato nell'esempio posto nel quesito, gli endoprocedimenti attivati in un procedimento SUAP possono condizionare il regime amministrativo ad esso associato. Quindi, assumendo che vi siano più endoprocedimenti associati ad una fattispecie, il regime amministrativo del procedimento SUAP è determinato dalla fattispecie più condizionante, ovvero quella che richiede più azioni bloccanti per il presentatore. Interpretando di nuovo l'esempio riportato nella richiesta, applicando questa logica, considerato un procedimento che attiva la fattispecie ""Avvio esercizio di vicinato"", a cui sarà associato l'endoprocedimento (ovvero una fattispecie secondaria) ""Vendita di oggetti preziosi"", il regime amministrativo non sarà più SCIA (ovvero quello associato ad ""Avvio esercizio di vicinato"") ma diventerà Autorizzazione/Domanda. 

Si ricorda che le fattispecie sono utilizzate per: 
   - definire 1-a-1 i controlli Schematron da applicare per le verifiche automatiche, pertanto, il regime amministrativo deve essere associato a livello di fattispecie per garantire tali controlli;
   - registrare all'interno del Catalogo gli endoprocedimenti obbligatori per le stesse, ad esempio per ""Avvio esercizio di vicinato"", definendo la fattispecie ""Avvio esercizio di vicinato con vendita di oggetti preziosi"", si rende obbligatorio l'attivazione dell'endoprocedimento ""Vendita di oggetti preziosi"".

Si coglie l'occasione di segnale che sarà previsto l'aggiornamento del diagramma ER del Catalogo SSU secondo quanto precisato precedentemente.";n.a.
83;6ba44fc6a26047bfae3b53e36369fa2b;"Buon pomeriggio,
chiediamo il vostro cortese riscontro in merito alla richiesta pervenutaci dalla Software House XXX:

""Buongiorno,
è possibile avere una documentazione dettagliata in merito al CUI e alla chiamata all'api /request_cui?
In particolare, vorremmo capire quali sono i dati da inviare per effettuare la richiesta, dato che, dallo swagger, l'oggetto della request e quello della response coincidono. Ci saremmo aspettati un oggetto per la request con le sole proprietà necessarie per chiamare l'api e un oggetto per la response.
Ci servirebbe anche una descrizione dell'oggetto CUI che vada oltre a quanto presente nello swagger.
Ad esempio la proprietà obbligatoria ""usecase_proceedings.instance.ref"", che viene descritta come ""riferimento all'elemento dell'istanza relativo al procedimento"" non ci è chiara.

Grazie
Cordiali saluti""";"Analizzando il sequence-diagram General-001 è possibile verificare che a seguito della richiesta ""request_cui"" (step 1) seguono due note insieme alla risposta fornita dal Catalogo SSU:
 - instanceDescriptor senza cui: il Catalogo riceve l'instanceDescriptor generato dal FO con i dati popolati dal presentatore e ne richiede l'associazione del CUI;
 - instanceDescriptor con cui: il Catalogo registra l'instanceDescriptor e associa ad esso un CUI, tramite il quale da questo momento in poi ogni singolo componente potrà accedere a tale risorsa utilizzando il codice univoco che funziona come chiave di ricerca.

Il CUI, definito tramite l'oggetto definito da ""cui-schema.yaml"", rappresenta il codice univoco dell'istanza, ovvero la chiave identificativa unica dei procedimenti SUAP. Tramite lo stesso sarà possibile accedere all'instanceDescriptor e a tutti i metadati del procedimento. Tra gli attributi che lo caratterizzano ci sono:
 - context: il contesto dell'instanza a cui appartiene il CUI (es. ""SUAP"")
 - data: la data di emissione del CUI
 - progressivo: un numero progressivo a rotazione annuale (es. 100)
 - uuid: la chiave univoca del CUI che verrà utilizzata nelle chiamate dei servizi esposti dai componenti

Per concludere, l'attributo ""ref"" rappresenta il riferimento di un elemento gestito all'interno dell'istanza, ovvero il valore che deve essere utilizzato per ottenere il relativo ""resource_id"", presente all'interno dell'""instance-index (instance-index-schema), necessario per il recupero del documento di interesse tramite il servizio ""/instance/{cui_uuid}/document/{resource_id}"".

Qualora vi sia la necessità di ulteriori chiarimenti, la invitiamo a contattarci tramite il canale di messaggistica del ticket.
Le comunichiamo inoltre che, in assenza di ulteriori richieste, il presente ticket sarà chiuso automaticamente dal sistema entro 7 giorni lavorativi.";n.a.
84;f3eea042c34542f1817f7a86fddb1d22;"Ticket aperto per conto di XXX.:
""Buongiorno,

chiediamo chiarimenti sulla differenza tra Municipality e Competent_Administration.

Ad esempio nell'API request_cui sono da specificare entrambe.

Grazie

Saluti""";"La ""municipality"" rappresenta l'identificativo del comune in cui l'istanza è stata presentata ed è necessario a determinare l'ambito territoriale del procedimento. L'attributo ""municipality"" è utilizzato per recuperare il/i procedimento/i applicato nello specifico Comune.
L'ambito territoriale, ovvero il ""territorial_scope"", contenuto all'interno di un procedimento indica l'ambito di ricerca a livello territoriale dello stesso.  Identificato dal codice ISTAT a 6 cifre, tale codice può assumere il valore ""000000"" per ricondurre un procedimento con inquadramento a livello Nazionale, alternativamente, i codici assumeranno le seguenti forme in relazione all'ambito territoriale in cui il procedimento si applica:
  - XX = codice istat 2 cifre regione = REGIONE;
  - XXX = codice istat 3 cifre provincia = PROVINCIA;
  - XXXXXX = codice istat 6 cifre comune = COMUNE.
Il codice identificativo dell'ambito territoriale viene utilizzato per la ricerca del procedimento più prossimo al Comune. In breve, dato un Comune, per la coppia evento della vita e tipologia procedimento, si selezionano:
- il procedimento se definito su base comunale;
- altrimenti, il procedimento se definito su base provinciale;
- altrimenti, il procedimento se definito su base regionale;
- altrimento, il procedimento definito su base nazionale.

La ""competent_administration"", definito dall'oggetto ""AdministrationSchema"", registra i riferimenti dell'anagrafica di una componente amministrativa censita all'interno del Catalogo SSU ed è caratterizzata dai seguenti attributi:
 - ipacode: registra il Codice IPA (Codice_IPA), associato alle PA direttamente nell'Indice IPA;
 - officecode: registra il codice dell'ufficio della PA coinvolto nei procedimenti SUAP. Le PA possono scegliere di adottare un proprio riferimento interno o utilizzare il codice UO (Codice_uni_uo), registrato dalle stesse nell'Indice IPA;
 - version: specifica la versione dell’oggetto AdministrationSchema, associato all’ufficio della PA;
 - description: fornisce una descrizione dell’ufficio della PA.

Analizzando il ""modello-concettuale-catalogo-SSU"" è possibile vedere come un Procedimento caratterizzato dall'attributo ""ambito territoriale"" sia legato ad una Struttura Ente (competent_administration) tramite una relazione Competenza Procedimento che ha come chiave il comune, ovvero la ""municipality"".";n.a.
85;c17319830f9743a19320035ab3ec5805;"Ticket aperto per conto di XXX.:
""Buongiorno,
nelle API bulk che ritornano le informazioni del suap, quindi /suaps-by-municipality/{municipality_list} e /suaps-by-id/{id_suap_list} non viene (più) ritornata la proprietà municipality. Questa proprietà è fondamentale, altrimenti viene ritornata una lista di suap di cui non si sa il Comune di riferimento.""";"Le comunichiamo che è attulamente in corso l'aggiornamento dei servizi inficati al fine di integrare l'attributo ""municipality"" che risulta essere mancante nel branch ""approved01"".
Tali aggiornamenti sono soggetti ad un processo di approvazione e la loro pubblicazione sarà realizzati nei modi previsti dalla norma.

Qualora vi sia la necessità di ulteriori chiarimenti, la invitiamo a contattarci tramite il canale di messaggistica del ticket.
Le comunichiamo inoltre che, in assenza di ulteriori richieste, il presente ticket sarà chiuso automaticamente dal sistema entro 7 giorni lavorativi.";n.a.
86;bcc5f5d2a9bf4b1f8f16a7f5ddba6a20;"Ticket aperto per conto di XXX.:
""Buongiorno,

si chiede se il modello concettuale riportato al seguente URL delle specifiche è quello corretto e aggiornato:

https://github.com/AgID/specifiche-tecniche-DPR-160-2010/blob/mantaince002/image/modello-concettuale-catalogo-SSU.png

In caso contrario si chiede dove reperire il modello aggiornato.""";"Le comunichiamo che è attulamente in corso l'aggiornamento del modello concettuale catalogo SSU nel branch ""approved01"", al fine di adeguare la relazione tra i regimi amministrativi e le fattispecie di un procedimento.

Qualora vi sia la necessità di ulteriori chiarimenti, la invitiamo a contattarci tramite il canale di messaggistica del ticket.
Le comunichiamo inoltre che, in assenza di ulteriori richieste, il presente ticket sarà chiuso automaticamente dal sistema entro 7 giorni lavorativi.";n.a.
87;f64ff2e9ee704f9bb742adceaba97e18;"Ticket aperto per conto di XXX.:
""Buongiorno,

con l'ultimo aggiornamento delle API, l'api per recuperare gli XSD (https://casa.catalogocl.impresainungiorno.it/catalogo/form/{form_id}/{form_version}/xsd) non ritorna più la resource, ovvero il file.

Esempio di chiamata:

https://casa.catalogocl.impresainungiorno.it/catalogo/form/FORM_SUE_2/00.00.00/xsd """;"La presente richiesta chiede un supporto circa la fruizione di un servizio esposto da ""impresainungiorno"" il cui gestore risulta essere InfoCamere. Data la natura della richiesta, la invitiamo a contattare direttamente il gestore per richiedere supporto in merito alle funzionalità ed eventuali bug del sistema.

Qualora vi sia la necessità di ulteriori chiarimenti, la invitiamo a contattarci tramite il canale di messaggistica del ticket.
Le comunichiamo inoltre che, in assenza di ulteriori richieste, il presente ticket sarà chiuso automaticamente dal sistema entro 7 giorni lavorativi.";n.a.
88;374e33178be748b6b4d24dcb75152083;"Contesto Amministrazione competente, in merito al campo competent_administration presente nell’instanceDescriptor:
1. Nella RequestIntegrationRequest, il campo integration_list.integration_request.requester_administration ha la stessa struttura della competent_administration.
Si chiede perché, da una chiamata operata da noi Ente Terzo sia necessario specificare il campo testuale description all’interno di questo oggetto. Questo oggetto dev’essere riportato così com’è valorizzato sul relativo usecase_proceeding del instanceDescriptor?

Nel contesto dell’oggetto InstanceDescriptor:
1. L’InstanceDescriptor, sul campo times riporta i campi max_integration_request e max_integration_response, dobbiamo assumere che siano già definiti ed immutabili quando l’istanza arriva all’Ente Terzo oppure vengono ridefiniti in fase di richiesta di integrazione?
2. Entrambi gli oggetti instance e activity_model fanno riferimento ad un file (strutturato o meno), qual è la differenza di contenuto tra i due?

Contesto Documenti ed allegati, al fine di poter estrarre informazioni di contenuto sulla pratica:
1. si chiede se si può far riferimento al file strutturato suap.xml, e si chiede conferma che esso abbia una struttura fissa e standardizzata indipendentemente dal tipo di pratica.";"Un ET nel momento in cui invia una richiesta di integrazione ad un BO deve esplicitare nella lista delle integrazioni richieste l'anagrafica della propria amministrazione competente. Poiché un BO può ricevere più richieste integrative di varia natura dei diversi ET coinvolti, riportare l'oggetto AdministrationSchema del richiedente è indispensabile per identificare chi ha effettuato la richiesta di integrazione. Il campo ""description"" riportato nell'AdministrationSchema riporta una breve descrizione al fine di identificare l'ufficio dell'amministrazione (es. ""DISTRETTO SANITARIO ALBENGANESE""). Inoltre, tale campo non è equivalente al campo description dell'oggetto ""usecase_proceeding"" dato che in questo caso la descrizione identifica la fattispecie del procedimento e non l'ufficio dell'amministrazione ad esso associato.

Per chiarire il quesito in merito ai campi riportati nell'oggetto Times, questi sono valorizzati in fase preliminare alla creazione dell'InstanceDescriptor però non sono immutabili, poichè, prendendo come esempio un caso d'uso dove un ET inoltra una richiesta di integrazione, alcuni campi possono essere soggetti ad un aggiornamento. Considerato che tale richiesta di integrazione comporta una sospensione dei tempi procedimentali nel momento in cui il BO inoltra la richiesta di integrazione al FO, il BO deve effettuare un aggiornamento dei tempi procedimentali al Catalogo SSU, aumentando tali tempi pari al numero di giorni concessi al presentatore per effettuare l'integrazione. La ricezione della documentazione di integrazione comporta una secondo aggiornamento dei tempi, rimuovendo i giorni non utilizzati dal presentatore per rispondere all'integrazione.

Affrontando invece il tema riguardante l'oggetto ""instance"" e ""activity_model"", si precisa che:
 - l'oggetto ""instance"" rappresenta la porzione dell'istanza del procedimento SUAP, relativa per ogni singola fattispecie che lo compone;
 - l'oggetto ""activity_model"" invece rappresenta il file MDA gestito nei procedimenti SUAP già esistenti e tale oggetto è stato integrato al fine di poter gestire il transitorio durante la fase di adeguamento alla nuova struttura.

Infine, per il quesito posto in merito al file ""suap.xml"", data la natura della richiesta e al dettaglio posto, si invita a effettuare tale quesito al sistema di supporto del gestore di tale oggetto: InfoCamere.

Qualora vi sia la necessità di ulteriori chiarimenti, la invitiamo a contattarci tramite il canale di messaggistica del ticket.
Le comunichiamo inoltre che, in assenza di ulteriori richieste, il presente ticket sarà chiuso automaticamente dal sistema entro 7 giorni lavorativi.";n.a.
89;8e31e05c097b413db49e3aa108a6fb63;"Stiamo sviluppando il componente integrativo SUAP da ente terzo per conto di Regione XXX. E' previsto che il nostro sviluppo si integri col sistema SUAP entro Luglio 2025.
Come comunicatoci in altra sede stiamo prendendo come branch di riferimento l'approved01. Stiamo riscontriamo modifiche in corso su altri branch.
Possiamo considerare la versione attualmente presente su Approved01 come definitiva per fine Luglio 2025?
Se così non fosse, quando saranno consolidati definitivamente i servizi e i flussi previsti dal sistema SUAP?";"Sulla base della news (https://www.suapsue.gov.it/news/?news_id=26) pubblicata dal DFP sul sito di progetto SUAP&SUE, si evidenzia che è da considerare come branch di riferimento ""approved01"". Si informa inoltre che non sono previste ulteriori aggiornamenti ufficiali prima di Luglio 2025, pertanto, il suddetto branch può essere ritenuto quello definitivo in questa finestra temporale.

Qualora vi sia la necessità di ulteriori chiarimenti, la invitiamo a contattarci tramite il canale di messaggistica del ticket.
Le comunichiamo inoltre che, in assenza di ulteriori richieste, il presente ticket sarà chiuso automaticamente dal sistema entro 7 giorni lavorativi.";n.a.
90;5ac83871e79e4b5086b3724216635f93;"Come possiamo simulare una send_instance contente dati processabili successivamente dal client di sviluppo visibile sulla PDND di collaudo “SVIL - SSU BO to ET” e ""CATALOGO - GESTIONE ISTANZA - ENTI TERZI""?
- Potete fornirci un insieme di request congruenti ai dati presenti in collaudo?
- Potete fornirci documentazione completa che descrive il workflow di utilizzo della Suite Black Box di collaudo ""ACCREDITAMENTO SUAP ED ENTI-TERZI - SUITE DI BLACK-BOX-TEST""? In quanto non è definita la descrizione dei campi richiesti dagli e-service.
Riepilogando, sarebbe utile ottenere esempi di istanze:

Si chiede un esempio di send_instance, cioè del body della call all’Ente Terzo.
Request_integration (Richiesta di integrazione):
2.1. Si chiede un esempio di oggetto RequestIntegrationRequest, quindi della richiesta di integrazione come creata da noi Ente Terzo.
2.2. Da documentazione riscontriamo che una volta soddisfatta la richiesta di integrazione si riceve una send_instance. Il cui di questa nuova istanza è lo stesso dell’istanza di partenza? Si chiede un esempio di send_instance successiva all’integrazione.
2.3. Una volta soddisfatta la richiesta di integrazione l’instanceDescriptor può variare in tutti i suoi campi? Ci sono dei campi specifici che varieranno (es: versione?)
2.4. Un Ente Terzo può inviare più richieste di integrazione contestualmente alla stessa istanza? Per inviarne una seconda, deve necessariamente aspettare che sia conclusa la richiesta precedente?
2.5. C’è un numero limite di integrazioni richiedibili sulla stessa istanza?
Send_conclusion (Conclusione):
3.1. Si chiede un esempio di SendConclusionRequests (cioè invio dell'esito) nei casi di richiesta di conformazione, richiesta di sospensione, parere negativo e parere positivo.
3.2. Si chiede se sia possibile inviare una send_conclusion mentre la pratica è in attesa di integrazione da parte del richiedente, quindi subito dopo aver effettuato una request_integration ma prima che questa sia stata soddisfatta.
retry: In merito allo scambio retry come descritto dal workflow RETRY-001
4.1. si chiede in generale una spiegazione sull’ambito di applicazione di questo flusso
4.1.1. quando può esserci da parte dell’Ente Terzo la richiesta di una Retry? Presumiamo sia un’operazione manuale effettuata dall’operatore dell’Ente Terzo.
4.1.2. se possibile chiediamo qualche esempio in cui l’Ente Terzo ne sia coinvolto sia nella ricezione che nell’invio della Retry.
4.2. si chiede un esempio di chiamate con relativi url, body e response:
4.2.1. di un’operazione che fallisce (rilevata incoerenza tra i dati ricevuti)
4.2.2. del nuovo tentativo corretto della stessa operazione fallita al punto precedente.";"Considerata la natura del ticket e il dettaglio richiesto, si invita a inoltrare i quesiti posti al sistema di supporto di InfoCamere, in qualità di gestore della suite di Black Box, per chiarire direttamente con loro le modalità e i dati che devono essere adottati.

Ad ogni modo, al fine di dare un supporto ad alto livello, si coglie l'occasione per chiarire i seguenti punti:
 - Richiesta di integrazione: il CUI, rappresenta l'identificativo di ogni procedimento SUAP, pertanto, il suo valore non può variare. Differentemente, il valore della versione dell'InstanceDescriptor è soggetta a variazioni, in particolare ad un incremento del suo valore, per tenere traccia dei vari aggiornamenti degli attributi contenuti al suo interno (ad esempio: instance_status, times, etc.). Infine si precisa che il numero massimo di richieste che un ET può inoltrare è pari a 1;
 - Conclusione: il dettaglio dell'applicazione del flusso della gestione delle richieste di conclusione sono riportate nei Sequence Diagram relativi allo SCIA e alla Autorizzazione. In generale, l'inoltro delle conclusioni, relativamente all'ambito di competenza di ogni ET, avvengono al termine delle istruttorie degli ET, sulla base dell'istanza presentata dal BO o solo a seguito dell'analisi delle integrazioni inoltrate a seguito di una richiesta. Volendo fare un parallelismo tra SCIA e Autorizzazione, nello SCIA è possibile effettuare una richiesta di conformazione nel processo di gestione delle conclusioni ma non è previsto l'inoltro di un parere positivo (poichè non previsto nel suddetto regime amministrativo), differentemente, nell'Autorizzazione, è presente l'invio di un parere positivo ma non la richiesta di conformazione. Tutte le conclusioni inoltrate dagli ET vengono poi analizzate dal BO al fine di redigere le conclusioni dell'intero procedimento SUAP;
 - Retry: il workflow Retry-001 è stato definito al fine di gestire eventuali richieste di ri-trasmissione delle operazioni, nel caso in cui la componente ricevente rilevi una incoerenza nei dati ricevuti dalla componente mittente. Tale operazione viene invocata quindi dall'ET manualmente qualora riscontri un problema nella comunicazione instaurata dal BO e può essere applicata per ogni servizio POST esposto dall'ET verso il BO. Nella richiesta di ritrasmissione deve essere riportato:
  - il cui;
  - l'operation (quindi in questo caso i valori possono essere ""notify"" o ""send_instance"");
  - il codice di errore e la sua descrizione.

Qualora vi sia la necessità di ulteriori chiarimenti, la invitiamo a contattarci tramite il canale di messaggistica del ticket.
Le comunichiamo inoltre che, in assenza di ulteriori richieste, il presente ticket sarà chiuso automaticamente dal sistema entro 7 giorni lavorativi.";n.a.
91;e52fc65ff83345808561fb35f32c856e;"Buongiorno, sottoponiamo alla vostra cortese attenzione la parte rilevante e le nostre considerazione in merito alla richiesta pervenuta dall'ente XXX:
"".Inoltre confrontandoci tra vari colleghi di SUAP diversi, ci accorgiamo di avere capito cose diverse, in particolare non ci è chiaro se gli allegati alle pratiche vengano gestiti nel sistema. In pratica quando si dice nelle slide ""il back office SUAP inoltra l'istanza alle PA interessate"" ciò significa che tramite il sistema informatico viene inviato tutto, anche tutti gli allegati? Perchè diversi collega hanno capito che i sistemi informatici si limitano ad una specie di ""allert"" di arrivo pratica e convocazione CdS, arrivo integrazioni, ecc., ma i documenti veri e propri su cui si fa l'istruttoria non sono gestiti tramite questi web service... Vorremmo avere chiarezza su questo, perchè sono passaggi veramente poco chiari che incideranno pesantemente sul nostro lavoro futuro e sui tempi di risposta alle imprese.""
------------------------------------------------------------------------------------------------------------------------------------------------------
Abbiamo preparato la seguente risposta, che vi chiediamo la gentilezza di validare/correggere prima di procedere con l'invio al mittente:
""Gli allegati vengono inviati a seguito di una richiesta tramite web service dal back office all’ente terzo e viceversa dall’ente terzo al back office dove previsto dai sequence diagram.
L’API esposta instance/{cui_uuid}/document/{resource_id} permette alla componente Ente terzi nel caso l’api sia esposta dalla componente Back-office SUAP (viceversa alla componente Back-office SUAP nel caso l’api sia esposta dalla componente Ente terzi) di recuperare una specifica risorsa (xml o documento digitale) in relazione ad una data istanza di procedimento;
L’API di AUDIT permette ai vari sistemi Front-office SUAP, Back-office SUAP e Enti terzi, di notificare al Catalogo SSU le interazioni a cui un’istanza è sottoposta.

Riferimenti alle specifiche:

8.4.2.2. e-service Back-office SUAP per Enti terzi
I protocolli di comunicazione indicati al paragrafo “6.2. Protocolli di comunicazione” indicano che i Back-office SUAP devono rendere disponibili agli Enti terzi le operation:
• request_integration, per permettere agli Enti terzi di inoltrare la richiesta di integrazione in relazione ad una data istanza di procedimento;
• request_cdss, per permettere agli Enti terzi di inoltrare la richiesta della conferenza di servizi sincrona in relazione ad una data istanza di procedimento;
• send_conclusions, per permettere agli Enti terzi di inoltrare la conclusione delle proprie istruttorie in relazione ad una data istanza di procedimento;
• instance/{cui_uuid}/document/{resource_id}, per permettere agli Enti terzi di recuperare una specifica risorsa (xml o documento digitale) in relazione ad una data istanza di procedimento;

8.4.3.1. e-service Enti terzi per Back-office SUAP
I protocolli di comunicazione indicati al paragrafo “6.2. Protocolli di comunicazione” indicano che gli Enti terzi devono rendere disponibili ai Back-office SUAP le operation:
• send_instance, per permettere al Back-office SUAP di inoltrare i riferimenti ad un’istanza di procedimento;
• instance/{cui_uuid}/document/{resource_id}, per permettere al Back-office SUAP di recuperare una specifica risorsa (xml o documento digitale) in relazione ad una data istanza di procedimento;
• notify, per permettere al Back-office SUAP di notificare la variazione di una data istanza di procedimento;""

Grazie mille";"Si conferma quanto indicato nella vostra proposta di risoluzione della richiesta e la riteniamo completa e corretta per essere inviata al referente del ticket.

Qualora vi sia la necessità di ulteriori chiarimenti, la invitiamo a contattarci tramite il canale di messaggistica del ticket.
Le comunichiamo inoltre che, in assenza di ulteriori richieste, il presente ticket sarà chiuso automaticamente dal sistema entro 7 giorni lavorativi.";n.a.
92;637d083487914cbd9c74781196cdead4;"Buongiorno, sottoponiamo alla vostra cortese attenzione un quesito pervenutoci dalla software house XXX:
""Catalogo moduli - Type nella sezione notifica sanitaria
Si tratta di un errore quello che è presente nella sezione sec_notifica_sanitaria_avvio_ctype?
<xsd:element name=""identificazione"" type=""ensapeid:notifica_sanitaria_apertura_identificazione_type"" minOccurs=""1"" maxOccurs=""1""/>
Si tratta di un errore e si voleva scrivere _ctype oppure possiamo aspettarci dei _type?""";"Considerata la natura della richiesta e al dettaglio posto, si invita a effettuare tale quesito al sistema di supporto del gestore di tale oggetto: InfoCamere.

Qualora vi sia la necessità di ulteriori chiarimenti, la invitiamo a contattarci tramite il canale di messaggistica del ticket.
Le comunichiamo inoltre che, in assenza di ulteriori richieste, il presente ticket sarà chiuso automaticamente dal sistema entro 7 giorni lavorativi.";n.a.
93;5d54d7811cb3441d9e8040297f2364a9;"Buongiorno, sottoponiamo alla vostra cortese attenzione il quesito pervenutoci dalla software house XXX:
""Definizioni di simpleType
Ci sono delle definizioni di simpleType all’interno di alcuni XSD diversi dal commons-tipi, è voluto o è solo per il work in progress?
In particolare all’interno dell’entità ent_indirizzo_estero:
• descrizione_indirizzo_estero_stype
• codice_postale_estero_stype
• localita_estero_stype
In ent_persona abbiamo la definizione di localita_estero_stype
In ent_iscrizione_REA addirittura abbiamo un simpleType numero_rea_stype che è banalmente una stringa
In ent_rappresentanza abbiamo come simpleType ruolo_rappresentanza_stype che è banalmente un vocabolario, in più nello stesso file le dichiarazioni sono invertite avendo il complexType dichiarato dopo l’element ctype.""";"Considerata la natura della richiesta e al dettaglio posto, si invita a effettuare tale quesito al sistema di supporto del gestore di tale oggetto: InfoCamere.

Qualora vi sia la necessità di ulteriori chiarimenti, la invitiamo a contattarci tramite il canale di messaggistica del ticket.
Le comunichiamo inoltre che, in assenza di ulteriori richieste, il presente ticket sarà chiuso automaticamente dal sistema entro 7 giorni lavorativi.";n.a.
94;"4ed2c99925924966887b47434439f033
 ";"	
Buongiorno,
sottoponiamo alla vostra cortese attenzione un quesito pervenutoci dalla software house XXX:
""Nella porzione riferita allo scambio di pareri con gli ET, a nostro avviso manca la possibilità che un ET trasmetta un parere negativo che porti al diniego della pratica""";"Nel regime SCIA e Autorizzazione, un ET può trasmettere un parere esplicito al termine delle sue istruttorie in merito ad un procedimento. 
Questo può avvenire perchè, nel caso in cui si riscontrino dei pareri negativi che impediscono la prosecuzione dell'attività, è prevista la comunicazione di un provvedimento di divieto di prosecuzione, trasmesso tramite l'oggetto ""NegativeOutcomeRequired"" (mappato tramite l'attributo conclusion_type ""/send_conclusions"") nella chiamata al servizio esposto dal BO  ""/send_conclusions"".
Tale oggetto trasmesso dall'ET verso il BO permetterà di notificare:
 -""cui"":  il cui dell'Instance Descriptor;
 - ""instance_descriptor_version"": la versione dell'Instance Descriptor;
 - ""negative_outcome_motivation"": la motivazione dell'esito negativo;
 - ""conclusions_type"": il tipo di conclusione (""suspension_requested"").

Si evidenzia che il path in questione è soggetto da un aggiornamento durante l'attuale ciclo di revisone del Gruppo Tecnico, che vede  in corso la riformulazione l'attributo ""suspension_requested"" per mantenere una corretta concordanza con l'oggetto (NegativeOutcomeRequired) a cui è associato.
Tali aggiornamenti sono soggetti ad un processo di approvazione e la loro pubblicazione sarà realizzata nei modi previsti dalla norma.

Qualora vi sia la necessità di ulteriori chiarimenti, la invitiamo a contattarci tramite il canale di messaggistica del ticket.
Le comunichiamo inoltre che, in assenza di ulteriori richieste, il presente ticket sarà chiuso automaticamente dal sistema entro 7 giorni lavorativi.";n.a.
95;36dbcbc47765452badc0fe636e7e90c7;"Buongiorno,
sottoponiamo alla vostra cortese attenzione un quesito pervenutoci dalla software house XXX:
""Nella porzione riferita alla conformazione del flusso SCIA, a nostro avviso manca: A) la parte di flusso che consente all’utente di trasmettere la documentazione relativa all’avvenuta conformazione così come previsto dall’art. 18 com. 3 della L n. 241/1990; B) la parte di flusso che permette al SUAP di inviare agli ET la documentazione attestante l’avvenuta conformazione per le verifiche di competenza; C) la parte di flusso che consente al SUAP di trasmettere il diniego a seguito della mancata trasmissione da parte dell’utente della documentazione attestante l’avvenuta conformazione; D) la parte di flusso che consente al SUAP di trasmettere il diniego a seguito della mancata o errata conformazione dell’attività""";"Si segnala che il processo di conformazione, che  vede coinvolto solamente il regime amministrativo SCIA, è attualmente in fase di adeguamento nel secondo ciclo di aggiornamento delle Specifiche Tecniche .
Nei prossimi aggiornamenti, verranno adeguati, oltre al workflow, anche il relativo sequence-diagram e le openAPI,  al fine di garantire la corretta comunicazione tra i componenti per gestire il flusso di ritorno della documentazione conformata e l'inoltro dell'esito finale. Al fine di ovviare al problema, allo stato attuale, è possibile gestire tale comunicazione tramite delle soluzioni extra-sistema.
Tali aggiornamenti sono soggetti ad un processo di approvazione e la loro pubblicazione sarà realizzata nei modi previsti dalla norma.

Qualora vi sia la necessità di ulteriori chiarimenti, la invitiamo a contattarci tramite il canale di messaggistica del ticket.
Le comunichiamo inoltre che, in assenza di ulteriori richieste, il presente ticket sarà chiuso automaticamente dal sistema entro 7 giorni lavorativi.";n.a.
96;7e4120c5820a4725ae4207b64a9daaec;"Sottoponiamo alla vostra cortese attenzione il quesito pervenutoci dalla software house XXX:
""Gli XSD attualmente disponibili su GIT contengono le informazioni relative al design dei dati ma non informazioni non funzionali quali: label,minihelp, formato... Possono essere incluse nello stesso XSD o devono essere gestite nella knowledge base dei corrispondenti procedimenti amministrativi della piattaforma SUAP?""";"Considerata la natura della richiesta e al dettaglio posto, si invita a effettuare tale quesito al sistema di supporto del gestore di tale oggetto: InfoCamere.

Qualora vi sia la necessità di ulteriori chiarimenti, la invitiamo a contattarci tramite il canale di messaggistica del ticket.
Le comunichiamo inoltre che, in assenza di ulteriori richieste, il presente ticket sarà chiuso automaticamente dal sistema entro 7 giorni lavorativi.";n.a.
97;65255ff2694b415ba06b83e95289de5f;"Sottoponiamo alla vostra cortese attenzione il quesito pervenutoci dalla software house XXX.:
"" E' corretto dire che se il fornitore del BO è lo stesso che dialoga con alcuni terzi (U.O.T./Polizia Municipale) e utilizza una piattaforma condivisa non ha la necessità di dialogare tramite e-service?""";"Due componenti SUAP distinti come un Ente Terzo e un Back-Office che operano sulla stessa piattaforma, se sono entrambi appartenenti allo stesso dominio amministrativo, quindi lo stesso comune, possono essere visti come un unico sistema ""monolite"" che può interagire con agli altri sistemi esterni (es. Front-Office, Catalogo SSU) tramite gli e-service. Le interazioni tra i i componenti ET e BO ospitati sulla medesima piattaforma non devono essere esposti poichè possono avvenire tramite comunicazioni interne. 
L'unico vincolo presente è legato agli eventi di Audit che devono essere sempre garantiti anche nelle comunicazioni che vedono coinvolti i due componenti ospitati sulla medesima piattaforma.

Qualora vi sia la necessità di ulteriori chiarimenti, la invitiamo a contattarci tramite il canale di messaggistica del ticket.
Le comunichiamo inoltre che, in assenza di ulteriori richieste, il presente ticket sarà chiuso automaticamente dal sistema entro 7 giorni lavorativi.";n.a.
98;32bd9057acc041d0b443ab593d651f5d;"Sottoponiamo alla vostra cortese attenzione il quesito pervenutoci dalla software house XXX:
""Gli e-service vanno erogati comunque anche se non c'è nessuno che li utilizza? (vedi FO e BO erogati dalla stessa piattaforma)""";"Due componenti SUAP distinti come un Front-Office e un Back-Office che operano sulla stessa piattaforma possono essere visti come un unico sistema ""monolite"" che può interagire con agli altri sistemi esterni (es. Enti Terzi, Catalogo SSU) tramite gli e-service. Le interazioni tra i i componenti FO e BO ospitati sulla medesima piattaforma non devono essere esposti poichè possono avvenire tramite comunicazioni interne. 
La piattaforma di accreditamento tiene già conto di questa natura accentrata sullo stesso sistema e non terrà conto durante le verifiche di conformità le comunicazioni FO-BO e viceversa.
L'unico vincolo presente è legato agli eventi di Audit che devono essere sempre garantiti anche nelle comunicazioni che vedono coinvolti i due componenti ospitati sulla medesima piattaforma.

Qualora vi sia la necessità di ulteriori chiarimenti, la invitiamo a contattarci tramite il canale di messaggistica del ticket.
Le comunichiamo inoltre che, in assenza di ulteriori richieste, il presente ticket sarà chiuso automaticamente dal sistema entro 7 giorni lavorativi.";n.a.
99;12a7118090f9496d93e34441c1eabd46;"Sottoponiamo alla vostra cortese attenzione il quesito pervenutoci dalla software house XXX.:
""Abbiamo percepito che a gennaio 2025 ci saranno nuove indicazioni per la gestione con i terzi, cosa ci dobbiamo aspettare? Esiste un piano con cui gi Enti terzi metteranno a disposizione i servizi di interoperabilità? Qual è la lista degli Enti terzi? Noi, in quanto Enti terzi, siamo liberi nella definizione delle interfacce di interoperabilità?""";"Considerata la natura della richiesta e al dettaglio posto, si invita a effettuare tale quesito al sistema di supporto del Dipartimento dalla Funzione Pubblica.

Qualora vi sia la necessità di ulteriori chiarimenti, la invitiamo a contattarci tramite il canale di messaggistica del ticket.
Le comunichiamo inoltre che, in assenza di ulteriori richieste, il presente ticket sarà chiuso automaticamente dal sistema entro 7 giorni lavorativi.";n.a.
100;9f7a49608b57405ab971d21682b461ef;"Sottoponiamo alla vostra cortese attenzione il quesito pervenutoci dalla software house XXX:
""Si richiede spiegazione della affermazione ""Il Catalogo SSU registra le informazioni relative alle pratiche presentate (si intendono i dati forniti in fase di assegnazione CIU?) e al loro stato di avanzamento nell’iter istruttorio (Audit?)"". Quindi FO e BO erogati dalla stessa piattaforma, non tenuti a dialogare tramite e-service, devono comunque effettuare AUDIT?""";"Il Catalogo SSU registra i procedimenti SUAP presentati dagli utenti tramite le componenti Front-Office SUAP e tiene traccia delle lavorazioni e, quindi, delle variazioni apportate sui procedimenti stessi. Durante la registrazione, un Front-Office deve inoltrare al Catalogo l'Instance Descriptor, ancora privo di cui, contenente tutte le informazioni compilate dal presentatore. Tramite la chiamata ""/request_cui"", il FO inoltra l'InstanceDescriptor al Catalogo chiedendo di registrarlo e assegnarli un codice univoco d'istanza (cui). Ottenuto tale codice cui, ogni altro componente potrà accedere tramite il Catalogo all'InstanceDescriptor e notificare ad esso ogni attività svolta sul procedimento invocando la chiamata ""/audit"". Le chiamata audit permettono al Catalogo di registrare le azioni svolte e quindi aggiornare lo stato dell'Instance Descriptor.
A conclusione della precisazione richiesta, si conferma che due componenti distinte FO e BO che operano sulla stessa piattaforma, anche se sono ritenute come un'unica entità devono comunque segnalare tramite audit  al Catalogo le attività svolte in merito alla pratica SUAP.

Qualora vi sia la necessità di ulteriori chiarimenti, la invitiamo a contattarci tramite il canale di messaggistica del ticket.
Le comunichiamo inoltre che, in assenza di ulteriori richieste, il presente ticket sarà chiuso automaticamente dal sistema entro 7 giorni lavorativi.";n.a.
101;0c8edc7fcb514b1e8b9504273f695828;"Sottoponiamo alla vostra cortese attenzione il quesito pervenutoci dalla software house XXX:
""Nelle specifiche sono citate le amministrazioni certificanti; quali sono e come si interfacciano? """;"Come indicato nelle Specifiche Tecniche nel paragrafo 2.4 Definizioni e abbreviazioni:
Le Amministrazioni certificanti sono le amministrazioni che, in base alla normativa vigente attestano con certezza gli stati e fatti indicati nelle istanze SUAP dai Soggetti presentatori.

Nel capitolo 10 ""Servizi resi disponibili dalle Amministrazioni certificanti"" viene precisato che è compito del Gruppo Tecnico individuare le amministrazioni certificanti da coinvolgere e collaborare con esse per la definizione e degli e-service per la certificazione/recupero dei dati. Gli e-service di tali amministrazioni saranno pubblicati sulla piattaforma PDND e resi fruibili ai Front-Office SUAP.

Qualora vi sia la necessità di ulteriori chiarimenti, la invitiamo a contattarci tramite il canale di messaggistica del ticket.
Le comunichiamo inoltre che, in assenza di ulteriori richieste, il presente ticket sarà chiuso automaticamente dal sistema entro 7 giorni lavorativi.";n.a.
102;678000b5619949d29c6909fd5fb40111;"	
Sottoponiamo alla vostra cortese attenzione il quesito pervenutoci dalla software house XXX.:
""Cos'è il Debito informativo?""";"Durante la gestione dei procedimenti SUAP all'interno del sistema SSU è compito del Back-Office mantenere aggiornato il Registro delle Imprese inoltrando ad esso i procedimenti avviati, i documenti associati, le eventuali richieste di integrazione e le conclusioni trasmesse dagli Enti Terzi. Inoltre anche il Catalogo, in qualità di gestore dei procedimenti SUAP, dovrà esporre degli e-service per garantire l'interazione diretta con il Registro delle Imprese.

Nelle Specifiche Tecniche sono riportati il sequence-diagram e le operation in carico ai componenti appartenenti al sistema SSU.

Qualora vi sia la necessità di ulteriori chiarimenti, la invitiamo a contattarci tramite il canale di messaggistica del ticket.
Le comunichiamo inoltre che, in assenza di ulteriori richieste, il presente ticket sarà chiuso automaticamente dal sistema entro 7 giorni lavorativi.";n.a.
103;0cbc2dd4a8f548dd81b4023c0517ee9e;"Sottoponiamo alla vostra cortese attenzione il quesito pervenutoci dalla software house XXX.:
""In riferimento alla figura 13. ""Modello E-R dei dati gestiti dal Catalogo SSU per registrare le regole per lo scambio informatico delle informazioni"" del documento SPECIFICHE_TECNICHE_SUAP_2023 è possibile chiarire le relazioni tra Procedimento, Procedimento Fattispecie, Fattispecie Procedimento, Endoprocedimento?""";"L'entità Procedimento presente nel ""Modello E-R dei dati gestiti dal Catalogo SSU …"" raffigura un procedimento SUAP avviato all'interno del sistema SSU ed è caratterizzato da:
 - id: l'identificativo del procedimento nel Catalogo (es. ""APERTURA_VICINATO"");
 - versione: una stringa che deve rispettare un pattern specifico ([0-9]{2}.[0-9]{2}.[0-9]{2}), ovvero tre coppie di numeri separati da un punto, ad esempio: 00.00.00;
 - evento della vita: l'evento della vita dell'attività (es. ""APERTURA"");
 - tipologia: la tipologia dell'attività (es. ""VICINATO"");
 - ambito territoriale: l'ambito territoriale, identificato dal codice istat a 6 cifre, in cui il procedimento è applicato e può essere ricondotto ad un inquadramento a livello Nazionale, Regionale, Provinciale o Comunale.

L'entità Fattispecie, identificata tramite ""Fattispecie procedimento"", è caratterizzata dagli attributi:
 - id: l'identificativo della fattispecie nel Catalogo (es. ""APERTURA_VICINATO_NON_ALIMENTARE"");
 - versione: una stringa che deve rispettare un pattern specifico ([0-9]{2}.[0-9]{2}.[0-9]{2}), ovvero tre coppie di numeri separati da un punto, ad esempio: 00.00.00;
 - fattispecie: il nome della fattispecie del procedimento amministrativo (es. ""APERTURA ESERCIZIO DI VICINATO NON ALIMENTARE"").

Partendo da queste due entità è possibile ora definire le relazioni che si possono applicare tra loro:
 - Procedimento Fattispecie: registra le varie Fattispecie attivate su un Procedimento;
 - Endoprocedimento: rappresenta la relazione tra una Fattispecie primaria e una Fattispecie secondaria dei procedimenti amministrativi. L'Endoprocedimento riporta anche un terzo attributo, ovvero ""mandatory"", il quale definisce l'obbligatorietà di attivare o meno la fattispecie secondaria.

Qualora vi sia la necessità di ulteriori chiarimenti, la invitiamo a contattarci tramite il canale di messaggistica del ticket.
Le comunichiamo inoltre che, in assenza di ulteriori richieste, il presente ticket sarà chiuso automaticamente dal sistema entro 7 giorni lavorativi.";n.a.
104;cd47109cc18c4562a479ef93cc4363e9;"Sottoponiamo alla vostra cortese attenzione il quesito pervenutoci dalla software house XXX.:
""Nel descrittore dell'istanza si parla solo di persona giuridica (e non di persona fisica)? E' un vincolo (b&b non imprenditoriale)?""";"L'attributo ""legal_person"" presente nell'Instance Descriptor permette di inserire al suo interno sia la partita IVA dell'impresa che il codice fiscale della persona.
Il pattern indicato nell'attributo è: ""^[0-9]{11}|^[A-Z]{6}[0-9LMNPQRSTUV]{2}[ABCDEHLMPRST][0-9LMNPQRSTUV]{2}[A-Z][0-9LMNPQRSTUV]{3}[A-Z]$""

Qualora vi sia la necessità di ulteriori chiarimenti, la invitiamo a contattarci tramite il canale di messaggistica del ticket.
Le comunichiamo inoltre che, in assenza di ulteriori richieste, il presente ticket sarà chiuso automaticamente dal sistema entro 7 giorni lavorativi.";n.a.
105;cbf202c3f81643b784462ba956feab11;"Sottoponiamo alla vostra cortese attenzione il quesito pervenutoci dalla software house XXX.:
""Come si deve interpretare che non tutte le voci utilizzabili nella colonna type delle operation ""retry"" non sono relative ad operation presenti nello specifico e-service ((8.4.1.1) OpenAPI 3 e-service Front-office SUAP per Back-office SUAP - type=send_instance - notify_receipt - cancel_instance)""";"L'operation ""retry"" esposta dal FO al BO (""FrontOffice SUAP to BackOffice SUAP"") permette al BO di richiedere al FO la ritrasmissione  di una chiamata perchè sono state riscontrate delle incoerenze sui dati ricevuti. Il campo ""type"" consente quindi al BO di indicare per quale servizio invocato dal FO si sta richiedendo la ritrasmissione. Per tale motivo, la lista dei servizi sono le operation di tipo POST esposte dal BO al FO (""BackOffice SUAP to FrontOffice SUAP"").

Qualora vi sia la necessità di ulteriori chiarimenti, la invitiamo a contattarci tramite il canale di messaggistica del ticket.
Le comunichiamo inoltre che, in assenza di ulteriori richieste, il presente ticket sarà chiuso automaticamente dal sistema entro 7 giorni lavorativi.";n.a.
106;8bf825c4c6904de4979f02da87957a14;"Buongiorno,
sottoponiamo alla vostra cortese attenzione un quesito pervenutoci dalla software house XXX:
""Domande sulle API: 1) i può avere un esempio pratico di inizializzazione dell'instanceDescriptor? Es. se ho un'istanza che prevede una USEC-0001 come fattispecie principale che ha un attachment e un endoproceeding USEC-0002 con due attachment. L'instanceDescriptor dovrebbe così strutturato? version: 0 #cosa rappresenta? E' da inizializzare a zero?
municipality: ""016024"",
legal_person: ""LCTPLA....856N"",
administrative_regime: {}, #deve essere compilato dal FrontOffice?
usecase_proceedings: [
{
code: ""USEC-0001"",
version: #cosa rappresenta? Chi stacca nuove versioni?,
competent_administration: {
ipacode: ""c_a794"",
officecode: ""74UNJ1"", #codice univoco da IndicePA
version: ???
description: ""Nome ufficio XXX""
},
form: {} #è obbigatorio?
instance: {
ref: """" #è l'url a cui scaricare il file?
filename: ""modulo_usec_0001.p7m"", #sono accettati anche file firmati in PADES?
hash: ""xxxx"",
alg_hash: ""S512"",
mime_type: ""application/octect-stream"", #perché è ammesso solo application/xml nelle specifiche?
activity_model: {} #cosa rappresenta?
},
attachments: [
{...}, # attachment dello USEC-0001 con la stessa struttura di instance
]
},
{
code: ""USEC-0002"",
...
instance: {
filename: ""modulo_usec_002.p7m"",
....
},
attachments: [
{...}, # primo attachment dello USEC-0002
{...}, # secondo attachment dello USEC-0002
]
}
]""";"Si conferma la struttura dell'InstanceDescriptor da inviare al Catalogo tramite la request_cui, tuttavia, risulta mancante l'attributo Times.

La versione, posta a livello di Instance Descriptor, rappresenta una chiave secondaria accoppiata al cui che lo identifica. Tale campo deve essere inizializzata dal Front-Office, considerata la sua obbligatorietà, con un valore intero (integer), preferibilmente 1.

Il regime amministrativo deve essere compilato dal Front-Office, sulla base delle indicazioni fornite dal presentare in fase di compilazione. Tale attributo richiede un oggetto composto da due attributi obbligatori: id e version. L'id rappresenta l'identificativo univoco del regime amministrativo che può assumere quattro possibili valori (inidicati tramite enum): SCIA, AUTORIZZAZIONE, SILENZIO-ASSENSO, COMUNICAZIONE. La version invece è una stringa che deve rispettare un pattern specifico ([0-9]{2}.[0-9]{2}.[0-9]{2}), ovvero tre coppie di numeri separati da un punto, ad esempio: 00.00.00.

La versione posta a livello di usecase_proceeding (fattispecie) indica la versione del modulo della fattispecie che si sta applicando nel procedimento. Tale oggetto è gestito dal Catalogo SSU, pertanto, la versione viene indicata sulla base della fattispecie di proprio interesse presente al suo interno. Le chiamate del Catalogo permettono di effettuare delle chiamate ""bulk"" al fine di recuperare tutte le versioni di una fattispecie in particolare.

Il campo form risulta essere obbligatorio solo se la fattispecie applicata è in formato strutturato. Tale campo permette di indicare il riferimento ai validatori da applicare sul modulo digitale e possono essere di due tipi:
 - xsd, che risulta essere l'unico tipo di validare sempre obbligatorio;
 - schematron, opzionale e integrativo all'xsd.

L'attributo ""ref"" rappresenta il riferimento all'elemento dell'istanza relativo al procedimento. Tale valore deve essere utilizzato per identificare il relativo ""resource_id"" presente all'interno dell'""instance-index (instance-index-schema), necessario per il recupero del documento di interesse tramite il servizio ""/instance/{cui_uuid}/document/{resource_id}"".

I file possono essere firmati digitalmente sia in formato CADES che PADES.

L'oggetto ""activity_model"" invece rappresenta il file MDA gestito nei procedimenti SUAP già esistenti e tale oggetto è stato integrato al fine di poter gestire il transitorio durante la fase di adeguamento alla nuova struttura.

Qualora vi sia la necessità di ulteriori chiarimenti, la invitiamo a contattarci tramite il canale di messaggistica del ticket.
Le comunichiamo inoltre che, in assenza di ulteriori richieste, il presente ticket sarà chiuso automaticamente dal sistema entro 7 giorni lavorativi.";n.a.
107;ff4b0ce7e06546d2a42df4ef22f008ff;"Buongiorno,
sottoponiamo alla vostra cortese attenzione un quesito pervenutoci dalla software house XXX:
""Domande sulle API: 2) l’attributo context del cui ottenuto in risposta nella /request_cui cosa rappresenta? La municipality?

Domande sulle API: 3) Quando si invoca il metodo /send_instance come deve essere popolato InstanceIndex?
- deve essere un array di 5 items (2 moduli + 3 attachments)?
- cosa rappresenta instance_descriptor_version? se è la versione perché viene dichiarata string visto che nell'instanceDescriptor è un integer?
- l’attributo ref dichiarati nei file per ciascun item deve corrispondere a quello dichiarato in ciascuno file correlato nell'InstanceDescriptor?""";"Il CUI, definito tramite l'oggetto definito da ""cui-schema.yaml"", rappresenta il codice univoco dell'istanza, ovvero la chiave identificativa unica dei procedimenti SUAP. Tramite lo stesso sarà possibile accedere all'instanceDescriptor e a tutti i metadati del procedimento. Tra gli attributi che lo caratterizzano ci sono:
 - context: il contesto dell'instanza a cui appartiene il CUI (es. ""SUAP"")
 - data: la data di emissione del CUI
 - progressivo: un numero progressivo a rotazione annuale (es. 100)
 - uuid: la chiave univoca del CUI che verrà utilizzata nelle chiamate dei servizi esposti dai componenti

La ""municipality"" rappresenta l'identificativo del comune in cui l'istanza è stata presentata ed è necessario a determinare l'ambito territoriale del procedimento. L'attributo ""municipality"" è utilizzato per recuperare il/i procedimento/i applicato nello specifico Comune.
L'ambito territoriale, ovvero il ""territorial_scope"", contenuto all'interno di un procedimento indica l'ambito di ricerca a livello territoriale dello stesso.  Identificato dal codice ISTAT a 6 cifre, tale codice può assumere il valore ""000000"" per ricondurre un procedimento con inquadramento a livello Nazionale, alternativamente, i codici assumeranno le seguenti forme in relazione all'ambito territoriale in cui il procedimento si applica:
  - XX = codice istat 2 cifre regione = REGIONE;
  - XXX = codice istat 3 cifre provincia = PROVINCIA;
  - XXXXXX = codice istat 6 cifre comune = COMUNE.
Il codice identificativo dell'ambito territoriale viene utilizzato per la ricerca del procedimento più prossimo al Comune. In breve, dato un Comune, per la coppia evento della vita e tipologia procedimento, si selezionano:
- il procedimento se definito su base comunale;
- altrimenti, il procedimento se definito su base provinciale;
- altrimenti, il procedimento se definito su base regionale;
- altrimento, il procedimento definito su base nazionale.

L'instanceIndex contine la lista di documenti associati ad una istanza resa disponibile da una componete, identificati univocamente da un proprio resource_id. Il resource_id è un identificativo univoco nel dominio della componente,  quindi è l'unica chiave che permette il recupero di un documento dell'istanza reso dispoponibile dai componenti SUAP ed ET. La resource_id è strettamente legato al ""ref"" della risporsa presente nel istance-description, ovvero il riferimento in relazione al CUI dell'istanza. Tale attributo ""ref"" presente sull'instance-index deve corrispondere presenti  nell'InstanceDescriptor:
 - ""activity_model"" (usecase_proceedings.instance.activity_model);
 - ""attachments"" (usecase_proceedings.attachments).
Così facendo, si crea un legame tra un documento e l'istanza a cui è associato tramite il quale viene garantito l'accesso a tale risorsa tramite il servizio ""/instance/{cui_uuid}/document/{resource_id}"".

La struttura dell'InstanceDescriptor è un array di oggetti caratterizzati dai seguenti attributi:
 - code: codice dello usecase_proceeding (fattispecie) presente nel Catalogo;
 - ref: il riferimento presente nell'Instance Descriptor da utilizzare per identificare l'elemento dell'istanza;
 - resource_id: l'id della risorsa da utilizzare per il recupero del documento;
 - hash: il codice hash dell'elemento dell'istanza relativo al procedimento;
 - alg_hash: l'algoritmo hash applicato che può essere S256, S384 o S512.

L'attributo ""instance_descriptor_version"" fa riferimento alla versione dell'InstanceDescriptor che risulta essere un integer ma viene gestita come stringa nella chiamata ""send_instance"".

Qualora vi sia la necessità di ulteriori chiarimenti, la invitiamo a contattarci tramite il canale di messaggistica del ticket.
Le comunichiamo inoltre che, in assenza di ulteriori richieste, il presente ticket sarà chiuso automaticamente dal sistema entro 7 giorni lavorativi.";n.a.
108;"b54d1681ae844d69974250c298b058a9
 ";"Buongiorno,
sottoponiamo alla vostra cortese attenzione un quesito pervenutoci dalla software house XXX:
""Sarebbe molto utile fosse disponibile un riepilogo delle modifiche effettuate tra un versione e l'altra delle specifiche approvate (se già presente, perdonateci ma non l'abbiamo trovato)""";"Si precisa che non è previsto un documento di change log che riporti gli adeguamenti svolti sulle Specifiche Tecniche dal Gruppo Tecnico.
Si coglie l'occasione per evidenziare che la funzionalità ""compare"" della piattaforma GitHub permette di evidenziare le modifiche apportate tra due branch, come da documentazione ufficiale (https://docs.github.com/en/pull-requests/committing-changes-to-your-project/viewing-and-comparing-commits/comparing-commits). Riportiamo per facilitare la comparazione tra il branch ""main"" e il branch ""apporved01""  la sequenza di azioni da applicare:
   - Seleziona Tab ""Code"" in alto a sinistra
   - Seleziona il branch di interesse (""approved01"")
   - Clicca su ""Contribute"" - verrà aperta una tendina
   - Clicca su ""Compare""
   - Seleziona il branch con cui voglio effettuare una comparazione (di default viene fornito già il ""main"")
   - Tramite il tab ""Commits"" vengono mostrati i singoli commit di lavorazione
   - Tramite il tab ""Files Changed"" vengono mostrati i file aggiornati rispetto a tutti i commit effettuati sul branch
L'effetto della procedura indicata è il seguente URL ""https://github.com/AgID/specifiche-tecniche-DPR-160-2010/compare/main...approved01"".

Qualora vi sia la necessità di ulteriori chiarimenti, la invitiamo a contattarci tramite il canale di messaggistica del ticket.
Le comunichiamo inoltre che, in assenza di ulteriori richieste, il presente ticket sarà chiuso automaticamente dal sistema entro 7 giorni lavorativi.";n.a.
109;2fd16f0eb2254575a1e98944c428d19e;"	
Buongiorno,
sottoponiamo alla vostra cortese attenzione un quesito pervenutoci dalla software house XXX:
""Il campo ref nel descrittore istanza/indice istanza deve avere un formato specifico o può essere valorizzato con un riferimento a piacere al documento in oggetto ?
Come può essere collegato al parametro resource_ID necessario per il recupero del documento?""";"L'attributo ""ref"" rappresenta il riferimento di un elemento gestito all'interno dell'istanza, ovvero il valore che deve essere utilizzato per ottenere il relativo ""resource_id"", presente all'interno dell'""instance-index (instance-index-schema), necessario per il recupero del documento di interesse tramite il servizio ""/instance/{cui_uuid}/document/{resource_id}"".

Qualora vi sia la necessità di ulteriori chiarimenti, la invitiamo a contattarci tramite il canale di messaggistica del ticket.
Le comunichiamo inoltre che, in assenza di ulteriori richieste, il presente ticket sarà chiuso automaticamente dal sistema entro 7 giorni lavorativi.";n.a.
110;963c18bbbaed411f95ef96a38a005fc7;"Buongiorno,
sottoponiamo alla vostra cortese attenzione un quesito pervenutoci dalla software house XXX:
""Nel descrittore istanza, l'elemento """"instance"""" deve avere un tipo MIME application/xml, quale deve essere il formato di tale documento ?
Quello del SUAP.XML previsto dall'abrogato allegato tecnico?""";"Tenuto conto della RFC2046 che specifica che i Media Types (conosciuti anche come MIME types) e i Media Subtypes verranno assegnati ed elencati dalla IANA, la stessa ha pubblicato la lista dei MIME types al seguente link: 

https://www.iana.org/assignments/media-types/media-types.xhtml#:~:text=%5BRFC2046%5D%20specifies%20that%20Media%20Types,and%20listed%20by%20the%20IANA.

Consultando tale lista è possibile recuperare le seguenti informazioni:
 - Nome: xml;
 - Template: application/xml;
 - Reference: RFC7303

In particolare, come indicato nelle Specifiche Tecniche, per i documenti strutturati in formato XML devono essere utilizzati: 
 - W3C Extensible Markup Language (XML) 1.0 (Fifth Edition), per lo scambio di prove strutturate;
 - W3C XML Schema (XSD), per la validazione delle prove strutturate;
 - ISO/IEC 19757-3:2020 Information technology — Document Schema Definition Languages (DSDL) — Part 3: Rule-based validation using Schematron, per la validazione rule-based delle prove strutturate;
 - XSL Transformations (XSLT) Version 2.0 (Second Edition), per definire le trasformazioni dei dati strutturati da data-oriented o machine readable a presentation-oriented o human readable.

Il documento SUAP.XML risulta essere uno dei possibili documenti che può essere scambiato durante la gestione di un procedimento SUAP e viene gestito tramite la struttura GeneralIndex.
Il GeneralIndex è stato introdotto durante le fasi di aggiornamento delle Specifiche Tecniche, quando il Gruppo Tecnico ha riscontrato la necessità di colmare un delta informativo, che talvolta non è immediatamente nelle disponibilità del SUAP. Tali dati, correttamente non presenti nell'Instance Descriptor anche per ragioni di privacy, sono stati definiti in questo nuovo indice di allegati trasversali.
Volendo fare un confronto tra il GeneralIndex e l'InstanceIndex, è possibile affermare che il GeneralIndex prescinde dalle fattispecie di procedimento, per tale motivo riporta una lista specifica di tipologie di documento che non vengono invece gestite nell'InstanceIndex.

Qualora vi sia la necessità di ulteriori chiarimenti, la invitiamo a contattarci tramite il canale di messaggistica del ticket.
Le comunichiamo inoltre che, in assenza di ulteriori richieste, il presente ticket sarà chiuso automaticamente dal sistema entro 7 giorni lavorativi.
";n.a.
111;3351bc66348c4a418b7ea77c06bf5fe0;"Buongiorno,
sottoponiamo alla vostra cortese attenzione un quesito pervenutoci dalla software house XXX:
""Ci risulta che attualmente non venga generato/verificato dal catalogo l'header Agid-JWT-Signature (realtivo al pattern di sicurezza INTEGRITY_REST_01), dovrà essere gestito dagli e-service delle varie altre componenti? Come saranno gestiti i relativi certificati? Riteniamo che sia fondamentale la corretta gestione di tale pattern per evitare possibili disconoscimenti di alcune comunicazioni (in modo xes che un BO non possa negare la ricezione di un invio fatto dal FO) non essendoci più un meccanismo terzo (PEC) a certificare l'avvenuta comunicazione.""";"In considerazione delle evoluzione intercorse relativamente al quadro regolatorio delle ""Linee Guida sull’interoperabilità tecnica delle Pubbliche Amministrazioni""  e delle ""Linee Guida sull’infrastruttura tecnologica della Piattaforma Digitale
Nazionale Dati per l’interoperabilità dei sistemi informativi e delle basi di dati"", considerato che gli e-service DEVONO essere pubblicati e fruiti per il tramite della PDND, si prevede l'applicaizone del pattern di sicurezza INTEGRITY_REST_02, al fine di assicurare il non ripudio delle request e respose.

Il pattern di sicurezza INTEGRITY_REST_02 ha gli stessi effetti dell' INTEGRITY_REST_01, ma beneficia dell'utilizzo del materiale crittografico pubblico registrato dagli Aderenti su PDND, e nel dettaglio:
- per la firma della request, il Fruitore utilizza la chiave privata associata al materiale crittografico pubblico dallo stesso registrato per i propri client (vedi https://docs.pagopa.it/interoperabilita-1/manuale-operativo/client-e-materiale-crittografico#cose-un-client-e-come-funziona);
- per la firma della response, l'Erogatore utilizza la chiave privata associata al materiale crittografico pubblico registrato dallo stesso tramite la funzionalità ""portachiavi"" (si veda https://docs.pagopa.it/interoperabilita-1/manuale-operativo/client-e-materiale-crittografico#portachiavi-erogatore).

In merito all'applicazione di quanto sopra descritto relativamente agli e-service resi disponibili dal Catalogo SSU, si rimanda al Gestore dello stesso Catalogo SSU in merito alla roadmap di implementazione prevista.

Qualora vi sia la necessità di ulteriori chiarimenti, la invitiamo a contattarci tramite il canale di messaggistica del ticket.
Le comunichiamo inoltre che, in assenza di ulteriori richieste, il presente ticket sarà chiuso automaticamente dal sistema entro 7 giorni lavorativi.";n.a.
112;c771cbf80bfd4cc9981a64a200d42607;"Sottoponiamo alla vostra cortese attenzione il quesito pervenutoci dalla software house XXX:
Allegato 2 - Definizione del Servizio e modalità di adeguamento dei comuni autonomi_Tabella 1 - Lista interventi per l'adeguamento delle piattaforme SUAP alle specifiche tecniche: : molti interventi sono riferiti al collegamento tra il Back Office e front Office, ma nel nostro caso sia il Back office che il Front Office anche se due applicativi distinti condividono lo stesso database con gli stessi dati. In questo caso gli interventi relativi alla interoperabilità dei due applicativi dovrebbero essere già attuati?

|3| Front-office | Architettura del software in uso | Realizzazione funzione per sottomissione dell'istanza tramite API Rest al back-office|";"Due componenti SUAP distinti come un Front-Office e un Back-Office che operano sulla stessa piattaforma possono essere visti come un unico sistema ""monolite"" che può interagire con agli altri sistemi esterni (es. Enti Terzi, Catalogo SSU) tramite gli e-service. Le interazioni tra i i componenti FO e BO ospitati sulla medesima piattaforma non devono essere esposti poichè possono avvenire tramite comunicazioni interne. 
La piattaforma di accreditamento tiene già conto di questa natura accentrata sullo stesso sistema e non terrà conto durante le verifiche di conformità le comunicazioni FO-BO e viceversa.

Qualora vi sia la necessità di ulteriori chiarimenti, la invitiamo a contattarci tramite il canale di messaggistica del ticket.
Le comunichiamo inoltre che, in assenza di ulteriori richieste, il presente ticket sarà chiuso automaticamente dal sistema entro 7 giorni lavorativi.";n.a.
113;abafd22871dc4f7a9dde2d46d8655d1c;"Buongiorno, sottoponiamo alla vostra cortese attenzione una richiesta pervenutaci dalla software house XXX.
La richiesta va in continuità ad un altro ticket arrivato verso la fine di dicembre (word allegato) e che non eravamo riusciti ad aprire su questo strumento a causa di alcuni problemi di raggiungibilità. Tuttavia, grazie all'aiuto via mail di XXX avevamo fornito una risposta. Vi allego quindi il word con l'interazione precedente alla quale si aggancia il testo in basso. Grazie mille

""Buongiorno,
grazie mille per l'articolata risposta.
Per quanto riguarda github, non mi ritrovo molto con la procedura descritta (non mi appare ""Contribute""). Abbiamo comunque risolto il problema a monte clonando il progetto in locale e consultandolo con il client git che usiamo solitamente.
La mia richiesta di change log era proprio per non andare ad analizzare le molteplici modifiche ma avere un elenco di quelle più impattanti (modifica interfacce API e\o modello dati sottostante). Sicuramente un effort non indifferente, quindi capisco la scelta.
Al fine di essere un po' più allineati con il flusso di sviluppo, sarebbe utile capire la finalità dei branch, quantomeno main, approved e mantaince. Ad ogni modo, noi prendiamo come ufficiale approved01.

Per il discorso dello schema ER, e più in generale dell'organizzazione del dato, mi sfugge ancora qualcosa.
Capisco bene il discorso che presentando una domanda che include più usecase, ovvero endoprocedimenti, il regime amministrativo sarà quello più stringente, quindi SCIA+AUTORIZZAZIONE->AUTORIZZAZIONE. Però mi sembrava più corretto lasciare il regime amministrativo legato al procedimento: ogni usecase è legato ad un procedimento, quindi l'informazione la si avrebbe avuta ugualmente: usecase->procedimento->regime amministrativo.
Con questa nuova struttura, vorrebbe dire che è possibile avere due usecase che fanno riferimento ad uno stesso procedimento ma con due regimi amministrativi differenti. E' corretto? Ha senso? Questo mi sfugge un po'. Anche analizzando i dati, non riesco a trovare un caso in cui usecase con stesso procedimento abbiamo regimi differenti. La mia paura è di non aver inteso correttamente la struttura.
A confondere ulteriormente, lo schema concettuale su Approved01 non riporta ancora alcuna relazione tra usecase e regime amministrativo.

In merito alle fattispecie:
• Per gli schematron, non li conosciamo e siamo molto lontani solo dall'aver analizzato il problema, anche perché, ad oggi, non abbiamo ancora avuto modo di vederli (non ci risulta che le api li ritornino)
• Per il discorso degli endoprocedimenti obbligatori, invece, era un aspetto che volevo chiarire: non abbiamo capito se l'endoprocedimento legato ad una fattispecie è un endoprocedimento che è POSSIBILE presentare contestualmente alla fattispecie, o è un endoprocedimento OBBLIGATORIO. Dai dati, a noi sembrerebbe la prima casistica. L'esempio riportato nella vostra risposta non ha riscontro nei dati ritornati dalle API che sono molto meno ""chiari"".
Grazie
Cordiali saluti
XXX
""";"Chiarimento sui branch: 
Nel repository github sono presenti i seguenti tipi di branch:
 - main: il branch contenente la versione ufficiale delle Specifiche Tecniche e dei suoi artefatti tecnici correlati;
 - approvedXX: il branch contiene le modifiche che sono state lavorate dal Gruppo Tecnico durante l'ultimo ciclo di revisione e che devono ricevere l'approvazione finale da parte del DFP e del MIMIT. Ricevuta tale approvazione, queste diventano ufficiali e possono essere promosse nel branch ""main"";
 - mantainceXXX: il branch contiene le modifiche che sono state presentate durante i vari incontri del Gruppo Tecnico e che hanno ricevuto un pre-approvazione dallo stesso. L'insieme di tutte le modifiche riportate in questo branch saranno oggetto di una ulteriore revisione prima di essere promosse nel branch ""approvedXX"".

Chiarimento sui Regimi Amministrativi:
Un procedimento amministrativo può essere composto da più fattispecie (usecase) aventi regimi amministrativi differenti. Facendo un esempio, un procedimento può essere composto da una SCIA semplice (workflow SCIA) e una SCIA condizionata (workflow Autorizzazione). Un procedimento così strutturato, tenendo conto che Autorizzazione è più stringente della SCIA, avrà come regime amministrativo Autorizzazione.
Il modello ER è stato aggiornato ed è ora disponibile il nuovo modello a partire dal branch approved01.

Chiarimento sulle Fattispecie:
L'endoprocedimento rappresenta la relazione tra una fattispecie primaria e una fattispecie secondaria dei procedimenti amministrativi. L'obbligatorietà di attivare o meno il procedimento secondario è definita medianta l'attributo ""mandatory"" presente all'interno dell'endoprocdedimento stesso.

Qualora vi sia la necessità di ulteriori chiarimenti, la invitiamo a contattarci tramite il canale di messaggistica del ticket.
Le comunichiamo inoltre che, in assenza di ulteriori richieste, il presente ticket sarà chiuso automaticamente dal sistema entro 7 giorni lavorativi.
";n.a.
114;eace2ea3f2c04630b33dd0ab2fa0be89;"Sottoponiamo alla vostra cortese attenzione il quesito pervenutoci dalla software house XXX:
""E' stato introdotto un elemento generalIndex in alcune operation, per il quale chiediamo maggiore documentazione, in particolare sulle varie casistiche anyOf() e sul loro utilizzo previsto""";"Il GeneralIndex è stato introdotto durante le fasi di aggiornamento delle Specifiche Tecniche, quando il Gruppo Tecnico ha riscontrato la necessità di colmare un delta informativo, che talvolta non è immediatamente nelle disponibilità del SUAP. Tali dati, correttamente non presenti nell'Instance Descriptor anche per ragioni di privacy, sono stati definiti in questo nuovo indice di allegati trasversali.
Volendo fare un confronto tra il GeneralIndex e l'InstanceIndex, è possibile affermare che il GeneralIndex prescinde dalle fattispecie di procedimento, per tale motivo riporta una lista specifica di tipologie di documento che non vengono invece gestite nell'InstanceIndex.

Nelle OpenAPI sono riportate le descrizioni di tutti i documenti gestiti nel GeneralIndex, tuttavia, si riportano tali descrizioni anche di seguito:
 - ricevuta_xml/: il presente documento è validato con l’XML Schema definito ai sensi dell’allegato al DPR 160/2010
                        precedente alla variazione DECRETO 12 novembre 2021 recuperabile nella sezione regole “Regole tecniche”
                        del portale impresainungiorno
                        (https://www.impresainungiorno.gov.it/documents/155997/157492/SUAP-ricevuta-1.1.4.xsd/58b9d8e8-2b76-4b8b-adee-0cf9c2bbe04a);
 - suap_xml: il presente documento è validato con l’XML Schema definito ai sensi dell’allegato al DPR 160/2010
                        precedente alla variazione DECRETO 12 novembre 2021 recuperabile nella sezione regole “Regole tecniche”
                        del portale impresainungiorno
                        (https://www.impresainungiorno.gov.it/documents/155997/157492/pratica_suap-2.0.0.xsd/74b7ffb2-fe01-41c6-b210-be36139923e4 , 
                        https://www.impresainungiorno.gov.it/documents/155997/157492/Definizione+delle+strutture+dati+elementari+di+impresainungiorno.xsd/43929369-48f0-4b7b-883e-f57dc5cdd41e);
 - suap_rea_start_xml: il presente documento è validato con l’XML Schema definito ai sensi dell’allegato al DPR 160/2010
                        precedente alla variazione DECRETO 12 novembre 2021 recuperabile nella sezione regole “Regole tecniche”
                        del portale impresainungiorno
                        (https://www.impresainungiorno.gov.it/documents/155997/157488/suap-rea-1.1.1.xsd/2094658b-c981-4795-8d18-ffa91fa97069);
 - suap_rea_update_xml: il presente documento è validato con l’XML Schema definito ai sensi dell’allegato al DPR 160/2010
                        precedente alla variazione DECRETO 12 novembre 2021 recuperabile nella sezione regole “Regole tecniche”
                        del portale impresainungiorno
                        (https://www.impresainungiorno.gov.it/documents/155997/157488/suap-rea-1.1.1.xsd/2094658b-c981-4795-8d18-ffa91fa97069);
 - suap_rea_end_xml: il presente documento è validato con l’XML Schema definito ai sensi dell’allegato al DPR 160/2010
                        precedente alla variazione DECRETO 12 novembre 2021 recuperabile nella sezione regole “Regole tecniche”
                        del portale impresainungiorno
                        (https://www.impresainungiorno.gov.it/documents/155997/157488/suap-rea-1.1.1.xsd/2094658b-c981-4795-8d18-ffa91fa97069);
 - comunica_cui_xml: il presente documento è validato con l’XML Schema definito ai sensi dell’allegato al DPR 160/2010
                        precedente alla variazione DECRETO 12 novembre 2021 recuperabile nella sezione regole “Regole tecniche”
                        del portale impresainungiorno
                        (https://www.registroimprese.it/documents/20195/0/specifichecomunicazioneunica.zip).

Qualora vi sia la necessità di ulteriori chiarimenti, la invitiamo a contattarci tramite il canale di messaggistica del ticket.
Le comunichiamo inoltre che, in assenza di ulteriori richieste, il presente ticket sarà chiuso automaticamente dal sistema entro 7 giorni lavorativi.";n.a.
115;9552e4da15304e9295024f6c9a0fdde6;"Buongiorno, sottoponiamo alla vostra cortese attenzione una richiesta pervenutaci dalla software house XXX:
""In merito alla modulistica (form), si chiede se, nel caso di form non strutturati, ovvero PDF, viene fornito un url\servizio da cui poter scaricare il PDF.
Più in generale, ci si riferisce anche ai casi di form strutturati: sarebbe estremamente utile poter avere sempre il PDF del modulo.
Come già fatto presente in altre circostanze, l'XSD non è assolutamente sufficiente a contestualizzare il dato e a dare le informazioni utili proprio per la comprensione e la compilazione dello stesso.
Partendo dalla considerazione che la modulistica nasce sempre, e inevitabilmente, in formato cartaceo\pdf per poi essere ""convertita"" in XSD, e tenendo conto che, da specifiche, la modulistica dovrà essere obbligatoriamente pubblicata sul catalogo nazionale in formato XSD, si suggerisce di far pubblicare anche il PDF. Anzi, dato che l'XSD non è detto che ci sia sempre (vedi form non strutturati), andrebbe ribaltato il concetto: la modulistica deve essere sempre pubblicata in formato PDF, accompagnata da XSD (+ schematron). In questo modo, riteniamo, si raggiungerebbe l'importante risultato di avere effettivamente un catalogo unico, centralizzato e completo della modulistica PDF che, a tendere, sarà sempre accompagnata da XSD.
Al momento trovare la modulistica corretta è sempre un'impresa e non si ha MAI la certezza che quanto trovato sia aggiornato ed ufficiale. Ci si trova a spulciare siti comunali, provinciali, regionali... è un delirio, per noi che dobbiamo metterla a sistema, per i cittadini e anche per gli operatori Comunali.
La riflessione nasce anche da questi aspetti:
ad oggi la modulistica strutturata è minima e, parere mio, fin tanto che se si accetta quella non strutturata quest'ultima andrà avanti ancora per molto tempo, ricadendo nel marasma attuale.
XSD + Schematron risolvono solo la questione informatica di raccolta dati ma sono completamente privi di contestualizzazione, riferimenti normativi, nomenclature, ecc. Tutti elementi fondamentali in ambito burocratico. elementi che inevitabilmente bisognerà poi andare a cercare da qualche parte, ricadendo nel marasma, incrociandoli poi con gli XSD per creare dei moduli a misura d'uomo e di pubblica amministrazione.""";"Considerata la natura della richiesta e al dettaglio posto, si invita a effettuare tale quesito al sistema di supporto del gestore di tale oggetto: InfoCamere.

Qualora vi sia la necessità di ulteriori chiarimenti, la invitiamo a contattarci tramite il canale di messaggistica del ticket.
Le comunichiamo inoltre che, in assenza di ulteriori richieste, il presente ticket sarà chiuso automaticamente dal sistema entro 7 giorni lavorativi.";n.a.
116;n.a.;"Buongiorno,
stiamo riscontrando delle incoerenze tra le API e la documentazione (swagger).
Prendiamo questa api del catalogo SSU: /suap/{suap_id}/{suap_version}/frontoffice-system

L'api  ritorna questo oggetto:
{
    ""id"": ""FO_DEFAULT"",
    ""version"": ""00.00.00"",
    ""description"": ""Front-Office SUAP di Default"",
    ""start"": ""2024-01-01"",
    ""end"": ""2099-12-31"",
    ""state"": ""Active"",
    ""e_service_to_bo"": ""6p6ouj82-iff8-s2pz-mbko-25u09djzi462"",
    ""e_service_to_cu"": ""06bvvcme-y65l-t92k-sm3r-kntnf3d95dmo""
}
Mentre nelle specifiche (swagger branch approved01) è indicato il seguente oggetto:
{
      ""id"": ""FO_DEFAULT"",
      ""version"": ""00.00.00"",
      ""description"": ""Front-Office SUAP di Default""
}
Giusto per aggiungere confusione, l'oggetto ritornato dall'api è in linea con il branch mantainance02, che però ci è stato detto di non considerare.

Se è valido l'oggetto di ritornato dall'api, abbiamo perso tempo sull'analisi e lo sviluppo fatti basandoci sulla documentazione errata. Se è valida la documentazione, non possiamo utilizzare l'api, perchè non allineata con le nostre procedure (allineate alla documentazione). 

Si chiede, con una certa urgenza, di chiarire la cosa e, soprattutto, di fornirci indicazioni precise su cosa dobbiamo guardare per essere sicuri che le API e la documentazione siano allineate. Adesso siamo in una situazione di stallo.
A noi rimane il dubbio, e forse la speranza, che stiamo sbagliando qualcosa, ma abbiamo ricontrollato più volte documentazione, api, registrazione dei servizi su PDND e ci sembra di muoverci in maniera corretta. Per inciso, sulla PDND ci sono le 3 versioni delle api ma rispondono tutte allo stesso url.";"Verificando le OpenAPI, al branch “approved01”, il servizio /suap/{suap_id}/{suap_version}/frontoffice-system esposto dal Catalogo SSU restituisce l’oggetto FOSystemEntity.
Tale oggetto, composto dagli attributi “e_service_to_bo” e “e_service_to_cu”, estende un altro oggetto, ovvero, il ComponentEntity. Questo invece è caratterizzato dagli attributi “start”, “end” e “state”, estendendo ulteriormente l’oggetto padre GenericEntity”. Quest’ultimo è caratterizzato da “id”, “version” e “description”.
Aprendo lo Swagger, il servizio restituisce come “Example Value” la struttura riportata nella segnalazione contenente solo id, version e description. Questo perché non ci sono ulteriori definizioni degli esempi associati agli altri oggetti, non includendo così gli attributi aggiuntivi. Tuttavia, verificando lo “Schema”, ovvero la struttura effettiva dell’oggetto, è possibile verificare che viene restituito l’oggetto corretto:
FOSystemEntity {
   description:	struttura di risorsa generica con id,versione e descrizione
   id*	string
   title: identificativo univoco della risorsa
   version*	string
   title: version della risorsa
   description*	string
   title: descrizione della risorsa
   start*	string($date)
   title: data inizio intervallo di validità della versione
   end*	string($date)
   title: data fine intervallo di validità della versione
   state*	string
   title: stato di validità della versione
   Enum:
   [ Active, Not Active ]
   e_service_to_bo*	string
   e_service_to_cu*	string
}

L’errore segnalato quindi afferisce soltanto all’oggetto di esempio che ha una funzionalità di documentazione del servizio. Considerato che l’oggetto restituito è corretto, come anche lo Schema dello Swagger, si conferma che il servizio del Catalogo SSU è coerente con quanto indicato sul repository GitHub al branch approved01”.";n.a.
117;c3cfcefc828b4ca896fbfc9a995c02ac;"Durante gli incontri organizzati è emerso che all'interno della piattaforma PDND sarà necessario effettuare una sola richiesta per componente informatica. Nel caso di enti terzi all'interno del comune come facciamo a gestire correttamente le eventuali richieste di istanza multiple?
Faccio un esempio:
Se per un determinato comune dovessi ricevere per la stessa istanza la richiesta del parere del SUE, dei demografici e dei tributi riceverei 3 richieste allo stesso webservice oppure solo una perchè la richiesta dovrebbe essere ""accorpata"" per webservice?
Nel caso di tripla richiesta, il webservice come si dovrebbe comportare?
Scarta i duplicati e considera una sola richiesta per 3 enti terzi? Invia 9 richieste (3 per ogni ente terzo) non potendo decidere? Abbina in maniera “casuale” le richieste agli enti terzi coinvolti?
Il mio dubbio non è tanto da un punto di vista strettamente implementativo quanto di processo più corretto anche a livello di storicizzazione delle richieste.";"Il ruoting interno ad una piattaforma ospitante più componenti SUAP o Enti Terzi deve essere gestito secondo le logiche definite dall'amministrazione che utilizza tale piattaforma. All'interno del Catalogo SSU i riferimenti di tali coponenti avranno logicamente lo stesso valore. 
Sulla base di ciò, un Back-Office, non conoscendo i sistemi in uso dei vari componenti, invierà una send_instance per ogni Ente Terzo individuato all'interno dell'instance-descriptor, pertanto, la piattaforma multi-tenant riceverà più richieste dei pareri, una per ogni Enti Terzo incaricato. In questo scenario, tale piattaforma dovrà essere in grado di analizzare le richieste e inoltrarle ai singoli Enti competenti. Ricevuta tale segnalazione, ogni singolo Ente Terzo dovrà essere in grado di inoltrare i suoi esiti finali o eventuali richieste di integrazione.";n.a.
118;n.a.;Come trattare il caso in cui i termini di decorrenza di una richiesta di parere (quindi parliamo di un endoprocedimento), invece che essere sospesi, si interrompono (cioè il timer dell’endo procedimento riparte da zero) a seguito di una richiesta di integrazione di una pratica da parte dell’ente terzo (caso di alcune leggi regionali della sismica) ?;"Nel momento in cui un ET effettua una richiesta di integrazione della pratica, il BO inoltra tale richiesta al FO, con l'obiettivo di recapitarla al presentatore. Quanto descritto comporta una sospensione dei tempi procedimentali nel momento in cui il BO inoltra la richiesta di integrazione al FO. Pertanto, il BO effettua un aggiornamento dei tempi procedimentali al Catalogo SSU, aumentando tali tempi pari al numero di giorni concessi al presentatore per effettuare l'integrazione. La ricezione della documentazione di integrazione comporta una secondo aggiornamento dei tempi, rimuovendo i giorni non utilizzati dal presentatore per rispondere all'integrazione.

Facendo un esempio: dato un procedimento che ha un tempo T=30, al giorno 3 il BO riceve la richiesta di integrazione da parte dell'ET. Al giorno 14 viene inviata la richiesta di integrazione al FO, comportando una aggiornamento dei tempi pari a +15 giorni  (quindi T=45), ovvero il tempo massimo concesso per effettuare l'integrazione. Il FO inoltra la documentaizione integrata dopo 10 giorni, ovvero al giorno 24. Il presentatore, dei 15 giorni concessi, ha usufruito di 10 giorni per rispondere alla richiesta, pertanto, i 5 giorni extra verrano tolti dal tempo T che diventerà uguale a 40. 
Adottando questa strategia, durante il tempo di integrazione non vengono persi i giorni concessi al SUAP e agli ET per analizzare e lavorare un procedimento e tale informazione è sempre disponibile a tutti i componenti, dato che viene aggiornato l'attributo ""times"" dell'InstanceDescriptor gestito dal Catalogo SSU. 

All'interno dell'oggetto Times sono riportati diversi attributi che definiscono il massimo numero di giorni concessi per effettuare determinate azioni. In questo caso particolare, bisogna soffermarsi sull'attributo ""max_gg_concl_send"", che definisce il numero di giorni limite a partire dall'avvio del procedimento per l'inoltro delle conclusioni da parte degli enti terzi. Le Specifiche Tecniche non prevedono un timer dal momento in cui viene inviata l'instanza all'ET ma viene definito a monte il giorno limite entro il quale tutti gli ET devono inviare il loro parere al BO. 
Assumendo quanto indicato precedentemente, non è previsto un ""reset"" dei tempi concessi all'ET per inoltrare il nuovo esito a seguito di una ricezione di integrazione.";n.a.
119;n.a.;"In merito alla revisione “approved_002” su github si richiede quando sarà esposta e quali siano le variazioni rispetto alla versione “approved_001
";"Sulla base della news (https://www.suapsue.gov.it/news/?news_id=26) pubblicata dal DFP sul sito di progetto SUAP&SUE, si evidenzia che è da considerare come branch di riferimento ""approved01"". Si informa inoltre che non sono previste ulteriori aggiornamenti ufficiali prima di Luglio 2025, pertanto, il suddetto branch può essere ritenuto quello definitivo in questa finestra temporale.";n.a.
120;n.a.;"""Premesso che la componente FrontOffice SUAP deve riuscire a costruire in modo automatico l’instance descriptor e individuare quale e-service esposto dalla specifica istanza di Backoffice SUAP invocare, si richiededi avere sequence diagram o documentazione tecnica equivalente per chiarire:
1) API da invocare al fine di popolare la sezione “component-administration”. L’API /proceeding/{proc-id}/{version}/{municipality}/competent-administration sembra restituire un valore sensato solo per gli endoprocedimenti;
2) API da invocare al fine di popolare la sezione “form/xsd” per moduli non strutturati per cui non esiste riferimento a un XSD;
3) API da invocare al fine di popolare la sezione“administrative_regime” che prevede id e version;
4) come individuare la url dell’e-service fo_to_bo da invocare. E’ possibile individuarlo dinamicamenteo ogni componente fruitore deve avere una mappa di routing e in quel caso come può essere creata e mantenuta aggiornata considerando che è il CatalogoSSU a detenere l’anagrafica delle componentiattive;
5) API da invocare al fine di avere tutti i procedimenti attivi su un comune (p.es. Comune di XXX):deve essere prima richiesto tutti i procedimenti impostando la municipality come Regione XXX(che restituisce tutti i procedimenti nazionali e regionali), poi deve essere richiesto tutti i procedimenti impostando la municipality del comune (che restituisce i procedimenti locali). Come recuperare l’informazione che un procedimento è la versione locale di un procedimento regionale/nazionale che quindi deve essere sovrascritto?""";"Un FO al fine di popolare un InstanceDescriptor, prima di inviarlo al BO, deve effettuare la sequenza di chiamate come indicate di seguito:
 - Recupero delle Tipologie ed Eventi della vita dei procedimenti di un comune: /typologies-lifeevents?municipality={comune}
 - Recupero dei procedimenti SUAP: /proceedings?typology={typology}&lifeevent={lifeevent}&municipality={comune}
 - Recupero delle fattispecie: /proceeding/{proceeding_id}/{proceeding_version}/usecase-proceedings
 - Recupero degli endoprocedimenti: /usecase-proceedings/{usecase_proceedings_id}/{usecase_proceedings_version}/usecase-proceedings:
 - Recupero del regime amministrativo. Per ogni endoprocedimento recuperato a partire dalla fattispecie, il sistema deve recuperare l’elenco degli oggetti Times e Regimi Amministrativi associati alle fattispecie. Per determinare il Regime Amministrativo dell’Instance Descriptor, l’operatore di Front-Office dovrà identificare il regime più stringente; di conseguenza, il regime sarà considerato un’Autorizzazione, a meno che tutte le fattispecie non rientrino nel regime SCIA: /proceedings-administrative-regimes/{id_proceeding_list}
 - Recupero dei form: /proceeding/{proceeding_id}/{proceeding_version}/form
 - Recupero del relativo xsd: /form/{form_id}/{form_version}/xsd
 - Recupero del relativo schematron: /form/{form_id}/{form_version}/schematron
 - Recupero degli allegati: /proceeding/{proceeding_id}/{proceeding_version}/attachments
 - Recupero del relativo xsd: /attachment/{attachment_id}/{attachment_version}/xsd
 - Recupero del relativo schematron: /attachment/{attachment_id}/{attachment_version}/schematron
 - Recupero dell'amministrazione competente: /proceeding/{proceeding_id}/{proceeding_version}/{municipality}/competent-administration

Si segnala che al momento non è presente alcuna documentazione tecnica di dettaglio in merito.";n.a.
121;n.a.;"Si richiede di avere un sequence diagram relativo alla fase “recupero metadati”(vedi sezione evidenziata in giallo del sequence diagram “General”).
";"Si segnala che al momento non è presente alcuna documentazione tecnica di dettaglio in merito, tuttavia, si fornisce la seguente proposta di soluzione per il recupero dei metadati.

Un FO al fine di popolare un InstanceDescriptor, prima di inviarlo al BO, deve effettuare la sequenza di chiamate come indicate di seguito:
 - Recupero delle Tipologie ed Eventi della vita dei procedimenti di un comune: /typologies-lifeevents?municipality={comune}
 - Recupero dei procedimenti SUAP: /proceedings?typology={typology}&lifeevent={lifeevent}&municipality={comune}
 - Recupero delle fattispecie: /proceeding/{proceeding_id}/{proceeding_version}/usecase-proceedings
 - Recupero degli endoprocedimenti: /usecase-proceedings/{usecase_proceedings_id}/{usecase_proceedings_version}/usecase-proceedings:
 - Recupero del regime amministrativo. Per ogni endoprocedimento recuperato a partire dalla fattispecie, il sistema deve recuperare l’elenco degli oggetti Times e Regimi Amministrativi associati alle fattispecie. Per determinare il Regime Amministrativo dell’Instance Descriptor, l’operatore di Front-Office dovrà identificare il regime più stringente; di conseguenza, il regime sarà considerato un’Autorizzazione, a meno che tutte le fattispecie non rientrino nel regime SCIA: /proceedings-administrative-regimes/{id_proceeding_list}
 - Recupero dei form: /proceeding/{proceeding_id}/{proceeding_version}/form
 - Recupero del relativo xsd: /form/{form_id}/{form_version}/xsd
 - Recupero del relativo schematron: /form/{form_id}/{form_version}/schematron
 - Recupero degli allegati: /proceeding/{proceeding_id}/{proceeding_version}/attachments
 - Recupero del relativo xsd: /attachment/{attachment_id}/{attachment_version}/xsd
 - Recupero del relativo schematron: /attachment/{attachment_id}/{attachment_version}/schematron
 - Recupero dell'amministrazione competente: /proceeding/{proceeding_id}/{proceeding_version}/{municipality}/competent-administration

";n.a.
122;n.a.;A quale branch di GIthub dobbiamo fare riferimento per lo sviluppo?;"Sulla base della news (https://www.suapsue.gov.it/news/?news_id=26) pubblicata dal DFP sul sito di progetto SUAP&SUE, si evidenzia che è da considerare come branch di riferimento ""approved01"". Si informa inoltre che non sono previste ulteriori aggiornamenti ufficiali prima di Luglio 2025, pertanto, il suddetto branch può essere ritenuto quello definitivo in questa finestra temporale.";n.a.
123;n.a.;E’ previsto un momento divulgativo per comunicare formalmente il significato e l’impatto delle modifiche o almeno una loro documentazione organica?;Non è previsto alcuno momento divulgativo per presentare le modifiche apportate dal Gruppo Tecnico al termine delle varie fasi di aggiornamento.;n.a.
124;n.a.;E’ previsto il rilascio di ulteriori set di modifiche prima della scadenza dei termini del progetto PNRR?;"Sulla base della news (https://www.suapsue.gov.it/news/?news_id=26) pubblicata dal DFP sul sito di progetto SUAP&SUE, si evidenzia che è da considerare come branch di riferimento ""approved01"". Si informa inoltre che non sono previste ulteriori aggiornamenti ufficiali prima di Luglio 2025, pertanto, il suddetto branch può essere ritenuto quello definitivo in questa finestra temporale.";n.a.
125;n.a.;E’ prevista una proroga dei termini del progetto PNRR, visto che finora è non è stato possibile lavorare su specifiche stabili e corrette?;Considerata la natura della domanda posta si invita a inoltrare la richiesta al Dipartimento della Funzione Pubblica.;n.a.
126;n.a.;"""PDND - Richieste di fruizione
La piattaforma PDND obbliga ad effettuare una richiesta di fruizione per ogni e-service esposto da ogni ente.
Ipotizzando di trovarci in un comune X questo dovrebbe effettuare una richiesta di fruizione per ogni e-service esposto da ogni ente ed ente terzo con cui dovrà dialogare.
Quindi per ogni comune avremo una richiesta per il BO, una per il FO, una per eventuali ET interni, una per i webservice SSU (FO2SSU, BO2SS, ET2SSU), una per ComUnica, una per RegistroImprese e una per ogni ente terzo (e webservice). Potremmo avere facilmente decine se non centinaia di richieste (e chiavi) da gestire per ogni comune.
Non essendo possibile richiedere la fruizione in modo automatico e massivo come facciamo a gestire questa cosa in modo manuale? Dovremmo inserire centinaia di richieste per ogni ente che gestiamo?
In più cosa succede se l’ente terzo Y non ha un webservice esposto su PDND?
Che succede se non so che devo richiedere la fruizione al webservice di un ente terzo e poi lo devo utilizzare? Un caso potrebbe essere dato dal procedimento non ancora pubblicato che viene pubblicato in un secondo momento oppure dal variare di un fornitore di webservice per quell’ente.
Una software house con 150 comuni potrebbe dover effettuare per ogni comune:

• Richiesta FO2BO
• Richiesta BO2FO
• Richiesta FO2CU
• Richiesta BO2RI
• Richiesta BO2SSU
• Richiesta FO2SSU
• 2x Richieste ET2SSU
• 2x Richieste ET2BO
• 10x Richieste BO2ET

Un totale di 20 richieste a comune, moltiplicato per 150 comuni per un totale di 3000 richieste. Ipotizzando mezz’ora di lavoro per ogni richiesta potremmo avere facilmente 1500 ore di lavoro per le richieste PDND. Cioè 187,5 giorni lavorativi, cioè oltre 8 mesi di lavoro per un operatore.""";"La PDND prevede che ogni comune debba effettuare una richiesta di fruizione con ogni altra componente SUAP ed Ente Terzo con cui deve dialogare. Sulla base di ciò si assume corretta l'ipotesi formalizzata nella richiesta.

Tutti gli ET sono tenuti a esporre i propri web service sulla PDND per garantire l’interoperabilità con il BO, come previsto dalla normativa. Infocamere, al fine di tenere aggiornati tutte le amministrazioni relativamente a nuovi inserimenti o modifiche dei procedimenti sul catalogo, prevede l'utilizzo di una funzionalità di notifica settimanale. Sulla base di ciò, dal momento in cui si rendesse necessario interagire con un ulteriore ET, sarà sufficiente presentare una nuova richiesta di fruizione per interoperare col nuovo componente.";n.a.
127;n.a.;E' stato introdotto un elemento generalIndex in alcune operation, per il quale chiediamo maggiore documentazione, in particolare sulle varie casistiche anyOf() e sul loro utilizzo previsto;"Il GeneralIndex è stato introdotto durante le fasi di aggiornamento delle Specifiche Tecniche, quando il Gruppo Tecnico ha riscontrato la necessità di colmare un delta informativo, che talvolta non è immediatamente nelle disponibilità del SUAP. Tali dati, correttamente non presenti nell'Instance Descriptor anche per ragioni di privacy, sono stati definiti in questo nuovo indice di allegati trasversali.
Volendo fare un confronto tra il GeneralIndex e l'InstanceIndex, è possibile affermare che il GeneralIndex prescinde dalle fattispecie di procedimento, per tale motivo riporta una lista specifica di tipologie di documento che non vengono invece gestite nell'InstanceIndex.

Nelle OpenAPI sono riportate le descrizioni di tutti i documenti gestiti nel GeneralIndex, tuttavia, si riportano tali descrizioni anche di seguito:
- ricevuta_xml/: il presente documento è validato con l’XML Schema definito ai sensi dell’allegato al DPR 160/2010
precedente alla variazione DECRETO 12 novembre 2021 recuperabile nella sezione regole “Regole tecniche”
del portale impresainungiorno
(https://www.impresainungiorno.gov.it/documents/155997/157492/SUAP-ricevuta-1.1.4.xsd/58b9d8e8-2b76-4b8b-adee-0cf9c2bbe04a);
- suap_xml: il presente documento è validato con l’XML Schema definito ai sensi dell’allegato al DPR 160/2010
precedente alla variazione DECRETO 12 novembre 2021 recuperabile nella sezione regole “Regole tecniche”
del portale impresainungiorno
(https://www.impresainungiorno.gov.it/documents/155997/157492/pratica_suap-2.0.0.xsd/74b7ffb2-fe01-41c6-b210-be36139923e4 ,
https://www.impresainungiorno.gov.it/documents/155997/157492/Definizione+delle+strutture+dati+elementari+di+impresainungiorno.xsd/43929369-48f0-4b7b-883e-f57dc5cdd41e);
- suap_rea_start_xml: il presente documento è validato con l’XML Schema definito ai sensi dell’allegato al DPR 160/2010
precedente alla variazione DECRETO 12 novembre 2021 recuperabile nella sezione regole “Regole tecniche”
del portale impresainungiorno
(https://www.impresainungiorno.gov.it/documents/155997/157488/suap-rea-1.1.1.xsd/2094658b-c981-4795-8d18-ffa91fa97069);
- suap_rea_update_xml: il presente documento è validato con l’XML Schema definito ai sensi dell’allegato al DPR 160/2010
precedente alla variazione DECRETO 12 novembre 2021 recuperabile nella sezione regole “Regole tecniche”
del portale impresainungiorno
(https://www.impresainungiorno.gov.it/documents/155997/157488/suap-rea-1.1.1.xsd/2094658b-c981-4795-8d18-ffa91fa97069);
- suap_rea_end_xml: il presente documento è validato con l’XML Schema definito ai sensi dell’allegato al DPR 160/2010
precedente alla variazione DECRETO 12 novembre 2021 recuperabile nella sezione regole “Regole tecniche”
del portale impresainungiorno
(https://www.impresainungiorno.gov.it/documents/155997/157488/suap-rea-1.1.1.xsd/2094658b-c981-4795-8d18-ffa91fa97069);
- comunica_cui_xml: il presente documento è validato con l’XML Schema definito ai sensi dell’allegato al DPR 160/2010
precedente alla variazione DECRETO 12 novembre 2021 recuperabile nella sezione regole “Regole tecniche”
del portale impresainungiorno
(https://www.registroimprese.it/documents/20195/0/specifichecomunicazioneunica.zip).";n.a.
128;n.a.;"Esaminando tutte le api e relativi end-point, si chiede se è necessario dividere le api in base al fruitore o se le specifiche sono state impostate in questo modo per semplificarne la lettura. Cerco di spiegarmi.
Limitandoci alle API esposte dal BackOffice, Avremmo i seguenti end-point:
bo_to_et /instance/{cui_uuid}/document/{resource_id}
bo_to_et /request_cdss
bo_to_et /request_integration
bo_to_et /retry
bo_to_et /send_conclusions
bo_to_fo /cancel_instance
bo_to_fo /instance/{cui_uuid}/document/{resource_id}
bo_to_fo /notify_receipt
bo_to_fo /retry
bo_to_fo /send_instance
bo_to_ri  /instance/{cui_uuid}/document/{resource_id}
bo_to_ri  /retry
bo_to_et, bo_to_fo e bo_to_ri devono avere hostname differenti (es. bo_to_fo.dominio.it, bo_to_et.dominio.it, bo_to_ri.dominio.it)? Oppure è possibile creare un'unica api, esposta dal back-office (bo.dominio.it) che esponga tutti gli end-point? In questo caso, l'end-point /instance/{cui_uuid}/document/{resource_id}, identico per tutti, verrebbe esposto solo una volta e richiamato poi dai vari soggetti.


Eventualmente, se tale strada non fosse percorribile o consigliabile, e quindi è necessario dividere le chiamate in base al fruitore, si chiede se è possibile mantenere un unico hostname e aggiungere un parametro (fisso) nel path del servizio, in questo modo:
bo ET/instance/{cui_uuid}/document/{resource_id}
bo ET/request_cdss
bo  ET/request_integration
bo  ET/retry
bo  ET/send_conclusions
bo  FO/cancel_instance
bo  FO/instance/{cui_uuid}/document/{resource_id}
bo  FO/notify_receipt
bo  FO/retry
bo  FO/send_instance
bo  RI/instance/{cui_uuid}/document/{resource_id}
bo  RI/retry
dove bo avrà un unico host, es. backoffice.dominio.it
Domanda che si discosta dal quesito precedente, ma ne approfitto:
/fo-portal-ref, esposto dal FrontOffice verso CU a cosa serve? Perché è messo a disposizione solo a CU? Nei parametri è previsto un codice fiscale. Di chi?";"E' necessario dividere le API in base al fruitore, ma è corretto mantenere un unico hostname per categoria di fruitore (FO,BO,ET).
Il servizio ""/fo-portal-ref"" è un servizio esposto dal Front-Office per il Comunica che restituisce l'url del portale di FO e un secretToken, Concatenando i due, si otterrà un formato del tipo foportal.it/xyz/secretToken; l’esigenza è quella di garantire l’identificazione del ComUnica quale sistema invocante la redirect al FO competente. Il codice fiscale richiesto nella response corrisponde al codice fiscale del legal person inserito anche all'interno dell'insanceDescriptor.";n.a.
129;n.a.;"Buongiorno,

le api che dovrebbero ritornare le amministrazioni competenti ritornano un 404, ""Resource not found"".

Abbiamo provato sia le API bulk che le altre:

Bulk:
/proceedings-competent-administrations/{id_proceeding_list}/{municipality_list}
/proceedings-competent-administrations/{id_proceeding_list}

No bulk:

/proceeding/{proceeding_id}/{proceeding_version}/{municipality}/competent-administration




Fino a circa una settimana fa funzionavano.

C'è un problema tecnico o stiamo sbagliando noi qualcosa?

Grazie";La presente richiesta chiede un supporto circa la fruizione di un servizio esposto dal Catalogo SSU il cui gestore risulta essere InfoCamere. Data la natura della richiesta, la invitiamo a contattare direttamente il gestore per richiedere supporto in merito alle funzionalità ed eventuali bug del sistema.;n.a.
130;n.a.;"Da quello che abbiamo capito, il catalogo fornisce per ogni componente (front, back, ente terzo) interessato nel processo il relativo riferimento telematico (es. faxksiqc-32rq-76am-lw5p-d5pausdyy8x9).

Da quel riferimento è necessario risalire ai tutti i parametri necessari per poi interrogare i servizi. E questo, soprattutto per gli Enti Terzi, andrebbe fatto in tempo reale. 

Stiamo quindi capendo come reperire tali informazioni. Infocamere ci ha confermato di utilizzare le API di interoperabilità di PDND.

Dando una prima occhiata alla documentazione (https://docs.pagopa.it/interoperabilita-1/manuale-operativo/api-esposte-da-pdnd-interoperabilita), ci sembra però che tali servizi siano disegnati per notificare eventi più che per avere informazioni di dettaglio per l'interrogazione dei servizi.




Si chiede, pertanto, se l'approccio di interrogare le api esposte da PDND è corretto e, in tal caso, se è possibile avere qualche indicazione o riferimento documentale in merito.

";"Il catalogo fornisce il riferimento telematico agli e-service esposti su PDND ottenibile consultando i seguenti path dell'OpenAPI ""catalogo-ssu_meta"":
- ET -> path ""/competent-administration/{competent_administration_ipacode}/{competent_administration_code}/{competent_administration_version}/third-party-system"" attributo ""telematic_ref""
- FO -> path ""/suap/{suap_id}/{suap_version}/frontoffice-system"" attributo ""e_service_to_bo"" per la componente di Back-office e l'attributo ""e_service_to_cu"" per la componente ComUnica
- BO -> path ""/suap/{suap_id}/{suap_version}/backoffice-system"" attributo ""e_service_to_fo"" per la componente di Front-office, ""e_service_to_et"" per la componente Ente Terzo e l'attributo ""e_service_to_ri"" per il Registro Imprese.
I parametri sopra citati servono per recuperare le informazioni necessarie per interrogare i webservice tramite le API Interoperabilità di PDND consultabili nella sezione ""Fruizione - I tuoi client API interop"".
L'unica documentazione consultabile è il manuale operativo fornito da PDND (https://docs.pagopa.it/interoperabilita-1/manuale-operativo/api-esposte-da-pdnd-interoperabilita)
";n.a.
131;n.a.;"Buongiorno,

nell'ottica di architetturare la soluzione in modo ottimale, si chiedono alcuni chiarimenti su PDND.

Abbiamo capito che l'esposizione dei servizi potrà avvenire una volta sola, per il Comune sponsor, e poi i servizi esposti potranno essere utilizzati per tutti gli altri Enti. Faccio presente che questa, che effettivamente è una comodissima forzatura, spiazza un po' il Comune sponsor che deve assumersi oneri oltre le sue competenze. Però diciamo che va bene e snellisce tutto. Forse andrebbe chiarito ufficialmente.

In merito a questo discorso avevo posto un ulteriore quesito il 28/1 (oggetto ""Chiarimento API"") per capire come poter ottimizzare l'organizzazione delle api esposte. Attendiamo risposta.




Il problema che abbiamo adesso è capire per il processo di usufruizione dei servizi come procedere. Per semplificare, supponiamo di avere solo la soluzione back-office. Per ognuno di questi dovremo chiedere, tramite piattaforma PDND, il permesso di utilizzare i vari servizi front-office ed enti-terzi. Tenendo conto di avere (solo) 100 Comuni sparsi in tutta Italia, le richieste sono davvero numerose: una per i servizi FoToBo e una per i servizi EtToBo moltiplicata per ogni Ente Terzo.

E questo è uno scenario semplificato dove abbiamo solo 100 Comuni e stiamo parlando della sola componente back-office. Nella realtà si potrà avere una combinazione arbitraria delle tre componenti.

Abbiamo inteso correttamente? E' previsto anche in questo caso un meccanismo di semplificazione?

In merito a questo aspetto, avevamo anche chiesto a Infocamere, tramite ticket, come interpretare il riferimento telematico ritornato dalle API del catalogo, e quindi come reperire su pdnd tutte le informazioni ad esso associate. Attendiamo risposta.";"La PDND prevede che ogni comune debba effettuare una richiesta di fruizione con ogni altra componente SUAP ed Ente Terzo con cui deve dialogare. Sulla base di ciò si assume corretta l'ipotesi formalizzata nella richiesta. Attualmente non siamo a conoscenza di eventuali meccanismi di semplificazione previsti dalla PDND.

Di seguito si riporta invece una delucidazione in merito al riferimento telematico presente nelle API del Catalogo.
Il catalogo fornisce il riferimento telematico agli e-service esposti su PDND ottenibile consultando i seguenti path dell'OpenAPI ""catalogo-ssu_meta"":
- ET -> path ""/competent-administration/{competent_administration_ipacode}/{competent_administration_code}/{competent_administration_version}/third-party-system"" attributo ""telematic_ref""
- FO -> path ""/suap/{suap_id}/{suap_version}/frontoffice-system"" attributo ""e_service_to_bo"" per la componente di Back-office e l'attributo ""e_service_to_cu"" per la componente ComUnica
- BO -> path ""/suap/{suap_id}/{suap_version}/backoffice-system"" attributo ""e_service_to_fo"" per la componente di Front-office, ""e_service_to_et"" per la componente Ente Terzo e l'attributo ""e_service_to_ri"" per il Registro Imprese.
I parametri sopra citati servono per recuperare le informazioni necessarie per interrogare i webservice tramite le API Interoperabilità di PDND consultabili nella sezione ""Fruizione - I tuoi client API interop"".
L'unica documentazione consultabile è il manuale operativo fornito da PDND (https://docs.pagopa.it/interoperabilita-1/manuale-operativo/api-esposte-da-pdnd-interoperabilita)
";n.a.
132;c87068a5929f466aa2ca40a91d0a0844;"Nel fare gli adeguamenti dei servizi del Gateway per il branch approved01 ho rilevato due punti su cui averi bisogno di un approfondimento:
• Caso TransferOutcomeNotifyMessage (notifica chiusura procedimento):
nella chiusura del procedimento è possibile ricevere i riferimenti del documento dell’atto di chiusura, ma il set di dati che il BO invia sono i seguenti:
o resource_id: id univoco del documento
o hash: hash del file, necessario per il recupero dal servizio del BO
o alg_hash: algoritmo di generazione dell’hash
Considerato che il servizio esposto dal BO SUAP per il recupero dei file restituisce solo il bytearray del file servirebbe sapere come ottenere il nome e il tipo del documento
• Caso CdssNotifyMessage (notifica di indizione della Cdss):
nella convocazione della Cdss è possibile ricevere il nome del file dell’atto di convocazione e il relativo mime type, di seguito i parametri in dettaglio:
o mime_type: tipologia del file
o cdss_admin_act_filename: nome del file dell’atto di convocazione
In questo caso non sono presenti i riferimenti per l’interrogazione del servizio esposto dal BO per il recupero dei documenti, quindi servirebbe sapere come ottenerli
Vi ricordo che stiamo utilizzando le due open api:
- et_to_bo.yaml
- bo_to_et.yaml";"Per quanto riguarda il primo caso di ""TransferOutcomeNotifyMessage"", il messaggio restituisce i riferimenti al documento. Il nome del file non è necessario per recuperare il documento in questione, si deve utilizzare il resource_id per l'invocazione del servizio ""/instance/{cui_uuid}/document/{resource_id}"" che richiede come parametro header ""if-match"" per verificare la correttezza dell'hash in possesso. 
Per identificare il tipo di documento, è possibile fare riferimento all'attributo ""mime_type"", presente nell'instance descriptor.

Nel secondo caso di ""CdssNotifyMessage"", nel branch approved01 è presente 'attributo ""cdss_admin_act_filename""  che non restituisce il nome del file, ma il bytestream in Base64 del file. Durante le attività del Gruppo Tecnico, le modalità di recupero del file sono state uniformate con quanto presente nelle altre operazioni delle Specifiche Tecniche, introducendo gli attributi: mime_type, resource_id, hash e alg_hash.
Tali aggiornamenti sono soggetti ad un processo di approvazione e la loro pubblicazione sarà realizzati nei modi previsti dalla norma. ";"Richiedente
Grazie per la risposta chiara. Riepilogo, comunque, la nostra interpretazione per vostra validazione.
Per lo scenario della chiusura del procedimento mi pare di capire che le informazioni del nome del file e il tipo si recuperano chiamando il catalogo ssu e cercando il match del resource_id nella lista degli allegati.

Per la convocazione della CDSS, invece, sarebbe utile sapere la tempistica dell’aggiornamento, perché al momento dobbiamo prevedere che il file arrivi direttamente nella request codificato in base64, mentre in seguito si recupererà tramite chiamata al BO SUAP come negli altri casi, quindi servirebbe capire se dobbiamo comunque partire con la prima modalità o dobbiamo attendere l’aggiornamento delle interfacce.
Parliamo di un rilascio prima del 25.07.2025? O successivo. Perchè in un precedente ticket ci era stato detto che il rilascio in produzione sarebbe avvenuto con la release Approved01.

Operatore
Le informazioni riguardanti il nome del file e il tipo si recuperano dall'instance-index trasmesso dal BO. L'associazione tra il ref presente nell'instance-index e quello presente nell'instance descriptor identifica il resource_id utilizzato nel recupero del documento.
Per quanto riguarda le tempistiche, al momento non sono previsti ulteriori modifiche ufficiali al di fuori di quelle presenti su approved01"
133;6fcfa6c118574387960e9e10c6981477;"Ho verificato delle discrepanze tra quanto presente nel PDF ""SPECIFICHE_TECNICHE_SUAP_2023"" e quanto pubblicato su GitHub.
In particolare,
- nel PDF
la lista codice errori gestiti sono 130 (Tabella 30. Lista codice errori gestiti).
i test case del tipo FO_TC_xxx sono 160.
i test case del tipo BO_TC_xxx sono 193.
i test case del tipo ET_TC_0xx sono 94.

- invece in:
https://github.com/AgID/specifiche-tecniche-DPR-160-2010/tree/approved02/specifiche_navigabili/08_e-service%20del%20SSU/08_06
la lista codice errori gestiti sono 134.
i test case del tipo FO_TC_xxx sono 93.
i test case del tipo BO_TC_xxx sono 122.
i test case del tipo ET_TC_0xx sono 58.

Quali sono dunque gli elenchi corretti?";"Nelle Specifiche Tecniche 2023 è presente un numero maggiore di test rispetto alle versioni aggiornate e alle specifiche tecniche navigabili su GitHub (branch approved01). Questo perché sono stati rimossi i test con codice errore ""50X"", al fine di semplificare il processo di verifica tecnica delle componenti informatiche FO, BO ed ET, rimuovendo i casi di errori relativi ad errori interni del sistema o di rete che sono difficilmente replicabili in fase di test.";n.a.
134;fe74f8e7c55748adbfcd76822ced35c2;"Vorrei dei chiarimenti circa i nomi indicati nella colonna ""operation"" nella ""Tabella 30. Lista codice errori gestiti"" del PDF ""SPECIFICHE_TECNICHE_SUAP_2023"", pubblicata anche in:
https://github.com/AgID/specifiche-tecniche-DPR-160-2010/blob/approved02/specifiche_navigabili/08_e-service%20del%20SSU/08_06/08_06.md

1) ""request_cui"" indica il servizio esposto dal Catalogo al FO: /request_cui ?
Per i test relativi all'ET possiamo dunque non considerarlo?

2) ""request_instance_descriptor"" indica il servizio esposto dal Catalogo: /instance_descriptor/{cui_uuid}?

3) ""request_instance_document"" indica il servizio esposto da ET e da BO: /instance/{cui_uuid}/document/{resource_id}?

4) ""request_correction"" indica il servizio esposto del Catalogo: /instance_descriptor/{cui_uuid}, dove nella reponse indica stato dell'istanza = correction_requested""?

5) ""request_integration"" indica il servizio esposto del BO: /request_integration?

6) ""request_update_times"" indica il servizio esposto dal Catalogo al BO: /update_times?
Per i test relativi all'ET possiamo dunque non considerarlo?

7) ""cancel_instance"" indica il servizio esposto del BO al FO: /cancel_instance?
Per i test relativi all'ET possiamo dunque non considerarlo?

8) ""notify_receipt"" indica il servizio esposto del BO al FO: /notify_receipt?
Per i test relativi all'ET possiamo dunque non considerarlo?";"Le varie componenti informatiche devono svolgere test differenti: 
- i test che deve svolgere il FO sono indicati nella tabella al capitolo ""8.6.1. e-service Front-office SUAP""
- i test che deve svolgere il BO sono indicati nella tabella al capitolo ""8.6.2. e-service Back-office SUAP""
- i test che deve svolgere il FO sono indicati nella tabella al capitolo ""8.6.3. e-service Enti Terzi"".
Per quanto riguarda i nomi delle operation a cui fanno riferimento sono:
1) ""request_cui"" indica il path ""/request_cui"" presente nell'OpenAPI ""catalogo-ssu_to_fo""
2) ""request_instance_descriptor"" indica il path ""/instance_descriptor/{cui_uuid}"" presente in tutte le OpenAPI esposte dal Catalogo SSU a eccezzione di ""catalogo-ssu_meta""
3) ""request_instance_document"" indica il path ""/instance/{cui_uuid}/document/{resource_id}"" presente nelle OpenAPI ""bo_to_et"", ""bo_to_fo"", ""bo_to_ri"", ""et_to_bo"", ""fo_to_bo"" e ""fo_to_cu""
4) ""request_correction"" indica il path ""/request_correction"" presente nell OpenAPI ""fo_to_bo""
5) ""request_integration"" indica il path ""/request_integration"" presente nell OpenAPI ""bo_to_et""
6) ""request_update_times"" indica il path ""/update_times"" presente nell OpenAPI ""catalogo-ssu_to_bo""
7) ""cancel_instance"" indica il path ""/cancel_instance"" presente nell OpenAPI ""bo_to_fo""
8) ""notify_receipt"" indica il path ""/notify_receipt"" presente nell OpenAPI ""bo_to_fo""";n.a.
135;32135c08fc3b44d997e7fb7d9bf32c37;"Buongiorno,
si chiede se l'approccio che è stato caldamente consigliato in questo progetto, in cui una stessa API esposta su PDND da parte di un Comune (sponsor) può poi essere utilizzata per altri Comuni, è una prassi che è possibile adottare in generale.
Noi abbiamo altre API, che esulano da questo specifico progetto, che però presenterebbero la stessa esigenza, ovvero poterla esporre su PDND senza dover fare la procedura per ogni singolo Comune. Va da sé che l'architettura multi-tenant gestisce poi il corretto instradamento delle chiamate al tenant corretto.

In caso questo non fosse possibile, si chiede secondo quale principio\norma\specifica questo è (fortunatamente) adottabile per il progetto SSU e non per altri fini.

Discorso analogo sarebbe da fare per la fruizione dei servizi. I nostri applicativi SaaS possono collegarsi, ad esempio, ad ANPR tramite PDND. Il problema è che ogni ente dovrebbe fare richiesta di accesso ai servizi ANPR. Tenendo conto che quasi nessun Ente è autonomo nel fare questo tipo di operazione, e tenendo conto che per quanto ci riguarda stiamo parlando di circa 700 Comuni, siamo dell'ordine di almeno 2 anni di attività di affiancamento da parte nostra, solo per richiedere l'accesso ad un servizio. Per non contare del costo che, inevitabilmente, dovremmo esporre alla PA per tale attività.";"Si precisa che nel contesto SUAP il concetto di sponsor asserisce all'accreditamento delle soluzioni tecnologiche (BO, FO, ET) e non l'esposizione degli e-service su PDND, in quanto questi ultimi sono realizzati dalle singole PA (comuni, Enti Terzi) che sono coinvolte nei procedimenti SUAP.
 
Relativamente alla possibilità, nel contesto SUAP, di applicare l'approccio indicato (architettura multi-tenant) tale possibilità deriva: 
- dalla presenza di accordi tra i comuni che determinano la costituzione di un soggetto giuridico con diritto di iscrizione all'IPA (registro di cui all'art. 6-ter del CAD), ad esempio un'unione di comuni;
- dalla partecipazione dei comuni alle soluzioni SUAP messe a disposizione a livello nazionale, piattaforma impresa in un giorno, o a livello regionale, piattaforma regionale.";"Richiedente
Buongiorno,
scusate ma la risposta ha messo in dubbio le uniche certezze che avevamo.
Noi avevamo capito, perché più volte ribadito e scritto, che i servizi esposti da una soluzione software adottata da più Enti dovevano essere pubblicati su PDND una sola volta, tramite il Comune sponsor. Ricordo Infocamere che diceva che altrimenti avremmo avuto migliaia di servizi esposti, con tutto quello che ne consegue.
Dalla vostra risposta mi sembra di capire, invece, che questo è valido solo per:
Comuni associati tra loro tramite accordi e che, quindi, costituiscono soggetto giuridicoContesti in cui gli Enti adottano soluzioni nazionali (Impresainungiorno o soluzioni regionali)
Quindi, tralasciando altri discorsi, vi chiedo se noi, in qualità di fornitori per centinaia di Comuni, dovremo prevedere la pubblicazione dei servizi per ogni Comune o se è confermata la possibilità di esporre su PDND una sola volta i servizi (tramite il Comune sponsor) che poi serviranno a tutti i nostri comuni.
Scusate l'insistenza ma è un aspetto chiave, sia tecnicamente che di organizzazione dei lavori.

Richiedente
il mio dubbio, che è cruciale per l'architettura di tutta la soluzione, nasce da quanto è stato detto durante gli incontri tecnici e che è riportato anche nel documento di domande\risposte inviato pochi giorni fa. Riporto qui di seguito domanda e risposta che mi sembrano in contrasto rispetto a quanto indicato in questo scambio di mail:
Domanda (16.1):
Ci confermate che ogni Comune dovrà:
Esporre sulla PDND i propri servizi Front-OfficeEsporre sulla PDND i propri servizi Back-OfficeEsporre sulla PDND i propri servizi Ente Terzo (qualora si configurasse anche come Ente Terzo)Far richiesta di accesso ai servizi Front-OfficeFar richiesta di accesso ai servizi Back-OfficeFar richiesta di accesso ai servizi Ente Terzo
Questo dovrà avvenire sempre, a prescindere dal sistema che adotterà (ImpresaInUnGiorno, soluzioni regionali, soluzioni proprietarie, ecc.)? Tenendo conto della preparazione media che gli Enti hanno sulla PDND e che, quindi, sarà inevitabile doverli seguire uno ad uno, sono previste agevolazioni sui processi di attivazione? Questo discorso vale a prescindere dal progetto contingente, il grosso freno nel concreto utilizzo dei servizi esposti su PDND risiede proprio nella prassi burocratico\amministrativa.
Risposta:
La pubblicazione degli e-service su PDND da parte della P.A. deve avvenire una sola volta per ciascuna componente informatica, e NON per ciascun Ente utilizzatore. Il meccanismo è lo stesso con riferimento alle richieste di fruizione degli e-service, che dovranno essere effettuate verso tutte le piattaforme informatiche con le quali si necessita di dover instaurare un flusso Comunicativo, a prescindere dalla specifica piattaforma utilizzata (ImpresaInUnGiorno, soluzioni regionali, soluzione proprietarie ecc.).
A titolo di esempio nel caso in cui una piattaforma esponga lo stesso end point per più Comuni dovrà effettuare la pubblicazione una sola volta. Se sono presenti soluzioni custom che espongono diversi endpoint, la pubblicazione dovrà essere ripetuta per il numero di soluzioni.
Domanda 16.2
[Tratta lo stesso argomento in maniera ancora più dettagliata]
Risposta:
Un e-service può essere pubblicato una volta per ciascuna componente informatica e non per ciascun ente. Per eventuali approfondimenti è necessario coinvolgere AgID.""
Dalle risposte si deduce che l'esposizione su PDND è fatta una sola volta per componente. Quindi se noi abbiamo un e-servizio, supponiamo BoToFo, uguale per tutti gli Enti, dovremmo esporlo una sola volta. Corretto? Ma chi lo espone, il Comune sponsor?
Bisognerebbe poi capire come gestire le richieste di fruizione: un back-office dovrebbe chiedere l'accesso agli e-service di tutti gli Enti Terzi con cui dovrà colloquiare. Quanti? Quali?
Chiedo gentilmente se non è possibile confrontarsi telefonicamente\call?
Così è ingestibile.

Operatore
Si conferma quanto indicato in precedenza:
""Si precisa che nel contesto SUAP il concetto di sponsor asserisce all'accreditamento delle soluzioni tecnologiche (BO, FO, ET) e non l'esposizione degli e-service su PDND, in quanto questi ultimi sono realizzati dalle singole PA (comuni, Enti Terzi) che sono coinvolte nei procedimenti SUAP.

Relativamente alla possibilità, nel contesto SUAP, di applicare l'approccio indicato (architettura multi-tenant) tale possibilità deriva:
- dalla presenza di accordi tra i comuni che determinano la costituzione di un soggetto giuridico con diritto di iscrizione all'IPA (registro di cui all'art. 6-ter del CAD), ad esempio un'unione di comuni;
- dalla partecipazione dei comuni alle soluzioni SUAP messe a disposizione a livello nazionale, piattaforma impresa in un giorno, o a livello regionale, piattaforma regionale"""
136;2e9996937e634f9bb9029c42d3f10757;"Sottoponiamo alla vostra cortese attenzione il quesito pervenutoci dalla software house XXX:
E' possibile avere un esempio di chiamata a e-service di FO?";"All'interno delle OpenAPI sono stati inseriti esempi per ogni operazione. Per una consultazione più agevole, consigliamo di copiare e incollare il codice OpenAPI nella sezione sinistra dell’editor disponibile a questo link: https://editor.swagger.io/
Lo Swagger permette anche di simulare una chiamata riportando un esempio come il seguente per la costruzione della Request:

curl -X 'POST' \
  'https://{{ENDPOINT}}/notify' \
  -H 'accept: */*' \
  -H 'Content-Type: application/json' \
  -H 'Authorization: Bearer JWT' \
  -H 'AgID-JWT-Signature: JWS' \
  -d '{
   ""cui"": {
    ""context"": ""SUAP"",
    ""data"": <data02>,
    ""progressivo"": ""100"",
    ""uuid"": ""80bc7d1a-10e5-11ee-be56-0242ac120003""
  },
  ""instance_descriptor_version"": ""1"",
  ""event"": ""end_by_submitter_cancel_requested""
}'

Qualora vi sia la necessità di ulteriori chiarimenti, la invitiamo a contattarci tramite il canale di messaggistica del ticket.
Le comunichiamo inoltre che, in assenza di ulteriori richieste, il presente ticket sarà chiuso automaticamente dal sistema entro 7 giorni lavorativi.



";n.a.
137;371e80402c46493ba38fdb4c9e0967e7;"Sottoponiamo alla vostra cortese attenzione il quesito pervenutoci dalla software house XXX:
Potete fornirci un esempio di chiamata ""request_cui"" da FO to Catalogo SSU?";"All'interno delle OpenAPI sono stati inseriti esempi per ogni operazione. Per una consultazione più agevole, consigliamo di copiare e incollare il codice OpenAPI nella sezione sinistra dell’editor disponibile a questo link: https://editor.swagger.io/
Lo Swagger permette anche di simulare una chiamata riportando un esempio per la costruzione della Request.

Si riporta di seguito un esempio di request dell'operation request_cui:
curl -X 'POST' \
  'https://{{ENDPOINT}}/request_cui' \
  -H 'accept: application/json' \
  -H 'Content-Type: application/json' \
  -H 'Authorization: Bearer JWT' \
  -H 'AgID-JWT-Signature: JWS' \
  -d '{
  ""version"": 0,
  ""cui"": {
    ""context"": ""string"",
    ""data"": ""2025-02-20"",
    ""progressivo"": ""string"",
    ""uuid"": ""string""
  },
  ""municipality"": ""string"",
  ""legal_person"": ""string"",
  ""instance_status"": [
    {
      ""state"": ""started"",
      ""timestamp"": ""2025-02-20T13:26:31.200Z""
    }
  ],
  ""times"": {
    ""start"": ""2025-02-20"",
    ""max_gg_proc"": 0,
    ""max_gg_correction"": 0,
    ""max_gg_admissibility"": 0,
    ""max_gg_int_req"": 0,
    ""max_gg_int_resp"": 0,
    ""max_gg_concl_send"": 0,
    ""max_gg_cdss_req"": 0,
    ""date_cdss"": ""2025-02-20""
  },
  ""administrative_regime"": {
    ""id"": ""SCIA"",
    ""version"": ""string""
  },
  ""usecase_proceedings"": [
    {
      ""code"": ""string"",
      ""version"": ""string"",
      ""competent_administration"": {
        ""ipacode"": ""string"",
        ""officecode"": ""string"",
        ""version"": ""string"",
        ""description"": ""string""
      },
      ""form"": {
        ""xsd"": {
          ""code"": ""string"",
          ""version"": ""string""
        },
        ""schematron"": {
          ""code"": ""string"",
          ""version"": ""string"",
          ""phase"": [
            ""string""
          ]
        }
      },
      ""instance"": {
        ""ref"": ""string"",
        ""filename"": ""string"",
        ""hash"": ""string"",
        ""alg_hash"": ""S256"",
        ""mime_type"": ""application/xml"",
        ""activity_model"": {
          ""ref"": ""string"",
          ""filename"": ""string"",
          ""hash"": ""string"",
          ""alg_hash"": ""S256"",
          ""mime_type"": ""application/pdf""
        }
      },
      ""attachments"": [
        {
          ""ref"": ""string"",
          ""filename"": ""string"",
          ""hash"": ""string"",
          ""alg_hash"": ""S256"",
          ""form"": {
            ""xsd"": {
              ""code"": ""string"",
              ""version"": ""string""
            },
            ""schematron"": {
              ""code"": ""string"",
              ""version"": ""string"",
              ""phase"": [
                ""string""
              ]
            }
          },
          ""mime_type"": ""string""
        }
      ]
    }
  ]
}'

Qualora vi sia la necessità di ulteriori chiarimenti, la invitiamo a contattarci tramite il canale di messaggistica del ticket.
Le comunichiamo inoltre che, in assenza di ulteriori richieste, il presente ticket sarà chiuso automaticamente dal sistema entro 7 giorni lavorativi.

";n.a.
138;ad5f4d5ea81e4088b28b3070ea5c7fff;"Sottoponiamo alla vostra cortese attenzione il quesito pervenutoci dalla software house XXX:
Nella send_instance cosa rappresenta l'instance index e la general index e perché sono divisi?";"L'instanceIndex contine la lista di documenti associati ad una istanza resa disponibile da una componete, identificati univocamente da un proprio resource_id. Il resource_id è un identificativo univoco nel dominio della componente,  quindi è l'unica chiave che permette il recupero di un documento dell'istanza reso dispoponibile dai componenti SUAP ed ET. La resource_id è strettamente legato al ""ref"" della risporsa presente nel istance-description, ovvero il riferimento in relazione al CUI dell'istanza. Tale attributo ""ref"" presente sull'instance-index deve corrispondere presenti  nell'InstanceDescriptor:
 - ""activity_model"" (usecase_proceedings.instance.activity_model);
 - ""attachments"" (usecase_proceedings.attachments).
Così facendo, si crea un legame tra un documento e l'istanza a cui è associato tramite il quale viene garantito l'accesso a tale risorsa tramite il servizio ""/instance/{cui_uuid}/document/{resource_id}"".

Il GeneralIndex è stato introdotto durante le fasi di aggiornamento delle Specifiche Tecniche, quando il Gruppo Tecnico ha riscontrato la necessità di colmare un delta informativo, che talvolta non è immediatamente nelle disponibilità del SUAP. Tali dati, correttamente non presenti nell'Instance Descriptor anche per ragioni di privacy, sono stati definiti in questo nuovo indice di allegati trasversali.
Volendo fare un confronto tra il GeneralIndex e l'InstanceIndex, è possibile affermare che il GeneralIndex prescinde dalle fattispecie di procedimento, per tale motivo riporta una lista specifica di tipologie di documento che non vengono invece gestite nell'InstanceIndex.

Nelle OpenAPI sono riportate le descrizioni di tutti i documenti gestiti nel GeneralIndex, tuttavia, si riportano tali descrizioni anche di seguito:
 - ricevuta_xml/: il presente documento è validato con l’XML Schema definito ai sensi dell’allegato al DPR 160/2010
                        precedente alla variazione DECRETO 12 novembre 2021 recuperabile nella sezione regole “Regole tecniche”
                        del portale impresainungiorno
                        (https://www.impresainungiorno.gov.it/documents/155997/157492/SUAP-ricevuta-1.1.4.xsd/58b9d8e8-2b76-4b8b-adee-0cf9c2bbe04a);
 - suap_xml: il presente documento è validato con l’XML Schema definito ai sensi dell’allegato al DPR 160/2010
                        precedente alla variazione DECRETO 12 novembre 2021 recuperabile nella sezione regole “Regole tecniche”
                        del portale impresainungiorno
                        (https://www.impresainungiorno.gov.it/documents/155997/157492/pratica_suap-2.0.0.xsd/74b7ffb2-fe01-41c6-b210-be36139923e4 , 
                        https://www.impresainungiorno.gov.it/documents/155997/157492/Definizione+delle+strutture+dati+elementari+di+impresainungiorno.xsd/43929369-48f0-4b7b-883e-f57dc5cdd41e);
 - suap_rea_start_xml: il presente documento è validato con l’XML Schema definito ai sensi dell’allegato al DPR 160/2010
                        precedente alla variazione DECRETO 12 novembre 2021 recuperabile nella sezione regole “Regole tecniche”
                        del portale impresainungiorno
                        (https://www.impresainungiorno.gov.it/documents/155997/157488/suap-rea-1.1.1.xsd/2094658b-c981-4795-8d18-ffa91fa97069);
 - suap_rea_update_xml: il presente documento è validato con l’XML Schema definito ai sensi dell’allegato al DPR 160/2010
                        precedente alla variazione DECRETO 12 novembre 2021 recuperabile nella sezione regole “Regole tecniche”
                        del portale impresainungiorno
                        (https://www.impresainungiorno.gov.it/documents/155997/157488/suap-rea-1.1.1.xsd/2094658b-c981-4795-8d18-ffa91fa97069);
 - suap_rea_end_xml: il presente documento è validato con l’XML Schema definito ai sensi dell’allegato al DPR 160/2010
                        precedente alla variazione DECRETO 12 novembre 2021 recuperabile nella sezione regole “Regole tecniche”
                        del portale impresainungiorno
                        (https://www.impresainungiorno.gov.it/documents/155997/157488/suap-rea-1.1.1.xsd/2094658b-c981-4795-8d18-ffa91fa97069);
 - comunica_cui_xml: il presente documento è validato con l’XML Schema definito ai sensi dell’allegato al DPR 160/2010
                        precedente alla variazione DECRETO 12 novembre 2021 recuperabile nella sezione regole “Regole tecniche”
                        del portale impresainungiorno
                        (https://www.registroimprese.it/documents/20195/0/specifichecomunicazioneunica.zip).

Qualora vi sia la necessità di ulteriori chiarimenti, la invitiamo a contattarci tramite il canale di messaggistica del ticket.
Le comunichiamo inoltre che, in assenza di ulteriori richieste, il presente ticket sarà chiuso automaticamente dal sistema entro 7 giorni lavorativi.";n.a.
139;6567141497a443a5bc4fc7d3d2531ec3;"	
Sottoponiamo alla vostra cortese attenzione il quesito pervenutoci dalla software house XX:
Nella get_istance cosa rappresenta if-match?";"L'header ""if-match"" serve per verificare la correttezza dell'hash in possesso dalla componente informatica con quella della risorsa da recuperare.

Qualora vi sia la necessità di ulteriori chiarimenti, la invitiamo a contattarci tramite il canale di messaggistica del ticket.
Le comunichiamo inoltre che, in assenza di ulteriori richieste, il presente ticket sarà chiuso automaticamente dal sistema entro 7 giorni lavorativi.";n.a.
140;4a25b08fac58448991a9b9ceed672ebb;"Sottoponiamo alla vostra cortese attenzione i seguenti quesiti della software house XXX relativi al diagramma di sequenza GENERAL-001:
1)Nel metodo send_instance dei vari e-service esposti dalle componenti è presente il campo “instance_descriptor_version”: potreste descriverci qual è l’utilizzo che la componente erogatrice deve farne?
2)L’oggetto GeneralIndex (ricevuta_xml, ricevuta_pdf, suap_xml, suap_pdf, suap_rea_start_xml, suap_rea_update_xml, suap_rea_end_xml, comunica_cui_xml, comunica_cui_pdf) in quali fasi del procedimento deve essere popolato e con quali documenti? Es. Quando il suap-fo invia la send_instance al suap-bo quali popola? Durante la notify_receipt effettuata dal suap-fo al suap-bo posso utilizzare il campo ricevuta_pdf per veicolare la ricevuta che il suap-fo ha inviato al presentatore?
3)Abbiamo visto che la response alla chiamata “/proceedings-administrative-regimes/:id_proceeding_list” per uno specifico procedimento restituisce i tempi del procedimento. Detto questo, perchè dovrei avere la necessità di aggiornare tali tempi tramite la chiamata al metodo “update_times” esposto dal catalogo?
4)Il punto 21, dove suap-bo esegue la update_times non dovrebbe essere subordinato al punto 25, audit(cui, instance_retrived), in modo tale da avere nel suap-bo la pratica completa?
5)Nel diagramma non è presente una chiamata specifica per recuperare l’instance_descriptor? È possibile richiamarlo in qualsiasi momento?
6) Durante la presentazione della Comunica lato SUAP si riscontra l’assenza della P.IVA dell’azienda richiedente. In quale fase il SUAP BO acquisisce tale informazione?";"1) L'instance_descriptor_version, insieme al CUI, consente di identificare in modo univoco l'instance descriptor al suo ultimo stato di aggiornamento, permettendo così alla componente informatica con cui si sta interagendo di recuperare gli allegati tramite la chiamata instance document.

2) Il GeneralIndex è stato introdotto durante le fasi di aggiornamento delle Specifiche Tecniche, quando il Gruppo Tecnico ha riscontrato la necessità di colmare un delta informativo, che talvolta non è immediatamente nelle disponibilità del SUAP. Tali dati, correttamente non presenti nell'Instance Descriptor anche per ragioni di privacy, sono stati definiti in questo nuovo indice di allegati trasversali. 
Il GeneralIndex deve includere tutti i documenti disponibili presso la componente informatica chiamante, previsti dallo stesso GeneralIndex, al momento della chiamata, quando si sta effettuando l'operation ""/notify_receipt"" o ""/send_instance""
I documenti che possono essere gestiti nel GeneralIndex sono:
- ricevuta_xml/: il presente documento è validato con l’XML Schema definito ai sensi dell’allegato al DPR 160/2010
                        precedente alla variazione DECRETO 12 novembre 2021 recuperabile nella sezione regole “Regole tecniche”
                        del portale impresainungiorno
                        (https://www.impresainungiorno.gov.it/documents/155997/157492/SUAP-ricevuta-1.1.4.xsd/58b9d8e8-2b76-4b8b-adee-0cf9c2bbe04a);
 - suap_xml: il presente documento è validato con l’XML Schema definito ai sensi dell’allegato al DPR 160/2010
                        precedente alla variazione DECRETO 12 novembre 2021 recuperabile nella sezione regole “Regole tecniche”
                        del portale impresainungiorno
                        (https://www.impresainungiorno.gov.it/documents/155997/157492/pratica_suap-2.0.0.xsd/74b7ffb2-fe01-41c6-b210-be36139923e4 , 
                        https://www.impresainungiorno.gov.it/documents/155997/157492/Definizione+delle+strutture+dati+elementari+di+impresainungiorno.xsd/43929369-48f0-4b7b-883e-f57dc5cdd41e);
 - suap_rea_start_xml: il presente documento è validato con l’XML Schema definito ai sensi dell’allegato al DPR 160/2010
                        precedente alla variazione DECRETO 12 novembre 2021 recuperabile nella sezione regole “Regole tecniche”
                        del portale impresainungiorno
                        (https://www.impresainungiorno.gov.it/documents/155997/157488/suap-rea-1.1.1.xsd/2094658b-c981-4795-8d18-ffa91fa97069);
 - suap_rea_update_xml: il presente documento è validato con l’XML Schema definito ai sensi dell’allegato al DPR 160/2010
                        precedente alla variazione DECRETO 12 novembre 2021 recuperabile nella sezione regole “Regole tecniche”
                        del portale impresainungiorno
                        (https://www.impresainungiorno.gov.it/documents/155997/157488/suap-rea-1.1.1.xsd/2094658b-c981-4795-8d18-ffa91fa97069);
 - suap_rea_end_xml: il presente documento è validato con l’XML Schema definito ai sensi dell’allegato al DPR 160/2010
                        precedente alla variazione DECRETO 12 novembre 2021 recuperabile nella sezione regole “Regole tecniche”
                        del portale impresainungiorno
                        (https://www.impresainungiorno.gov.it/documents/155997/157488/suap-rea-1.1.1.xsd/2094658b-c981-4795-8d18-ffa91fa97069);
 - comunica_cui_xml: il presente documento è validato con l’XML Schema definito ai sensi dell’allegato al DPR 160/2010
                        precedente alla variazione DECRETO 12 novembre 2021 recuperabile nella sezione regole “Regole tecniche”
                        del portale impresainungiorno
                        (https://www.registroimprese.it/documents/20195/0/specifichecomunicazioneunica.zip).

3) È necessario effettuare la chiamata update_times in due casi: quando il BO deve impostare i tempi di procedimento a partire dalla data della ricevuta e quando viene convocata la conferenza di servizi sincrona. 
In quest'ultimo caso, la chiamata update_times deve essere effettuata due volte:
  - la prima volta per aggiornare i tempi e permettere lo svolgimento della conferenza dei servizi sincrona, considerando il massimo tempo concesso dalla norma;
  - la seconda volta per sottrarre i giorni non utilizzati, al fine di tenere tracciato solo il periodo trascorso per la gestione e la chiusura della conferenza.

4) L'operation di update_times al punto 21 è subbordinato al momento dell'emissione della ricevuta, comunicata dal FO al BO. In questo scenario viene considerato avviato il procedimento SUAP. Il recupero dei documenti avviene solo dopo il suo avvio.

5) L'operazione per recuperare l'InstanceDescriptor, esposta dal Catalogo SSU, è ""/instance_descriptor/{cui_uuid}"". Nei sequence diagram sono previsti momenti specifici per il recupero dell'InstanceDescriptor, come ad esempio al passo 13 del sequence diagram di Domanda Autorizzazione. Sono stati tracciati tutti i momenti fondamentali per recuperare l'instance_descriptor a seguito di un suo aggiornamento. Tuttavia, la chiamata può essere effettuata in qualsiasi momento sia necessario.

6) Analizzando il workflow ""workflow-scia-in-comunica_v2"", dopo l'avvio del task ""Avvio ComUnica"" vengono avviati dei task in parallelo, tra cui quello dove è prevista una comunicazione verso il SUAP per l'avvio del task ""Compilazione (FO)"". Nella freccia è presente una descrizione dove precisa che viene avviata la pratica ""SUAP CF presentatore"" e la creazione del codice univoco della pratica Comunica. Il CF (ovvero anche la P.IVA) non è subito disponibile perchè viene creata dopo il task ""Invio pratica"" sulla swimlane di Registro Imprese. La conferma dell'avvio del procedimento ComUnica riporta tutte le informazioni, tra cui la P.IVA dell'impresa che viene comunicata al task di ricezione messaggio ""Attesa conferma ComUnica"".

Qualora vi sia la necessità di ulteriori chiarimenti, la invitiamo a contattarci tramite il canale di messaggistica del ticket.
Le comunichiamo inoltre che, in assenza di ulteriori richieste, il presente ticket sarà chiuso automaticamente dal sistema entro 7 giorni lavorativi.";n.a.
141;435fa19fbc8f4726b69248db0311fcde;"Sottoponiamo alla vostra cortese attenzione i quesiti della software house XXX relativi al diagramma di sequenza SCIA-001:
1) Dubbi sulla modalità di registrazione degli e-service della componente enti terzi:
ESEMPIO: qualora si gestissero 50 enti, non è necessario registrare 50 e-service per la componente SUAP-BO, bensì un unico e-service. È possibile adottare la medesima logica per gli e-service esposti dalla componente SUAP-ET? In tal caso, come si può esporre un singolo e-service ET-to-BO per gestire più enti terzi? Inoltre, nello scenario in cui la componente SUAP-ET per più enti terzi venga esposta tramite un unico endpoint, come si identifica l’ente destinatario della notifica/richiesta di parere, in assenza di un parametro specifico nella send_instance?
2)In merito al contenuto dell’oggetto InstanceIndex è giusto pensare che i resource_id presente siano riferiti solo alla componente mittente e quindi nel caso in cui il SUAP-BO invii comunicazioni verso i SUAP-ET debba creare un nuovo oggetto con i resource_id riferiti alla componente SUAP-BO? Come si procede per aggiungere un ulteriore allegato, durante la comunicazione con I SUAP-ET, ad esempio una lettera di richiesta parere redatta dal SUAP-BO, considerando che l’instance_descriptor non può essere aggiornato?
3)Considerando lo scenario in cui una pratica giunge al SUAP BO e l’instance_descriptor fornisce le caratteristiche della pratica, come si determina il procedimento iniziale selezionato dall’utente in base alla tipologia e all’evento della vita? In che modo è possibile risalire all’evento della vita e alla tipologia, tenendo conto della loro importanza ai fini statistici?";"1) Si precisa che nel contesto SUAP il concetto di sponsor asserisce all'accreditamento delle soluzioni tecnologiche (BO, FO, ET) e non l'esposizione degli e-service su PDND, in quanto questi ultimi sono realizzati dalle singole PA (comuni, Enti Terzi) che sono coinvolte nei procedimenti SUAP. Pertanto, tutti gli ET sono tenuti a esporre i propri web service sulla PDND per garantire l’interoperabilità con il BO, come previsto dalla normativa. 

2) Corretto. L'instance_index riporta tutti i riferimenti ai documenti gestiti dalla componente mittente. Questo permette il recupero del documento specifico per mezzo della chiamata ""/instance/{cui_uuid}/document/{resource_id}"". Assunto che la ""send_instance"" dal BO all'ET implica, come indicato nel sequence-diagram, l'avvio delle istruttorie e l'emissione dell'esito finale da parte dell'ET, tale documento, non gestito come allegato all'instance-descriptor, può essere indicato nell'instance_index che viene inoltrato all'ET per mezzo della ""send_instance"";

3)Tramite il path ""/proceedings"", presente nell'OpenAPI ""catalogo-ssu_meta.yaml"", è possibile recuperare un procedimento specifico in base alla tipologia, all’evento della vita e al comune.
Viceversa, per ottenere la tipologia e l’evento della vita di uno specifico procedimento, è possibile utilizzare le chiamate bulk ""/proceedings-by-municipality/{municipality_list}"" o ""/proceedings-by-id/{id_proceeding_list}"", anch’esse presenti nell'OpenAPI ""catalogo-ssu_meta.yaml"", esposta dal Catalogo SSU.

Qualora vi sia la necessità di ulteriori chiarimenti, la invitiamo a contattarci tramite il canale di messaggistica del ticket.
Le comunichiamo inoltre che, in assenza di ulteriori richieste, il presente ticket sarà chiuso automaticamente dal sistema entro 7 giorni lavorativi.";n.a.
142;277b829f02f04d99a48282798120501e;"	
Sottoponiamo alla vostra cortese attenzione i quesiti della software house XXX:
1)Gli enti terzi che devono esprimere un parere vengono definiti a livello di Fattispecie, c’è modo per un BackOffice di chiedere un parere ulteriore (usando i WS del catalogo, non attraverso una PEC)?
2)Quando si chiede un parere a un ente terzo è possibile per il BackOffice aggiungere ulteriori documenti? In generale può un BackOffice allegare altri documenti a una determinata istanza?
3)Se per un determinato procedimento un comune si dovesse trovare a chiedere un parere a un ente non previsto per il generico procedimento regionale (es. un Parco Naturale o un Demanio Marittimo) dovrebbe creare un nuovo procedimento?
4)ogni fattispecie si possono avere più enti terzi oppure dovremmo avere una fattispecie per ogni ente terzo da coinvolgere?";"1) Non è possibile richiedere un ulteriore parere. Un BO tramite la send_instance contatterà gli ET coinvolti sul procedimento amministrativo, sulla base di quelli riportati a livello di Fattispecie. 
2) La send_instance invocata dal BO sui vari ET riporta tutti i riferimenti necessari per recuperare tutte le informazioni e i documenti associati al procedimento SUAP:
  - cui: il codice univoco d'istanza, ovvero l'identificativo del procedimento SUAP;
  - instance_descriptor_version: la versione dell'instance descriptor al momento dell'invio della send_instance;
  - instance_index: lista dei riferimenti ai documenti gestiti all'interno dell'istanza;
  - general_index: prescinde dalle fattispecie di procedimento, per tale motivo riporta una lista specifica di tipologie di documento che non vengono invece gestite nell'InstanceIndex
3) Gli ET che devono essere coinvolti su una determinata fattispecie sono definiti  sui procedimenti gestiti nel Catalogo SSU. I procedimenti SUAP qui presenti vengono inseriti dalle singole amministrazioni di competenza. Se è necessario coinvolgere un nuovo ET, non previsto in precedenza, su un determinato procedimento, è necessario definire una nuova versione di tale procedimento apportando questa modifica.   
4) come indicato nel ""modello-concettuale-catalogo-SSU"" e nell'instance-descriptor, per ogni fattispecie viene riportata una competente-administration che può avere uno o più ET.

Qualora vi sia la necessità di ulteriori chiarimenti, la invitiamo a contattarci tramite il canale di messaggistica del ticket.
Le comunichiamo inoltre che, in assenza di ulteriori richieste, il presente ticket sarà chiuso automaticamente dal sistema entro 7 giorni lavorativi.";n.a.
143;aa185760795545998bf3f187e95c8c59;"Sottoponiamo alla vostra cortese attenzione il quesito pervenutoci dalla software house XXX:
Fattispecie, FrontOffice, cittadino e ufficio SUAP. Qualora emerga come soluzione auspicabile quella della proliferazione delle fattispecie per gestire diverse casistiche avremmo una situazione in cui il FrontOffice dovrebbe essere il più trasparente possibile per evitare ritardi, errori e interpretazioni differenti fra FO e FO di un unico procedimento non rischiamo che il lavoro di “smistamento” prima affidato all’ufficio SUAP finisca sul cittadino che si trova a dover scegliere fra le varie fattispecie quella che esattamente si sposa con la sua situazione?

Esempio: Comune di XXX, un’attività con somministrazione di bevande potrebbe avere queste situazioni:
• Richiesta Parco Naturale del Conero: nel caso in cui si trovi o meno all’interno del Parco
• Richiesta Demanio Marittimo: nel caso in cui si trovi o meno nei pressi della spiaggia
• Richiesta Autorità Portuale: nel caso in cui si trovi o meno nei pressi delle banchine
• Richiesta Sovrintendenza: si trovi o meno in un bene vincolato

In questo caso a partire da una singola fattispecie (es. apertura somministrazione alimenti e bevande) avremmo 24 possibili combinazioni per uno stesso comune, anche senza moltiplicarli per gli eventi della vita noi dovremmo considerare che il cittadino per presentare la domanda dovrà scegliere esattamente la sua situazione fra 24 differenti scelte, situazione che prima veniva valutata ad hoc dall’ufficio SUAP.";"La logiche con cui deve essere curata il web service esposto al presentatore per migliorare l'esperienza utente non è oggetto delle Specifiche Tecniche. Queste afferiscono alla sola interoperabilità tra i componenti, mentre il quesito posto è relativo al comportamento della UX della componente FO. 

Qualora vi sia la necessità di ulteriori chiarimenti, la invitiamo a contattarci tramite il canale di messaggistica del ticket.
Le comunichiamo inoltre che, in assenza di ulteriori richieste, il presente ticket sarà chiuso automaticamente dal sistema entro 7 giorni lavorativi.


";n.a.
144;58f9e59a3cce4bd48a4cee0c2d92eb67;"Sottoponiamo alla vostra cortese attenzione il quesito pervenutoci dalla software house XXX:
Un BO che deve inviare il send_instance a X enti terzi che condividono la stessa componente informatica (e lo stesso endpoint) deve inviare la richiesta una sola volta o una per ogni ente?";"Il ruoting interno ad una piattaforma ospitante più componenti Enti Terzi deve essere gestito secondo le logiche definite dal gestore di tale piattaforma. All'interno del Catalogo SSU i riferimenti di tali coponenti avranno logicamente lo stesso valore. 
Sulla base di ciò, un Back-Office, non conoscendo i sistemi in uso dei vari componenti, invierà una send_instance per ogni Ente Terzo individuato all'interno dell'instance-descriptor, pertanto, la piattaforma multi-tenant riceverà più richieste dei pareri, una per ogni Enti Terzo incaricato. In questo scenario, tale piattaforma dovrà essere in grado di analizzare le richieste e inoltrarle ai singoli Enti competenti. Ricevuta tale segnalazione, ogni singolo Ente Terzo dovrà essere in grado di inoltrare i suoi esiti finali o eventuali richieste di integrazione al BO.

Qualora vi sia la necessità di ulteriori chiarimenti, la invitiamo a contattarci tramite il canale di messaggistica del ticket.
Le comunichiamo inoltre che, in assenza di ulteriori richieste, il presente ticket sarà chiuso automaticamente dal sistema entro 7 giorni lavorativi.";n.a.
145;86093e854c6c447fb73ec2659cb3d1cd;"Sottoponiamo alla vostra cortese attenzione il quesito pervenutoci dalla software house XXX:
Se il BO dovesse inviare più send_instance (come appare dai sequence diagram) come dovrebbe comportarsi la soluzione Enti Terzi? Dovrebbe “scartare” i doppioni, sarebbe corretto? Dovrebbe abbinare casualmente una richiesta a uno degli enti ospitati? Altro? Da un punto di vista “tecnico” è la stessa cosa ma a livello di flusso e procedimento sono soluzioni differenti, c’è una regola o ogni fornitore di soluzioni può decidere liberamente?";"Il ruoting interno ad una piattaforma ospitante più componenti Enti Terzi deve essere gestito secondo le logiche definite dal gestore di tale piattaforma. All'interno del Catalogo SSU i riferimenti di tali coponenti avranno logicamente lo stesso valore. 
Sulla base di ciò, un Back-Office, non conoscendo i sistemi in uso dei vari componenti, invierà una send_instance per ogni Ente Terzo individuato all'interno dell'instance-descriptor, pertanto, la piattaforma multi-tenant riceverà più richieste dei pareri, una per ogni Enti Terzo incaricato. In questo scenario, tale piattaforma dovrà essere in grado di analizzare le richieste e inoltrarle ai singoli Enti competenti. Ricevuta tale segnalazione, ogni singolo Ente Terzo dovrà essere in grado di inoltrare i suoi esiti finali o eventuali richieste di integrazione al BO.

Qualora vi sia la necessità di ulteriori chiarimenti, la invitiamo a contattarci tramite il canale di messaggistica del ticket.
Le comunichiamo inoltre che, in assenza di ulteriori richieste, il presente ticket sarà chiuso automaticamente dal sistema entro 7 giorni lavorativi.";n.a.
146;1e5f492d09854d85950204b966c61eac;"Sottoponiamo alla vostra cortese attenzione il quesito pervenutoci dalla software house XXX:
Confermate che un Ente Terzo NON può fornire un parere positivo e di conseguenza accelerare i tempi di un procedimento con ovvi vantaggi per i cittadini e per tutti gli enti coinvolti?";"In funzione del regime amministrativo applicato sul procedimento SUAP, un ET è tenuto o meno a formalizzare un suo parere esplicito.

Tenendo in considerazione il regime amministrativo SCIA, nel caso in cui un ET non riscontri difformità normative e, quindi, le sue istruttorie terminano con un esito positivo, le Specifiche Tecniche e i relativi workflow e sequence-diagram associati allo SCIA  non prevedono ulteriori azioni in carico all'ET e la pratica dovrà terminare con la conclusione dei tempi procedimentali (status: ended_by_proceeding_time_expired).

Differentemente, per il regime Autorizzazione, come indicato nel workflow e nel sequence-diagram, un ET può inviare un suo esito formale in caso di parere positivo, altrimenti, si applica il silenzio assenso. 

Qualora vi sia la necessità di ulteriori chiarimenti, la invitiamo a contattarci tramite il canale di messaggistica del ticket.
Le comunichiamo inoltre che, in assenza di ulteriori richieste, il presente ticket sarà chiuso automaticamente dal sistema entro 7 giorni lavorativi.";n.a.
147;473c48b7e3c842e783c4b79e36dda75f;"Sottoponiamo alla vostra cortese attenzione il quesito pervenutoci dalla software house XXX:
Considerato lo spostamento del lavoro dal BackOffice al FrontOffice e, di conseguenza, al cittadino cosa succede se un cittadino presenta una domanda senza aggiungere la fattispecie che permette di richiedere il parere a un ente terzo facoltativo (es. un Parco) perché pensava di non averne bisogno? L’istanza deve essere rigettata o è possibile inviare una richiesta di conformazione in cui si indica il dover compilare una fattispecie non presente?";"Le fattispecie collegate ad un procedimento possono avere delle fattispecie secondarie opzionali od obbligatorie. Tuttavia, questo vincolo di obbligatorietà è indicato sul Catalogo SSU, pertanto, l'utente non può omettere una fattispecie se questa è ritenuta indispensabile a livello procedimentale. 
Ad ogni modo, nel caso in cui si verifichi tale scenario, il procedimento deve essere rigettato perchè errato. La conformazione non può essere fatta sul procedimento ma sui documenti inviati dal presentatore e gestiti al suo interno.

Per verificare l'obbligatorietà delle fattispecie secondarie è possibile utilizzare il seguente path: 
""/usecase-proceedings/{usecase_proceedings_id}/{usecase_proceedings_version}/usecase-proceedings""

Qualora vi sia la necessità di ulteriori chiarimenti, la invitiamo a contattarci tramite il canale di messaggistica del ticket.
Le comunichiamo inoltre che, in assenza di ulteriori richieste, il presente ticket sarà chiuso automaticamente dal sistema entro 7 giorni lavorativi.";n.a.
148;26e4294fa1f84abba5666815b291999f;"Sottoponiamo alla vostra cortese attenzione il seguente quesito:
Non essendoci ancora stata ufficialmente la firma degli Organi competenti per lo switch alla versione Approved 02 delle specifiche tecniche, le Regioni temono di star dando un effort molto elevato su un qualcosa che potrebbe cambiare non essendo ancora stato approvato. Anche se il contenuto delle specifiche tecniche è già stato discusso e approvato in via ufficiosa nel mese di Aprile si sta lavorando ancora su una versione che ufficiale non è. In merito a ciò si è pensato si poter emettere una nota che approvi già in via preventiva che il contenuto delle specifiche tecniche non cambierà in corso di approvazione, nonostante manchino ancora le firme per l’ufficialità. Sempre in merito a questo tema, le Regione XXX fa notare che ci sono delle discrepanze tra la versione MAIN (attiva al momento) e la versione Approved_01: nonostante la versione MAIN delle ST non richieda come dati obbligatori lo “stato dell’istanza”, il “regime ammnistrativo” e i “tempi”, al momento dell’inserimento, il Sistema non permettere di procedere senza l’inserimento di questi dati, i quali, risultano essere obbligatori invece per la versione Approved_01. Data la mancanza di conformità evidenziata e la paura di star procedendo troppo per tentativi su una versione delle ST che non è quella ufficiale, è stata richiesta la possibilità di avere, o direttamente nelle specifiche tecniche o con un documento accessorio, un file che spieghi al meglio come funziona tutto il servizio";"Sulla base della news (https://www.suapsue.gov.it/news/?news_id=26) pubblicata dal DFP sul sito di progetto SUAP&SUE, si evidenzia che è da considerare come branch di riferimento ""approved01"".

Per quanto riguarda invece la richiesta di un documento accessorio, si precisa che le Specifiche Tecniche risultano essere l'unico documento tecnico ed è completo di ogni indicazione necessaria per l'interoperabilità tra le componenti del sistema SSU. Il repository GitHub (https://github.com/AgID/specifiche-tecniche-DPR-160-2010) ad esso associato permette una libera consultazione di tutti gli oggetti tecnici indicati nelle Specifiche. 
Cogliamo l'occasione per ricordare che AgID ha reso disponibile una piattaforma di Help Desk (https://www.agid.gov.it/it/notizie/e-online-il-servizio-di-help-desk-il-progetto-suap) dedicata alle Regioni e ai loro partner tecnologici al fine di dare risposte sugli eventuali dubbi delle Specifiche Tecniche. 

Qualora vi sia la necessità di ulteriori chiarimenti, la invitiamo a contattarci tramite il canale di messaggistica del ticket.
Le comunichiamo inoltre che, in assenza di ulteriori richieste, il presente ticket sarà chiuso automaticamente dal sistema entro 7 giorni lavorativi.";n.a.
149;c22639bfd0cd41369afdff5e58f24c51;"Sottoponiamo alla vostra cortese attenzione il seguente quesito:
Nel nuovo allegato tecnico DPR 160 c’è indicato uno schema che indica che il regime amministrativo (SCIA, ORDINARIO/AUTORIZZATIVO, Comunicazione) è in relazione uno a uno con un procedimento mentre nella funzionalità human oriented del catalogo SSU la relazione è tra il regime amministrativo e la fattispecie in relazione uno a uno.
Secondo noi la relazione corretta è quella indicata nel nuovo allegato tecnico. La relazione regime amministrativo <-vs-> fattispecie (caso d’uso) non è adeguata per tutti i casi in cui la domanda diventa una SCIA condizionata.
Facciamo un esempio:
Una fattispecie (caso d’uso) può prevedere procedimenti necessari e facoltativi e nel caso di un “Avvio esercizio di vicinato” la situazione potrebbe essere
a) i necessari saranno “Avvio esercizio di vicinato”;
b) i facoltativi (tutti quelli riportati nell’articolo 1.10 della TAB A del decreto 222/2016), nel nostro esempio prevediamo la necessità di attivare la “Vendita di oggetti preziosi”; L’ “avvio esercizio di vicinato” ha un regime amministrativo in SCIA e la “vendita di oggetti preziosi” ha un regime che è autorizzativo (come da allegato tecnico: corretta la relazione tra rocedimento e regime) ma il regime del caso d’uso dipende da quali procedimenti facoltativi è necessario attivare quindi non è possibile prevedere un regime nel caso d’uso a meno che non si prevedano una molteplicità di casi d’uso nessuno dei quali deve prevedere procedimenti AUTORIZZATIVI facoltativi (bisognerebbe prevedere i casi: con con vendita oggetti preziosi e senza, con vendita alcolici e senza, con insegna e senza, vendita di oggetti preziosi con insegna e senza…).";"Durante le fasi di aggiornamento delle Specifiche Tecniche, il Gruppo Tecnico ha riscontrato la necessità di modificare la relazione associata ad un regime amministrativo, legando quest'ultimo alla fattispecie e non più al procedimento. La motivazione che ha spinto alla ridefinizione del modello ER del Catalogo è dovuta dal fatto che, come indicato nell'esempio posto nel quesito, gli endoprocedimenti attivati in un procedimento SUAP possono condizionare il regime amministrativo ad esso associato. Quindi, assumendo che vi siano più endoprocedimenti associati ad una fattispecie, il regime amministrativo del procedimento SUAP è determinato dalla fattispecie più condizionante, ovvero quella che richiede più azioni bloccanti per il presentatore. Interprentando di nuovo l'esempio riportato nella richiesta, applicando questa logica, considerato un procedimento che attiva la fattispecie ""Avvio esercizio di vicinato"", a cui sarà associato l'endoprocedimento (ovvero una fattispecie secondaria) ""Vendita di oggetti preziosi"", il regime amministrativo non sarà più SCIA (ovvero quello associato ad ""Avvio esercizio di vicinato"") ma diventerà Autorizzazione/Domanda. 

Si ricorda che le fattispecie sono utilizzate per: 
   - definire 1-a-1 i controlli Schematron da applicare per le verifiche automatiche, pertanto, il regime amministrativo deve essere associato a livello di fattispecie per garantire tali controlli;
   - registrare all'interno del Catalogo gli endoprocedimenti obbligatori per le stesse, ad esempio per ""Avvio esercizio di vicinato"", definendo la fattispecie ""Avvio esercizio di vicinato con vendita di oggetti preziosi"", si rende obbligatorio l'attivazione dell'endoprocedimento ""Vendita di oggetti preziosi"".

Per concludere, si coglie l'occasione di ringraziare per la segnalazione fornita poichè questa permetterà l'aggiornamento del diagramma ER del Catalogo SSU secondo quanto precisato precedentemente.

Qualora vi sia la necessità di ulteriori chiarimenti, la invitiamo a contattarci tramite il canale di messaggistica del ticket.
Le comunichiamo inoltre che, in assenza di ulteriori richieste, il presente ticket sarà chiuso automaticamente dal sistema entro 7 giorni lavorativi.";n.a.
150;c4222fb63c0e42c3a4e860fbf6f48bca;"Sottoponiamo alla vostra cortese attenzione il seguente quesito:
Relativamente al versionamento delle entità presenti nel catalogo come deve reagire una componente informatica alla pubblicazione di una nuova versione di una determinata entità? Esisterà un tempo per l’adeguamento e una data di kick-off per la messa in produzione da parte di tutti gli attori?";"Consultando il ""modello-concettuale-catalogo-SSU"" è possibile prendere visione di tutte le entità che vengono gestite dal Catalogo SSU. Queste possono essere suddivise in due categorie: Amministrative e Tecniche. Le entità Tecniche sono tutte quelle entità che hanno tra i suoi attributi il ""Riferimento Telematico"", ovvero tutte le entità che rappresentano i componenti informatici dei sistemi Enti Terzi, Front-Office e Back-Office. Le entità Amministrative sono le rimanenti, quindi tutte le entità che compongono i procedimenti amministrativi. In fondo,  viene riportata due liste di dettaglio per le due categorie descritte.

Per rispondere in merito alla strategia di pubblicazione/attuazione degli aggiornamenti delle suddette entità, si possono definire due strategie differenti:
 - Aggiornamento entità Amministrative: le entità che compongono i procedimenti amministrativi sono regolamentati dalle norme e i loro aggiornamenti non sono retroattivi, pertanto, tutti i procedimenti SUAP avviati prima di un certo aggiornamento, dovranno essere chiusi continuando ad utilizzare la versione adottata in fase di avvio. Differentemente, i nuovi procedimenti avviati a seguito di un rilascio dovranno seguire quanto indicato nel nuovo aggiornamento;
- Aggiornamento entità Tecniche: le  entità che rappresentano i componenti informatici, possono essere gestite liberamente secondo la libertà organizzativa delle amministrazioni, le quali dovranno definire le loro logiche di routing interno per reindirizzare le richieste ai componenti rilasciati, mantenendo unico il punto di contatto esposto alle altre amministrazioni.

Di seguito, la lista delle entità suddivise per categoria:
- Entità Amministrative:
   - Struttura Ente
   - Sportello SUAP
   - Procedimento
   - Fattispecie Procedimento
   - Endoprocedimento
   - Regime Amministrativo
   - Modulo
    - XSD
    - Schematron
    - Allegato

- Entità Tecniche:  
   - sistema FO
   - sistema BO
   - sistema ET

Qualora vi sia la necessità di ulteriori chiarimenti, la invitiamo a contattarci tramite il canale di messaggistica del ticket.
Le comunichiamo inoltre che, in assenza di ulteriori richieste, il presente ticket sarà chiuso automaticamente dal sistema entro 7 giorni lavorativi.";n.a.
151;bd9890e609e44c34b36e9ecb76172cae;"Sottoponiamo alla vostra cortese attenzione il seguente quesito:
InstanceDescriptor – SUAP FO – dati obbligatori
Quali sono i dati obbligatori da popolare per eseguire la chiamata all’endpoint “request_cui” che la componente SUAP FO opera verso l’e-service dei metadati del Catalogo?";"Secondo quanto indicato nel branch ""approved01"" del repository GitHub (https://github.com/AgID/specifiche-tecniche-DPR-160-2010), il servizio ""/request_cui"" indicato nel ""catalogo-ssu_to_fo"" richiede come oggetto della richiesta l'""InstanceDescriptor"" che deve essere popolato con tre attributi obbligatori:
 - version
 - municipality
 - usecase_proceedings
Ad ogni modo, si raccomanda di valorizzare anche i seguenti campi che sono ritenuti essenziali per un procedimento:
 - times
 - instance_status
 - administrative_regime

Qualora vi sia la necessità di ulteriori chiarimenti, la invitiamo a contattarci tramite il canale di messaggistica del ticket.
Le comunichiamo inoltre che, in assenza di ulteriori richieste, il presente ticket sarà chiuso automaticamente dal sistema entro 7 giorni lavorativi.";n.a.
152;ff23d8e0dba64bdd807636151c65625c;"Sottoponiamo alla vostra cortese attenzione il seguente quesito:
""Dubbi sulle sezioni da popolare sull’instanceDescriptor relativamente alla chiamata all’endpoint “request_cui” che la componente SUAP FO opera verso l’e-service dei metadati del Catalogo :
a) Version: da chi deve essere popolata e come?
b) State: quale stato va specificato?
c) Times: vanno specificati in questa fase?
d) Administrative_regime: come deve essere calcolato?
e) Usecase_proceedings
i) Instance: cosa rappresenta ref?""";"Di seguito si riportano le indicazioni in merito ai dubbi posti sugli attributi:
 - version: deve essere popolato dal FO, impostando una valore intero (Integer), peferibilmente 1, in fase di richiesta di associazione del CUI effettuato al Catalogo;
 - state: tale attributo risulta essere un sotto-attributo di ""instance_status"". Il  valore  da associare in questo momento ad un InstanceDescriptor è lo stato ""started"". Tutti gli stati possibili sono indicati all'interno di ""instance-descriptor-schema.yaml"" presente nel repository GitHub (https://github.com/AgID/specifiche-tecniche-DPR-160-2010);
 - times: malgrado non sia stato indicato attualmente come un attributo obbligatorio (required), si suggerisce di popolare tale attributo fin dall'inizio;
 - administrative_regime: tale attributo richiede un oggetto composto da due attributi obbligatori: id e version. L'id rappresenta l'identificativo univoco del regime amministrativo che può assumere quattro possibili valori (inidicati tramite enum): SCIA, AUTORIZZAZIONE, SILENZIO-ASSENSO, COMUNICAZIONE. La version invece è una stringa che deve rispettare un pattern specifico ([0-9]{2}.[0-9]{2}.[0-9]{2}), ovvero tre coppie di numeri separati da un punto, ad esempio: 00.00.00;
 - usecase_proceedings: tale attributo definisce una lista di fattispecie dei procedimenti avviati tramite il procedimento SUAP. All'interno dell'""instance-descriptor-schema"" è possibile prendere visione dei vari attributi che lo caratterizzano;
 - instance: l'attributo ""ref"" rappresenta il riferimento all'elemento dell'istanza relativo al procedimento. Tale valore deve essere utilizzato per ottenere il relativo ""resource_id"", presente all'interno dell'""instance-index (instance-index-schema), necessario per il recupero del documento di interesse tramite il servizio ""/instance/{cui_uuid}/document/{resource_id}"".

Qualora vi sia la necessità di ulteriori chiarimenti, la invitiamo a contattarci tramite il canale di messaggistica del ticket.
Le comunichiamo inoltre che, in assenza di ulteriori richieste, il presente ticket sarà chiuso automaticamente dal sistema entro 7 giorni lavorativi.";n.a.
153;62d32c1d6a6545e292d9b489bc625f07;"Sottoponiamo alla vostra cortese attenzione il seguente quesito:
Nell’xsd del form scaricato dal catalogo la gestione dei pagamenti è presente solo come allegato. Come avete pensato di gestire la gestione dei pagamenti sia lato SUAP FO che lato SUAP BO?";"Si precisa che la tematica non è trattata all'interno delle Specifiche, considerato che le stesse afferiscono alla sola interoperabilità tra i componenti, mentre il quesito posto è relativo al comportamento della UX della componente FO.

Qualora vi sia la necessità di ulteriori chiarimenti, la invitiamo a contattarci tramite il canale di messaggistica del ticket.
Le comunichiamo inoltre che, in assenza di ulteriori richieste, il presente ticket sarà chiuso automaticamente dal sistema entro 7 giorni lavorativi.";n.a.
154;8cf75743c788471b9162dd625927c93b;"Sottoponiamo alla vostra cortese attenzione il seguente quesito:
""Dubbi sulle sezioni da popolare sull’instanceDescriptor relativamente alla chiamata all’endpoint “request_cui” che la componente SUAP FO opera verso l’e-service dei metadati del Catalogo :
a) Version: da chi deve essere popolata e come?
b) State: quale stato va specificato?
c) Times: vanno specificati in questa fase?
d) Administrative_regime: come deve essere calcolato?
e) Usecase_proceedings
i) Instance: cosa rappresenta ref?""";"Di seguito si riportano le indicazioni in merito ai dubbi posti sugli attributi:
 - version: deve essere popolato dal FO, impostando una valore intero (Integer), peferibilmente 1, in fase di richiesta di associazione del CUI effettuato al Catalogo;
 - state: tale attributo risulta essere un sotto-attributo di ""instance_status"". Il  valore  da associare in questo momento ad un InstanceDescriptor è lo stato ""started"". Tutti gli stati possibili sono indicati all'interno di ""instance-descriptor-schema.yaml"" presente nel repository GitHub (https://github.com/AgID/specifiche-tecniche-DPR-160-2010);
 - times: malgrado non sia stato indicato attualmente come un attributo obbligatorio (required), si suggerisce di popolare tale attributo fin dall'inizio;
 - administrative_regime: tale attributo richiede un oggetto composto da due attributi obbligatori: id e version. L'id rappresenta l'identificativo univoco del regime amministrativo che può assumere quattro possibili valori (inidicati tramite enum): SCIA, AUTORIZZAZIONE, SILENZIO-ASSENSO, COMUNICAZIONE. La version invece è una stringa che deve rispettare un pattern specifico ([0-9]{2}.[0-9]{2}.[0-9]{2}), ovvero tre coppie di numeri separati da un punto, ad esempio: 00.00.00;
 - usecase_proceedings: tale attributo definisce una lista di fattispecie dei procedimenti avviati tramite il procedimento SUAP. All'interno dell'""instance-descriptor-schema"" è possibile prendere visione dei vari attributi che lo caratterizzano;
 - instance: l'attributo ""ref"" rappresenta il riferimento all'elemento dell'istanza relativo al procedimento. Tale valore deve essere utilizzato per ottenere il relativo ""resource_id"", presente all'interno dell'""instance-index (instance-index-schema), necessario per il recupero del documento di interesse tramite il servizio ""/instance/{cui_uuid}/document/{resource_id}"".

Qualora vi sia la necessità di ulteriori chiarimenti, la invitiamo a contattarci tramite il canale di messaggistica del ticket.
Le comunichiamo inoltre che, in assenza di ulteriori richieste, il presente ticket sarà chiuso automaticamente dal sistema entro 7 giorni lavorativi.";n.a.
155;4e5b22e05ef744abb051651748e03c5b;"Buongiorno, sottoponiamo alla vostra cortese attenzione un quesito inoltratoci dalla software house XXX per conto della regione XXX:
""Ho notato un possibile errore nell'entità ""impresa"". All'interno del file ent_impresa_v1.0.0.xsd c'è questa parte:
<xsd:choice>
<xsd:sequence>
<xsd:element name=""iscritto_rea_check"" type=""xsd:boolean"" minOccurs=""0"" maxOccurs=""1""/>
<xsd:element name=""rea"" type=""eiscrea:iscrizione_REA_ctype""/>
<xsd:element name=""non_iscritto_rea"" type=""xsd:boolean"" minOccurs=""0"" maxOccurs=""1""/>
<xsd:element name=""solo_ri_rea"" type=""xsd:boolean"" minOccurs=""0"" maxOccurs=""1""/>
</xsd:sequence>
</xsd:choice>

Non dovrebbe invece essere così?
<xsd:choice>
<xsd:sequence>
<xsd:element name=""iscritto_rea_check"" type=""xsd:boolean"" minOccurs=""0"" maxOccurs=""1""/>
<xsd:element name=""rea"" type=""eiscrea:iscrizione_REA_ctype""/>
</xsd:sequence>
<xsd:element name=""non_iscritto_rea"" type=""xsd:boolean"" minOccurs=""0"" maxOccurs=""1""/>
<xsd:element name=""solo_ri_rea"" type=""xsd:boolean"" minOccurs=""0"" maxOccurs=""1""/>
</xsd:choice>

Mi sta sfuggendo qualcosa?""
Restiamo in attesa di un vostro cortese riscontro.
Grazie mille";"Considerata la natura della richiesta e al dettaglio posto, si invita a effettuare tale quesito al sistema di supporto del gestore di tale oggetto: InfoCamere.

Qualora vi sia la necessità di ulteriori chiarimenti, la invitiamo a contattarci tramite il canale di messaggistica del ticket.
Le comunichiamo inoltre che, in assenza di ulteriori richieste, il presente ticket sarà chiuso automaticamente dal sistema entro 7 giorni lavorativi.";n.a.
156;f3294ef2bb2049e8a36760689200445e;"Sottoponiamo alla vostra cortese attenzione il quesito pervenutoci dalla software house XXX:
Ho notato che tutti i servizi REST prevedono la presenza di un paio di token di autenticazione nell’header, mi riferisco al bearerAuth e Agid-JWT-Signature. Il primo suppongo sia il classico voucher che è necessario utilizzare per interagire con i servizi del PDND, ma il secondo non capisco cosa possa essere e se sia strettamente necessario.
Provo a spiegarmi meglio: attualmente stiamo interrogando il CatalogoSSU in collaudo, e, passandogli soltanto il bearerAuth (quindi ignorando completamente il secondo) effettivamente il servizio risponde e restituisce dati.
C’è da qualche parte una documentazione dettagliata di come si costruisca e di come si validi questo token? Qual è la sua reale funzione? È davvero necessaria la sua presenza per poter interfacciarsi con FrontOffice, EntiTerzi, ecc.?La seconda domanda si collega un po’ con la prima. Abbiamo una situazione in cui un servizio BackOffice deve riuscire a parlare con diversi FrontOffice, ovviamente in base alla richiesta ricevuta. Questi FrontOffice immagino debbano essere sul PDND. Per poter dialogare con tutti questi diversi FrontOffice, il mio servizio deve sapere come costruire il voucher per autenticarsi su ognuno di essi e per fare ciò è necessaria una richiesta di fruizione per ognuno di essi (con conseguente creazione di un client nel portale Interoperabilità). È davvero questo l’iter corretto che un BackOffice deve affrontare per parlare con una moltitudine di FrontOffice? Esiste una soluzione più flessibile e ottimale che permetta al nostro BackOffice di comunicare in modo più efficiente? Ipotizzo che magari il token Agid-JWT-Signature sia pensato per questi casi, ma è solo una supposizione";"Gli Header HTTP delle request devono rispettare quanto previsto nel profilo INTEGRITY_REST_01 del Modello Interoperabilità al fine di garantire:
 - l'integrità del contenuto
 - l'identità del mittente
 - il momento di invio
Pertanto, oltre ad avere il security token JWT (RFC8725), deve essere associato anche l'header Agid-JWT-Signature, il cui valore è il token JWT firmato secondo la specifica JWS indicata nel MoDi (integrity_rest_01) per garantire l'integrità del payload del messaggio REST.
Le Linea di indirizzo sull’interoperabilità tecnica 
delle Pubbliche Amministrazioni (https://trasparenza.agid.gov.it/download/4609.html) riportano una sezione dedicata per guidare la corretta creazione di una richiesta in conformità del profilo INTEGRITY_REST_01.
Considerato che viene richiesta la firma del payload, nel caso in cui la request dovesse essere una GET, non viene verificata la presenza o la correttezza dell'header Agid-JWT-Signature, ma solamente l'header relativo al token JWT. Per tale motivo, le chiamate effettuate al Catalogo per il recupero dei metadati eroga correttamente il servizio solamente mediante l'utilizzo del bearerAuth.

Qualora vi sia la necessità di ulteriori chiarimenti, la invitiamo a contattarci tramite il canale di messaggistica del ticket.
Le comunichiamo inoltre che, in assenza di ulteriori richieste, il presente ticket sarà chiuso automaticamente dal sistema entro 7 giorni lavorativi.";n.a.
157;8c42df23c9f44c359663efcedb567ebd;"Sottoponiamo alla vostra cortese attenzione il seguente quesito:
InstanceIndex – SUAP FO - popolamento
Dubbi sul popolamento dell’oggetto InstanceIndex relativamente alla chiamata all’endpoint send_instance che la componente SUAP FO opera verso l’e-service della componente SUAP BO.
La proprietà ref (riportata qui sotto) cosa rappresenta e come va popolata?
ref:
""$id"": ""#root/ref""
title: riferimento all'elemento dell'istanza relativo al procedimento
type: string
minLength: 1";"L'attributo ""ref"", indicato nell'InstanceDescriptor, rappresenta il riferimento all'elemento dell'istanza relativo al procedimento. Tale valore deve essere utilizzato per identificare il relativo ""resource_id"" presente all'interno dell'""instance-index (instance-index-schema), necessario per il recupero del documento di interesse tramite il servizio ""/instance/{cui_uuid}/document/{resource_id}"".

Qualora vi sia la necessità di ulteriori chiarimenti, la invitiamo a contattarci tramite il canale di messaggistica del ticket.
Le comunichiamo inoltre che, in assenza di ulteriori richieste, il presente ticket sarà chiuso automaticamente dal sistema entro 7 giorni lavorativi.";n.a.
158;38496fc8adc048939feda3a238e60333;Gli administrative_regime previsti dall'instance-descriptor-schema sono i seguenti 4: - SCIA - AUTORIZZAZIONE - SILENZIO-ASSENSO - COMUNICAZIONE Nella cartella image del branches Approved01 sono rappresentati i vari sequence e workflow. Quelli che impattano l'Ente Terzo sono quelli della Scia, Scia in Comunica, Autorizzazione (oltre alla Cancellazione). Ma non troviamo sequence relativi ai regimi delle COMUNICAZIONI e SILENZIO-ASSENSO. Non esiste questa documentazione? Come Ente Terzo non dovremmo essere tenuti a fruire anche di questi due processi. Quindi non dovrebbe esserci anche questa documentazione? Questo per noi è importante perchè non sempre l'Ente Terzo deve rispondere con un parere. Ma spesso deve solo ricevere la documentazione della pratica per verifiche e controlli interni. Ma senza dover esprimere un parere al SUAP. Ci sono molti casi simili nelle ATS. Sia le SCIA, che l'AUTORIZZAZIONE prevedono il parere. E se non si risponde scatta il silenzio assenso. Quindi non è rappresentato il caso che raccontavo prima, della ricezione svincolata dal parere. Per questo il processo della COMUNICAZIONE, che non vincola ad esprimere un parere, forse dovrebbe essere descritto in un sequence o workflow. Potete chiarire se è prevista la COMUNICAZIONE, come citata nell'instance-descripor, e, nel caso, quale sia il workflow/sequence? O dove troviamo la documentazione?;"Alla base delle definizione e della stesura delle Specifiche Tecniche vi è stata un'analisi dettagliata sui procedimenti SUAP e nello specifico sui regimi amministrativi adottati dagli stessi. Sono state intraprese delle azioni di semplificazione, condivise con il Tavolo per la semlificazione amministrativa, volte a ottimizzare significativamente il percorso amministrativo per le imprese. Volendo ricondurre un regime amministrativo ad un sequence-diagram, è possibile tenere presente la seguente mappatura:
 - SCIA -> SCIA-001.mermaid
 - AUTORIZZAZIONE -> DomandaAutorizzazione-001.mermaid
 - SILENZIO-ASSENSO -> SCIA-001.mermaid
 - COMUNICAZIONE -> SCIA-001.mermaid

Qualora vi sia la necessità di ulteriori chiarimenti, la invitiamo a contattarci tramite il canale di messaggistica del ticket.
Le comunichiamo inoltre che, in assenza di ulteriori richieste, il presente ticket sarà chiuso automaticamente dal sistema entro 7 giorni lavorativi.";n.a.
159;0d9a478a9a3447c5bd30803f5c227139;"Dalla riunione del 21/02/2025 della “Community SUAP SUE - Catalogo SSU incontri con le Regioni” sono emerse chiaramente delle problematiche delle specifiche tecniche per le quali chiedo come poterci adeguare anche considerando sia la scadenza a breve sia la necessità di non uscire dalle specifiche tecniche per garantire l’interoperabilità.
Alcune soluzioni che ci erano state prospettate riuscivano ad aggirare i problemi ma da quanto è emerso non andrebbero bene perché precludono l’interoperabilità, come dobbiamo comportarci per queste problematiche?
Le attuali specifiche tecniche in base a quanto emerso dalla riunione non consentono al sistema di funzionare correttamente.
Nel documento allegato troverete tutte le 7 problematiche perchè reputo sia utile mantenere una visione d'insieme sul problema implementativo:

Problematica 1: Richiesta di parere all’ente terzo
Quando il BO richiede il parere agli ET deve inviare una richiesta per ogni ente anche se N enti condividono la stessa soluzione tecnologica e non può indicare nemmeno a quale ente si stia rivolgendo. Come deve comportarsi il BO? Come deve comportarsi l’ET se ha più enti?
Se l’ET ha 4 ET (ETa, ETb, ETc, ETd) coinvolti in un procedimento il BO deve inviare 4 richieste send_instance all’ET (R1, R2, R3, R4). Questo corrisponde alla realtà?
L’ET come deve comportarsi?
• Scarta le richieste che arrivano dopo (R2, R3, R4) e invia R1 a tutti e 4 gli enti?
• Invia le 4 richieste ai 4 enti per un totale di 16 richieste?
• Abbina casualmente ETa-R1? In base a quale teoria? E se le richieste sono 3 e gli enti 4 (perché una richiesta si è persa per un problema infrastrutturale) come deve comportarsi? Non deve inviare la richiesta a ETd?
Se decido di scartare le richieste come posso giustificare l’aver scartato richieste corrette? Se le abbino casualmente non rischio di non rispettare cosa voleva fare il BO? Se invio tutte le richieste a tutti gli enti non rischio di duplicare inutilmente le chiamate?
In tutti i casi non sto andando contro le specifiche?

Una risposta a un ticket precedente era quella di lasciare la decisione alla singola implementazione ma un membro del tavolo tecnico ha bocciato questa soluzione.";"Il BO deve richiedere il parere a ciascun ET competente, indipendentemente dalla soluzione tecnologica adottata. Gli ET competenti possono essere recuperati invocando il path dell'OpenAPI ""catalogo-ssu_meta.yaml"":
/competent-administration/{competent_administration_ipacode}/{competent_administration_code}/{competent_administration_version}/third-party-system
Se gli ET utilizzano la stessa soluzione tecnologica, sarà responsabilità del gestore della piattaforma il corretto funzionamento del routing interno dei messaggi e il corretto indirizzamento della richiesta all'ET di competenza.

Qualora vi sia la necessità di ulteriori chiarimenti, la invitiamo a contattarci tramite il canale di messaggistica del ticket.
Le comunichiamo inoltre che, in assenza di ulteriori richieste, il presente ticket sarà chiuso automaticamente dal sistema entro 7 giorni lavorativi.






";"Referente
Come già indicato all'interno del ticket questa soluzione (ogni gestore della piattaforma gestisce liberamente il routing) è stata bocciata durante la riunione in oggetto (riunione del 21/02/2025 della “Community SUAP SUE - Catalogo SSU incontri con le Regioni”) perché non rispetta le specifiche tecniche.
All'incontro erano presenti XXX per Infocamere e la contestazione è stata avanza da XXX.

Operatore
Non è presente alcuna violazione alle Specifiche Tecniche. Queste prevedono che lo scambio tra BO ed ET venga effettuato al fine di inoltrare la documentazione necessaria per avviare le istruttorie, di notificare il proprio esito finale ed evenutualmente di inviare una richiesta di integrazione o di convocazione CdSS.
Adottando una soluzione propria il messaggio viene recapitato all'unico soggetto utilizzatore della propria piattaforma. Differentemente, la soluzione multi-tenant richiede che venga adottato un adeguato dispatching interno dei messaggi al fine di recapitare il messaggio al soggetto interessato, che si cela dietro lo stesso indirizzo comune a tutti.

Referente
La mancanza di conformità alle specifiche tecniche non l'ho avanzata io ma il dott. XXX e l'ha palesata pubblicamente a uno degli ultimi incontri con le Regioni.
Non possiamo progettare una soluzione adeguata se le informazioni che ci arrivano sono contrastanti. Esiste un modo per centralizzare le risposte? Possiamo contattare direttamente il tavolo tecnico?

Operatore:
I membri del tavolo tecnico possono aprire delle issue e presentare tali problematiche a tutto il gruppo, con lo scopo di gestire determinate criticità e identificare una soluzione presa di comune accordo e in rispetto delle normative vigenti.

Richiedente
Le mie issue vengono chiuse perchè non faccio parte del tavolo tecnico anche quando riportano problemi oggettivi come errori sintattici (ed etichettate come out_of_scope).
Se i membri del tavolo tecnico non aprono le issue come facciamo? Possiamo commentare le issue aperte?
Come comunicare con il tavolo tecnico? Il tavolo tecnico apre delle issue ma è il tavolo che comunica agli sviluppatori, la mia domanda era ben diversa.
Come ottenere una centralizzazione delle risposte viste che le risposte risultano essere non concordanti? Ricordo che membri del tavolo tecnico hanno evidenziato criticità ad altri membri del tavolo tecnico (o immagino che lo siano visto che non ho trovato una lista pubblica dei membri del tavolo tecnico).

Operatore
Le issue sono etichettata come ""out_of_scope"" in quanto aperte da soggetti esterni al Gruppo Tecnico. Il repository è aperto ma il suo utilizzo è ristretto ai soli componenti.
I membri del tavolo valuteranno le segnalazioni e in caso provvederanno a creare delle issue e gestirle.
Per quanto riguarda la gestione delle segnalazioni, non è prevista una centralizzazione delle risposte. Talvolta gli organizzatori dei tavoli tecnici, in vista degli incontri, condividono le richieste, raccolgono le risposte e provvedono loro alla distribuzione delle stesse.

Richiedente
I tavoli tecnici attivati non sono stato confermati con l'ultimo tavolo tecnico annullato la sera prima perchè ""mancavano le domande"" dopo che il tavolo tecnico precedente era terminato con molte domande irrisolte.
Possiamo quindi continuare ad aprire le issue quindi? Alcuni colleghi avevano segnalato che la risposta usata per la chiusura sembrava sottintendere che le issue fossero riservate ai membri del tavolo tecnico.

Operatore
La gestione di quei tavoli tecnici non è condotta da noi, pertanto non possiamo gestire tale tematica. Per la questione delle issue vale quanto detto in precedenza, non possono essere create da utenti esterni al Gruppo Tecnico.
"
160;2ea85b3aa95f449891fe2e65a73f346c;"Dalla riunione del 21/02/2025 della “Community SUAP SUE - Catalogo SSU incontri con le Regioni” sono emerse chiaramente delle problematiche delle specifiche tecniche per le quali chiedo come poterci adeguare anche considerando sia la scadenza a breve sia la necessità di non uscire dalle specifiche tecniche per garantire l’interoperabilità.
Alcune soluzioni che ci erano state prospettate riuscivano ad aggirare i problemi ma da quanto è emerso non andrebbero bene perché precludono l’interoperabilità, come dobbiamo comportarci per queste problematiche?
Le attuali specifiche tecniche in base a quanto emerso dalla riunione non consentono al sistema di funzionare correttamente.
Nel documento allegato troverete tutte le 7 problematiche perchè reputo sia utile mantenere una visione d'insieme sul problema implementativo:

Problematica 2: Risposta con parere dall’ente terzo
Quando l’ET invia il proprio parere al BO non può indicare quale sia l’ente che lo sta inviando quindi il BO si trova nell’impossibilità di richiedere il documento all’ente corretto.
Come deve comportarsi il BO? Richiede a tutti gli enti coinvolti il documento? Da quello che è emerso nella riunione questo ciclo non è presente nelle specifiche tecniche e rischiamo che questa cosa pregiudichi l’interoperabilità, come comportarci?
Dare un nome identificativo (ditta_XXXX o ipa$uff_XXXX) è stata scartata come soluzione perché non rispetta le specifiche tecniche. Come dobbiamo comportarci?
Questa cosa è stata risolta in Approved02. Approved02 diventerà ufficiale prima della scadenza del 25 luglio?
Se sì, entro quando diventerà ufficiale? Se no, entro quando diventerà ufficiale?";"La presente richiesta è stata gestita e risolta per il branch approved02. Considerata la sua importanza e le molteplici richieste pervenute sul tema, il Gruppo Tecnico ha ritenuto di  trattare la questione con urgenza e provvedere alla sua risoluzione per vie brevi includendola nel branch approved01. Tale risoluzione è già disponibile in questo branch.

Qualora vi sia la necessità di ulteriori chiarimenti, la invitiamo a contattarci tramite il canale di messaggistica del ticket.
Le comunichiamo inoltre che, in assenza di ulteriori richieste, il presente ticket sarà chiuso automaticamente dal sistema entro 7 giorni lavorativi.
";n.a.
161;dc589d827810416d88143c6bfc729c3d;"Dalla riunione del 21/02/2025 della “Community SUAP SUE - Catalogo SSU incontri con le Regioni” sono emerse chiaramente delle problematiche delle specifiche tecniche per le quali chiedo come poterci adeguare anche considerando sia la scadenza a breve sia la necessità di non uscire dalle specifiche tecniche per garantire l’interoperabilità.
Alcune soluzioni che ci erano state prospettate riuscivano ad aggirare i problemi ma da quanto è emerso non andrebbero bene perché precludono l’interoperabilità, come dobbiamo comportarci per queste problematiche?
Le attuali specifiche tecniche in base a quanto emerso dalla riunione non consentono al sistema di funzionare correttamente.
Nel documento allegato troverete tutte le 7 problematiche perchè reputo sia utile mantenere una visione d'insieme sul problema implementativo:

Problematica 3: Tipo di file nell’activity_model
Il tipo di file (indicato dal mime_type all’interno dell’activity_model) è solo PDF ma l’MDA dovrebbe essere un PDF firmato quindi il tipo non dovrebbe essere application/pdf ma application/pkcs7-mime), fra le soluzioni proposte c’era quella di inviare comunque un PDF firmato usando come tipo l’unico possibile. Questa soluzione è corretta? Non è una variazione delle specifiche tecniche?";"Si precisa che le Specifiche Tecniche prevedono come mime-type per il file MDA solamente application/pdf. Il file può essere ad ogni modo firmato mediante firma PADES che genererà un file mantenendo l'estensione pdf. 
Tale segnalazione verrà fatta presente al Gruppo Tencico che ha il compito di monitorare eventuali aggiornamenti si rendessero necessari da apportare alle Specifiche Tecniche.

Qualora vi sia la necessità di ulteriori chiarimenti, la invitiamo a contattarci tramite il canale di messaggistica del ticket.
Le comunichiamo inoltre che, in assenza di ulteriori richieste, il presente ticket sarà chiuso automaticamente dal sistema entro 7 giorni lavorativi.";"Richiedente
Quindi non saranno permessi file firmati mediante firma CADES?
Questi saranno fuori standard?
Questa cosa è presente nelle specifiche tecniche?

Operatore
La fima CADES non è attualmente prevista dal sistema. Saranno prese opportune azioni per integrarla ma tale processo richiede una proposta che deve essere accettata dal Gruppo Tecnico, il quale si occupa di aggiornare le Specifiche Tecniche.

Richiedente
Nel corso degli incontri avuti si è sempre parlato di firme CADES, il mancato supporto è esplicitato all'interno delle specifiche tecniche?
Se sì dove? Solo all'interno delle API?

Operatore
Il mancato supporto della firma CADES è legata solamente al documento MDA. Il documento comunica_cui gestito all'interno del GeneralIndex prevede anche la firma CADES. Verrà segnalata la problematica con lo scopo di gestirla e risolverla.

Richiedente
Quali sono i tempi previsti per la risoluzione? Si prevede di risolverlo entro la data del 25 luglio o successivamente? Sarà incluso nelle specifiche tecniche approved02?

Operatore
La sua risoluzione sarà inclusa nell'approved02, per cui però non è ancora prevista una data di rilascio.

Richiedente
La data di rilascio sarà precedente o successiva al 25 luglio? Questa informazione è necessaria per progettare una soluzione adeguata e aderente alle specifiche perchè rispettando le normative attuali non dovremmo basarci nemmeno sull'approved01.

Operatore:
Purtroppo non abbiamo modo di definire o quantomeno ipotizzare una sua data. Invitiamo a formalizzare queste richieste al Dipartimento della funzione pubblica.

Operatore
La invitiamo a prendere visione del sito di progetto, in particolare la pagina dei contatti: https://www.suapsue.gov.it/contatti/"
162;3d2f2455412b4135ab4e921c0c099bb3;"Dalla riunione del 21/02/2025 della “Community SUAP SUE - Catalogo SSU incontri con le Regioni” sono emerse chiaramente delle problematiche delle specifiche tecniche per le quali chiedo come poterci adeguare anche considerando sia la scadenza a breve sia la necessità di non uscire dalle specifiche tecniche per garantire l’interoperabilità.
Alcune soluzioni che ci erano state prospettate riuscivano ad aggirare i problemi ma da quanto è emerso non andrebbero bene perché precludono l’interoperabilità, come dobbiamo comportarci per queste problematiche?
Le attuali specifiche tecniche in base a quanto emerso dalla riunione non consentono al sistema di funzionare correttamente.
Nel documento allegato troverete tutte le 7 problematiche perchè reputo sia utile mantenere una visione d'insieme sul problema implementativo:

Problematica 4: Parere positivo e SCIA
Il parere positivo nella SCIA è una prassi consolidata e permette una maggiore rapidità e snellimento dei flussi e delle procedure delle istanze. In questo modo per ogni SCIA si è costretti ad attendere i tempi massimi per la conclusione dell’istanza.
Sarà possibile ampliare l’utilizzo del parere positivo anche alla SCIA così da semplificare i procedimenti per gli uffici?";"I workflow dei regimi amministrativi presenti sulle Specifiche Tecniche sono stati definiti durante gli incontri dei tavoli di semplificazione amministrativa che vedeva coinvolte sia figure amministrative sia figure tecniche, per garantire una corretta rielaborazione della normativa in artefatti tecnici.
Di seguito si riportano dei riferimenti normativi per precisare il motivo per cui nel workflow SCIA non è previsto l'invio di parere esplicito positivo - Art. 19 della Legge n.241/1990 (Segnalazione certificata di inizio attività - SCIA):
  - L'amministrazione non deve emettere alcuna autorizzazione preventiva
Comma 2: “L’attività oggetto della segnalazione può essere iniziata dalla data della presentazione della segnalazione all’amministrazione competente.”
  - Al termine dei 60 giorni, se l'amministrazione non interviene la SCIA è consolidata e non è prevista l'emissione di un atto positivo di conferma.
Comma 3: “L’amministrazione competente, in caso di accertata carenza dei requisiti e presupposti di legge, nel termine di sessanta giorni dal ricevimento della segnalazione adotta motivati provvedimenti di divieto di prosecuzione dell’attività e di rimozione degli eventuali effetti dannosi di essa.”
  - L'amministrazione, su richiesta del privato, è tenuta a rilasciare un attestato di decorrenza dei termini, tuttavia, non rappresenta un'approvazione.
Comma 6-bis: “Decorsi i termini per l’esercizio dei poteri di controllo senza che sia stato adottato alcun provvedimento negativo, l’amministrazione competente, su istanza del privato, è tenuta a rilasciare un’attestazione circa il decorso dei termini stessi.”

Qualora vi sia la necessità di ulteriori chiarimenti, la invitiamo a contattarci tramite il canale di messaggistica del ticket.
Le comunichiamo inoltre che, in assenza di ulteriori richieste, il presente ticket sarà chiuso automaticamente dal sistema entro 7 giorni lavorativi.";"Referente
Quindi mi confermate che la prassi applicata da alcuni uffici della possibilità di parere positivo per una chiusura delle istanze più snella non sarà più permessa.
Il parere positivo non è richiesto ma non è nemmeno vietato.

Operatore
Come già indicato, il processo di semplificazione è stato condotto con l'ausilio di un team di ammministrativi e durante i lavori è stato concordato che per il reggime amministrativo SCIA non è previsto l'invio di un parere esplicito.

Referente
Questa semplificazione, che si traduce in una complicazione, in questo momento non trova riscontro in quanto avviene nella prassi degli uffici con cui abbiamo avuto modo di confrontarci. Vedremo di confrontarci con altri uffici e altre aziende per capire se si tratta di un problema condiviso.

Operatore
Procediamo con la chiusura del ticket e ulteriori chiarimenti potranno essere condotti mediante una nuova segnalazione."
163;7141b5434e6946518b4137dd05e5b7d7;"Dalla riunione del 21/02/2025 della “Community SUAP SUE - Catalogo SSU incontri con le Regioni” sono emerse chiaramente delle problematiche delle specifiche tecniche per le quali chiedo come poterci adeguare anche considerando sia la scadenza a breve sia la necessità di non uscire dalle specifiche tecniche per garantire l’interoperabilità.
Alcune soluzioni che ci erano state prospettate riuscivano ad aggirare i problemi ma da quanto è emerso non andrebbero bene perché precludono l’interoperabilità, come dobbiamo comportarci per queste problematiche?
Le attuali specifiche tecniche in base a quanto emerso dalla riunione non consentono al sistema di funzionare correttamente.
Nel documento allegato troverete tutte le 7 problematiche perchè reputo sia utile mantenere una visione d'insieme sul problema implementativo:

Problematica 5: PDND e richieste
AgID ha confermato che per il PDND la norma prevede che ogni ente faccia una richiesta di fruizione a ogni e-service PDND di ogni ente con il quale si debba interfacciare, considerando il numero di richieste come possiamo pensare di fare in tempo per la scadenza del 25 luglio?
Faccio un esempio:
Una software house con 150 comuni potrebbe dover effettuare per ogni comune:
• Richiesta FO2BO
• Richiesta BO2FO
• Richiesta FO2CU
• Richiesta BO2RI
• Richiesta BO2SSU
• Richiesta FO2SSU
• 2x Richieste ET2SSU
• 2x Richieste ET2BO
• 10x Richieste BO2ET
Un totale di 20 richieste a comune, moltiplicato per 150 comuni per un totale di 3000 richieste. Ipotizzando mezz’ora di lavoro per ogni richiesta potremmo avere facilmente 1500 ore di lavoro per le richieste PDND. Cioè 187,5 giorni lavorativi, cioè oltre 8 mesi di lavoro per un operatore.";"Si conferma che ogni ente è incaricato ad effettuare una richiesta di fruizione a ogni e-service PDND di ogni altro ente con il quale si vuole interfacciare.
Si riporta di seguito il link dove è stata aperta tale discussione sul portale GitHub di PagoPA per chiarire tale questione e che conferma quanto dichiarato da AgID:
  - https://github.com/pagopa/pdnd-interop-frontend/issues/604

Qualora vi sia la necessità di ulteriori chiarimenti, la invitiamo a contattarci tramite il canale di messaggistica del ticket.
Le comunichiamo inoltre che, in assenza di ulteriori richieste, il presente ticket sarà chiuso automaticamente dal sistema entro 7 giorni lavorativi.";"Richiedente
Questa parte è stata presa in considerazione in fase di stesura delle specifiche tecniche?
Come si concilia la data del 25 luglio con la mole di lavoro prevista per queste richieste?

Operatore
Questa limitazione afferisce alle funzionalità esposte dalla PDND, tuttavia, è legata ad una operazione che deve essere fatta per ogni servizio esposto dalle proprie piattaforme. 

Richiedente
Capisco che la limitazione afferisca alle funzionalità esposte dalla PDND ma questa, come ogni limitazione, dovrebbe essere considerata in fase progettuale.
Considerando i tempi stretti per l'adesione come possiamo essere conformi stante questa limitazione? Esiste una possibilità di risolvere il problema in tempi brevi?

Operatore
Purtroppo non siamo a conoscenza di evenutuali evoluzioni e adeguamenti della PDND per rendere più snello il processo di fruizione massiva. Qualora dovesse esserci qualche aggiornamento in merito provvederemo a segnalare tale ottimizzazione.

Richiedente
Esiste un iter per richiedere questo aggiornamento in merito prima della scadenza del 25 luglio?
Abbiamo visto che attraverso le issue di github non hanno successo.
Si è pensato a un tavolo tecnico fra PDND e SSU?

Operatore
Purtroppo non è previsto ad oggi alcun tavolo tecnico tra PDND e SSSU e non siamo a conoscenza di nessun iter di aggiornamento lato PDND.

Richiedente
Quale è l'iter per chiedere un tavolo tecnico combinato fra PDND e SSU per risolvere questo problema?

Operatore
Tale questione dovrà essere posta al Gruppo Tecnico, mediante i suoi vari componenti, dovrà essere valutata la necessità e in caso verrà creato un contatto per porre la questione al gestore della PDND. 

Richiedente
I membri del Tavolo Tecnico saranno presenti al prossimo incontro dei tavoli tecnici con le regioni così che si possa avanzare una proposta di risoluzione di queste problematiche?

Operatore
Negli incontri dei tavoli tecnici saranno presenti alcuni dei membri del Gruppo Tecnico, questi valuteranno le criticità che saranno trattate e in caso le faranno presente durante gli incontri periodici con tutti i partecipanti, al fine di definire internamente una strategia di risoluzione.

Richiedente
Il tavolo tecnico con AssoSoftware non è avvenuto questo mese. Il tavolo tecnico con le regioni è stato annullato adducendo la mancanza di domande quando l'ultimo si era concluso con molte domande che avrebbero avuto una risposta ""al tavolo tecnico successivo"".
Così risulta difficile effettuare una progettazione puntuale.

Operatore
La gestione di quel tavolo tecnico non è condotta da noi, pertanto non possiamo gestire tale tematica. Per la questione delle issue vale quanto detto in precedenza, non possono essere create da utenti esterni al Gruppo Tecnico."
164;ea8adad61a3b43679d03df2033ab14f3;"Dalla riunione del 21/02/2025 della “Community SUAP SUE - Catalogo SSU incontri con le Regioni” sono emerse chiaramente delle problematiche delle specifiche tecniche per le quali chiedo come poterci adeguare anche considerando sia la scadenza a breve sia la necessità di non uscire dalle specifiche tecniche per garantire l’interoperabilità.
Alcune soluzioni che ci erano state prospettate riuscivano ad aggirare i problemi ma da quanto è emerso non andrebbero bene perché precludono l’interoperabilità, come dobbiamo comportarci per queste problematiche?
Le attuali specifiche tecniche in base a quanto emerso dalla riunione non consentono al sistema di funzionare correttamente.
Nel documento allegato troverete tutte le 7 problematiche perchè reputo sia utile mantenere una visione d'insieme sul problema implementativo:

Problematica 6: Spostamento di tutti gli oneri al FO
Come evidenziato più volte con il Sistema degli Sportelli Unici gli oneri si sono spostati praticamente interamente dal Back Office al Front Office e, di conseguenza al cittadino, che deve individuare correttamente la sua casistica in una molteplicità di fattispecie, anche considerando che per ogni fattispecie può esistere una sola amministrazione competente. Consideriamo anche che il BO SUAP non può chiedere integrazioni di fattispecie e documenti non presentati né chiedere pareri ad enti terzi non previsti dal FO.
Questa cosa dovrebbe essere gestita dal Front Office ma per i Front Office delle soluzioni di mercato (che quindi devono essere fruibili in tutta Italia) questa cosa ci pone davanti a due scelte:

Aiuto minimo: il FO presenta tutte le opzioni così come sono al Cittadino/Professionista e poi il Cittadino/Professionista sceglie in mezzo a una moltitudine di fattispecie
Pro:
- Maggiore rapidità di adeguamento
- Minori costi
- Minore possibilità di errore di interpretazione
Contro:
- Esperienza utente peggiore
- Elevato numero di rigetto delle istanze

Aiuto intenso: il FO presenta domande, controlli e automatismi per guidare il cittadino nella compilazione delle domande prevedendo tutte le possibilità e personalizzazioni locali
Pro:
- Esperienza utente migliore
- Minor numero di rigetto delle istanze
Contro:
- Lentezza nell’adeguamento
- Maggiori costi legati alla personalizzazione
- Maggiori possibilità di errore di interpretazione";"Si precisa che la tematica non è trattata all'interno delle Specifiche, considerato che le stesse afferiscono alla sola interoperabilità tra i componenti, mentre il quesito posto è relativo al comportamento della UX della componente FO.

Qualora vi sia la necessità di ulteriori chiarimenti, la invitiamo a contattarci tramite il canale di messaggistica del ticket.
Le comunichiamo inoltre che, in assenza di ulteriori richieste, il presente ticket sarà chiuso automaticamente dal sistema entro 7 giorni lavorativi.";"Richiedente
In realtà la cosa è ampiamente collegata alle specifiche tecniche perchè non prevedono possibilità di integrazione di documenti all'interno del flusso di lavoro e non esistono all'interno delle API funzioni specifiche per integrare la documentazione non presente ma solo per conformare/integrare documentazione già presentata quindi il quesito NON è relativo al comportamento della UX della componente FO.
In conclusione il problema è dato dalla mancanza per il BO di richiedere un'integrazione di un documento non presentato.

Operatore
Le specifiche tecniche non prevedono una funzione per richiedere l’integrazione di documenti non presentati, ma solo per integrare o conformare documenti già trasmessi.
Sono previsti degli interventi correttivi quali integrazioni e conformazioni per risolvere eventuali mancanze o incongruità. Qualora tali azioni non possono essere attuate, l'esito negativo riporta le motivazioni che possono utilizzate dal presentatore per risolvere le incoerenze riscontrate.
Ad ogni modo, attraverso la User eXperience è possibile guidare il presentatore nella scelta dei procedimenti in funzione delle sue necessità e, mediante l'implementazione di opportuni livelli di controlli lato FO, si possono ridurre al minimo gli errori umani.

Richiedente
Considerando quanto evidenziato, cioè: ""Le specifiche tecniche non prevedono una funzione per richiedere l’integrazione di documenti non presentati, ma solo per integrare o conformare documenti già trasmessi"" questo non potrebbe risultare incompatibile con la normativa vigente che esplicita la possibilità di richiesta di ulteriori documenti da parte del SUAP se le informazioni di cui ha bisogno non sono esplicitate nei documenti in suo possesso?

Cito esplicitamente il comma 7 dell'articolo 2 della LEGGE 7 agosto 1990, n. 241:
""l'acquisizione di informazioni o di certificazioni relative a fatti, stati o qualità non attestati in documenti già in possesso dell'amministrazione stessa o non direttamente acquisibili presso altre pubbliche amministrazioni""

Operatore
Nelle Specifiche Tecniche è previsto che un ET può effettuare una richiesta di integrazione, qualora venga riscontrata una carenza documentale, mediante la chiamata ""/request_integration"", o una richiesta di conformazione, medianta la chiamata ""/send_conclusion"" con evento ""conformation_requested"", atta a colmare una difformità normativa, che può ad ogni modo essere risolta.

Richiedente
Dall'ultimo tavolo tecnico della community SUAP delle Regioni è emerso che è errato fare delle interpretazioni o forzature personali delle specifiche tecniche per ovviare a carenze di specifiche tecniche.
Un eventuale FO o BO potrebbe negare il flusso di informazioni con l'ET visto che questo flusso non è previsto nelle specifiche tecniche. Come si può ovviare a questa cosa? Il problema sarà risolto in una eventuale nuova versione delle specifiche tecniche?

Operatore
Si chiedono ulteriori dettagli circa l'ultimo messaggio, riportando il motivo per cui un FO/BO possa negare il flusso di informazioni verso l'ET


"
165;97d2c32224f445bfb8b89ab1786ed930;"Dalla riunione del 21/02/2025 della “Community SUAP SUE - Catalogo SSU incontri con le Regioni” sono emerse chiaramente delle problematiche delle specifiche tecniche per le quali chiedo come poterci adeguare anche considerando sia la scadenza a breve sia la necessità di non uscire dalle specifiche tecniche per garantire l’interoperabilità.
Alcune soluzioni che ci erano state prospettate riuscivano ad aggirare i problemi ma da quanto è emerso non andrebbero bene perché precludono l’interoperabilità, come dobbiamo comportarci per queste problematiche?
Le attuali specifiche tecniche in base a quanto emerso dalla riunione non consentono al sistema di funzionare correttamente.
Nel documento allegato troverete tutte le 7 problematiche perchè reputo sia utile mantenere una visione d'insieme sul problema implementativo:

Problematica 7: Procedimenti collegati
Una delle soluzioni che sono state implementate per ovviare al problema dell’impossibilità di aggiungere documenti, procedimenti ed enti terzi è quello di permettere lato FO di creare un nuovo procedimento e “collegarlo” a un procedimento esistente.
Questa cosa è prevista dalle specifiche tecniche? Se non è prevista non rientra fra le cose che precludono una reale interoperabilità?";"Si precisa che tale funzionalità di associazione di un procedimento nuovo ad uno esistente non è previsto dalle Specifiche Tecniche. Se sono necessarie integrazioni documentali, il sistema permetterà agli ET di effettuare tale richiesta. In altri casi, quali integrazioni di procedimenti o di Enti Terzi ritenuti mancanti in fase di avvio, viene richiesti di avviare un nuovo procedimento includendo ogni elemento ritenuto mancante.

Qualora vi sia la necessità di ulteriori chiarimenti, la invitiamo a contattarci tramite il canale di messaggistica del ticket.
Le comunichiamo inoltre che, in assenza di ulteriori richieste, il presente ticket sarà chiuso automaticamente dal sistema entro 7 giorni lavorativi.";"Richiedente
Un ente terzo non può richiedere integrazioni di documenti non presentati ma solo di documenti già presentati.
Come evidenziato in un altro ticket questo presenta un grosso problema e la risposta ""viene richiesti di avviare un nuovo procedimento includendo ogni elemento ritenuto mancante"" significa bloccare il lavoro degli sportelli SUAP (e in seguito di quelli SUE) con numerosi problemi ai danni dei cittadini, dei professionisti e degli operatori degli uffici SUAP.

Operatore
Le Specifiche Teniche prevedono degli interventi correttivi quali integrazioni e conformazioni per risolvere determinate mancanze o incongruità. Qualora tali azioni non possono essere intraprese, l'unica opzione rimasta è il rigetto motivato del procedimento e la creazione di uno nuovo tenendo conto delle osservazioni riportate al presentatore dai SUAP.

Richiedente
La norma prevede ""L'amministrazione competente, in caso di accertata carenza dei requisiti e dei presupposti di cui al comma 1[...]adotta motivati provvedimenti di divieto di prosecuzione dell'attività e di rimozione degli eventuali effetti dannosi di essa."" e l'accertata carenza dei requisiti non è da intendere come la banale assenza del documento ma come l'assenza del requisito indicato nel documento.
Questo comporterebbe ad avere dei divieti di prosecuzione/rigetti che potrebbero essere impugnati dal cittadino o che possono causare disagi ai cittadini che poi si ripercuotono anche sugli uffici SUAP.

Operatore
Nelle Specifiche Tecniche è previsto che un ET può effettuare una richiesta di integrazione, qualora venga riscontrata una carenza documentale, o una richiesta di conformazione, atta a colmare una difformità normativa, che può ad ogni modo essere risolta. Nel caso in cui venga avviato un procedimento dove vengono accertate carenze dei requisiti, l'unica soluzione è il rigetto del procedimento. 

Richiedente
Ripeto: se un documento (ovviamente opzionale) non è stato inviato o una fattispecie (ovviamente opzionale) non è stata selezionata/presentata come si fa ad integrare questa documentazione non presente?
La soluzione del rigetto può essere eseguito solo in presenza di una ""accertata carenza dei requisiti e dei presupposti"" e la mancanza di documenti non è da considerare come accertata carenza anche perchè la normativa permette di integrare la documentazione. Il rigetto di un'istanza per la mancanza di una fattispecie potrebbe divenire un motivo di ricorso oltre che complicare l'iter del lavoro.
Come si risolve questo problema?

Operatore
Nelle Specifiche Tecniche è previsto che un ET può effettuare una richiesta di integrazione, qualora venga riscontrata una carenza documentale, mediante la chiamata ""/request_integration"", e questo risolve il problema legato ad un documento che non è stato inviato in fase di presentazione. Può essere inoltrato durante le fasi istruttorie degli ET. Questi possono effettuare solamente una richiesta di integrazione, specificando ogni tipo di carenza documentale riscontrata durante le loro istruttorie.
La richiesta di conformazione, medianta la chiamata ""/send_conclusion"" con evento ""conformation_requested"", è finalizzata a colmare una difformità normativa, che può ad ogni modo essere risolta. Qualora non venga risolta dal presentatore o i tempi a lui concessi dovessero scadere, l'ET può solo che inviare un rigetto.
Se in fase di presentazione invece non è stata selezionata una fattispecie ritenuta fondamentale per la risoluzione positiva del procedimento avviato, purtroppo, non è prevista tale integrazione.

Richiedente
Nei tavoli tecnici si è parlato di impossibilità di integrare un eventuale documento non inviato in fase di presentazione perchè l'eventuale allegato non sarebbe fra quelli previsti nell'instanceDescriptor quindi non sarebbe poi possibile richiederlo.
Si può avere evidenza dell'iter per la richiesta di integrazione di un documento non inviato in fase di presentazione all'interno delle specifiche o eventuale esempio pratico con tanto di chiamate?
Per quanto riguarda la fattispecie mancante direi che la mancanza di tale integrazione è un grosso problema soprattutto considerando che la fattispecie non presente preclude al SUAP di poter inoltrare una richiesta di parere a un'amministrazione competente/ente terzo.

Operatore
Quando un ET si accorge che una pratica è incompleta, ha la necessità di richiedere all'impresa i documenti mancanti. Vengono così indicati i documenti aggiuntivi che devono essere prodotti. Vengono inoltre fornite indicazioni sulla documentazione richiesta che deve essere inoltrata al SUAP.
Tale operazione può essere svolta chiamando il servizio esposto dal BO verso l'ET: /request_integration. Al suo interno, devono essere indicati i riferimenti del procedimento (cui, instance_descriptor_version) e una lista di integrazioni. Ogni oggetto contenuto al suo interno devono riportare il code (riferimento della fattispecie), ref (riferimento all'elemento dell'istanza, relativo al procedimento o allegato), integration_request. Il ref può puntare all'instance, per puntare al procedimento, o un attachment, per indicare un allegato errato che deve essere sostituito.
Invece, la mancanza delle fattispecie all'interno di un procedimento SUAP risulta essere un errore riconducibile in fase di alimentazione del Catalogo, considerato che i moduli dei procedimenti vengono inseriti al suo interno dai responsabili degli stessi, quindi dai comuni, province e regioni, mediante le intefaccie human-oriented. Per risolvere tale problema, è necessario creare un nuovo modulo, partendo da quello precedente, aggiornarlo opportunamente e associargli una nuova versione.

Richiedente
Per gli allegati si riporta che ""un attachment, per indicare un allegato errato che deve essere sostituito."" ma se un allegato (opzionale) non è stato inserito come si può richiedere l'invio?
Si aggiungono sempre tutti gli allegati previsti all'interno dell'instanceDescriptor senza indicarli se non inseriti (vedi file .json)? Si inviano vuoti? Oppure non si inviano?

Per la mancanza di fattispecie all'interno del procedimento abbiamo due problematiche disgiunte:
- fattispecie presente a catalogo ma non obbligatoria che il cittadino/professionista non compila. Come risolvere? (es. un vincolo che non si sapeva di dover rispettare)
- fattispecie particolare che normalmente non è presente per un procedimento. Come poterne chiedere l'integrazione? (es. un bar all'interno di una libreria)

Operatore
Nell'oggetto ""integration_list"" è possibile puntare all'istance relativa alla fattispecie utilizzando l'attributo ""ref"" (obbligatorio) e riportare nell' ""integration_request"" l'elenco delle integrazioni richieste, riportando quindi la necessità di integrare l'allegato opzionale mancante.
Nell'instance-descriptor un attachment richiede che i suoi attributi vengano valorizzati (required, min lenght 1), pertanto, questi se presenti nell'instance-descriptor devono avere delle informazioni associate. Considerato che le Specifiche trattano le interfacce di comunicazione per garantire l'interoperabilità, non possiamo fornire eventuali soluzioni pratiche non conoscendo le specifiche funzionalità dei singoli sistemi sviluppati.

Per quanto riguarda le fattispecie, entrambe possono essere risolte andando a creare una nuova versione dello stesso procedimento, prevedendo l'inserimento di quella fattispecie. Ad oggi non è possibile apportare delle modifiche su un procedimento avviato, integrando così le fattispecie mancanti.

Richiedente
Non ho capito come dovrebbe funzionare l'integrazione di un allegato non inviato.
Facciamo l'esempio della Fattispecie USEC-0001316 che ha i seguenti allegati:
- ATTAC-0002454: Planimetria quotata dei locali (OBBLIGATORIO)
- ATTAC-0002458: copia attestazione versamento oneri, diritti e spese
- ATTAC-0002501: ALLEGARE DICHIARAZIONE SUL POSSESSO DEI REQUISITI DA PARTE DEGLI ALTRI SOCI E COPIA DOCUMENTO DI IDENTITA' IN CORSO DI VALIDITA'

Il cittadino crea un'istanza con CUI 123a12b3-1234-123b-XXca-1a123ab4c567 all'interno della quale ha i seguenti allegati:
""attachments"": [
{
""ref"": ""123Planimetria.PDF.P7M"",
""filename"": ""123Planimetria.PDF.P7M"",
""hash"": ""7126c6f0ba7174a845854257aa34eb8d666eea6807f3363119831183bafc76f3"",
""alg_hash"": ""S256"",
""mime_type"": ""application/pkcs7-mime""
},
{
""ref"": ""123Oneri.PDF.P7M"",
""filename"": ""123Oneri.PDF.P7M"",
""hash"": ""7126c6f0ba7174a845854257aa34eb8d666eea6807f3363119831183bafc76f3"",
""alg_hash"": ""S256"",
""mime_type"": ""application/pkcs7-mime""
}
]

Il primo (123Planimetria.PDF.P7M) è ovviamente la planimetria (ATTAC-0002454) mentre il secondo (123Oneri.PDF.P7M) è la copia attestazione degli oneri (ATTAC-0002458).
Se l'ente terzo deve richiedere l'integrazione dell'allegato ATTAC-0002501 come può fare visto che nella request_integration è richiesto il campo ""ref""? A sua volta il back office come fa a richiederlo al front office? A sua volta il front office come fa a capire quale sia il documento da integrare e aggiungerlo all'instance descriptor?

Operatore
L'ET deve indicare il ref dell'attachment che deve essere oggetto di richiesta di integrazione (recuperabile mediante la chiamata ""/proceeding/{proceeding_id}/{proceeding_version}/attachments"") verso il BO. Lo stesso lo rimanda al FO che richiede al presentatore il presente allegato. Quest'ultimo carica il file e il FO, come anche il BO, lo aggiunge all'InstanceIndex prima di inviare la send_instance alla componente destinataria.
Solamente l'instance-descriptor non può essere aggiornato, aggiungendo l'allegato nella lista degli attachment contenuti nello usecase-proceedings, poichè ad oggi non sono previste api che consentono il aggiornamento, se non per lo stato da parte del Catalogo.

Richiedente
Semplifico la domanda: nell'instanceDescriptor restituito è presente questa informazione all'interno dell'attachment ""ref"": ""123Oneri.PDF.P7M""
Il ref è corretto o dovrebbe contenere l'id dell'attachment come indicato nel catalogo (ATTAC-XXXXX)?

Operatore
Il ref dovrebbe contenere l'ID dell'attachment

Richiedente
Quando viene detto che ""un ET può richiedere un qualsiasi documento gestito sul procedimento SUAP, anche quelli associati a fattispecie differenti dalle sue"" intendiamo solo gli allegati o anche i moduli delle altre fattispecie?

Operatore
Per documenti intendiamo sia gli allegati che i moduli. Gli ET possono consultare l'intera documentazione di un procedimento SUAP"
166;6c513355a183421ea0b5e8b9f76427d6;"Sottoponiamo alla vostra cortese attenzione i seguenti quesiti:
1)Richiesta di parere all’ente terzo
Quando il BO richiede il parere agli ET deve inviare una richiesta per ogni ente anche se N enti condividono la stessa soluzione tecnologica e non può indicare nemmeno a quale ente si stia rivolgendo. Come deve comportarsi il BO? Come deve comportarsi l’ET se ha più enti?
Se l’ET ha 4 ET (ETa, ETb, ETc, ETd) coinvolti in un procedimento il BO deve inviare 4 richieste send_instance all’ET (R1, R2, R3, R4). Questo corrisponde alla realtà?
L’ET come deve comportarsi?
• Scarta le richieste che arrivano dopo (ETb, ETc, ETd) e invia ETa a tutti e 4 gli enti?
• Invia le 4 richieste ai 4 enti per un totale di 16 richieste?
• Abbina casualmente ETa-R1? In base a quale teoria? E se le richieste sono 3 e gli enti 4 (perché una richiesta si è persa per un problema infrastrutturale) come deve comportarsi? Non deve inviare la richiesta a ETd?
Se decido di scartare le richieste come posso giustificare l’aver scartato richieste corrette? Se le abbino casualmente non rischio di non rispettare cosa voleva fare il BO? Se invio tutte le richieste a tutti gli enti non rischio di duplicare inutilmente le chiamate?
In tutti i casi non sto andando contro le specifiche?
2)Risposta con parere dall’ente terzo
Quando l’ET invia il proprio parere al BO non può indicare quale sia l’ente che lo sta inviando quindi il BO si trova nell’impossibilità di richiedere il documento all’ente corretto.
Come deve comportarsi il BO? Richiede a tutti gli enti coinvolti il documento? Da quello che è emerso nella riunione questo ciclo non è presente nelle specifiche tecniche e rischiamo che questa cosa pregiudichi l’interoperabilità, come comportarci?
Dare un nome identificativo (ditta_XXXX o ipa$uff_XXXX) è stata scartata come soluzione perché non rispetta le specifiche tecniche. Come dobbiamo comportarci?
Questa cosa è stata risolta in Approved02. Approved02 diventerà ufficiale prima della scadenza del 25 luglio?
Se sì, entro quando diventerà ufficiale? Se no, entro quando diventerà ufficiale?";"1) Il BO deve richiedere il parere a ciascun ET competente, indipendentemente dalla soluzione tecnologica adottata. Gli ET competenti possono essere recuperati invocando il path dell'OpenAPI ""catalogo-ssu_meta.yaml"":
/competent-administration/{competent_administration_ipacode}/{competent_administration_code}/{competent_administration_version}/third-party-system
Se gli ET utilizzano la stessa soluzione tecnologica, sarà responsabilità del gestore della piattaforma il corretto funzionamento del routing interno dei messaggi e il corretto indirizzamento della richiesta all'ET di competenza.

2) La presente richiesta è stata gestita e risolta per il branch approved02. Considerata la sua importanza e le molteplici richieste pervenute sul tema, il Gruppo Tecnico ha ritenuto di  trattare la questione con urgenza e provvedere alla sua risoluzione per vie brevi includendola nel branch approved01. Tale risoluzione è già disponibile in questo branch.

Qualora vi sia la necessità di ulteriori chiarimenti, la invitiamo a contattarci tramite il canale di messaggistica del ticket.
Le comunichiamo inoltre che, in assenza di ulteriori richieste, il presente ticket sarà chiuso automaticamente dal sistema entro 7 giorni lavorativi.";n.a.
167;78fba76c60c146928326eb4ab17ac077;"Sottoponiamo alla vostra cortese attenzione il seguente quesito:
Il tipo di file (indicato dal mime_type all’interno dell’activity_model) è solo PDF ma l’MDA dovrebbe essere un PDF firmato quindi il tipo non dovrebbe essere application/pdf ma application/pkcs7-mime), fra le soluzioni proposte c’era quella di inviare comunque un PDF firmato usando come tipo l’unico possibile. Questa soluzione è corretta?";"Si precisa che le Specifiche Tecniche prevedono come mime-type per il file MDA solamente application/pdf. Il file può essere ad ogni modo firmato mediante firma PADES che genererà un file mantenendo l'estensione pdf. 
Tale segnalazione verrà fatta presente al Gruppo Tencico che ha il compito di monitorare eventuali aggiornamenti si rendessero necessari da apportare alle Specifiche Tecniche.

Qualora vi sia la necessità di ulteriori chiarimenti, la invitiamo a contattarci tramite il canale di messaggistica del ticket.
Le comunichiamo inoltre che, in assenza di ulteriori richieste, il presente ticket sarà chiuso automaticamente dal sistema entro 7 giorni lavorativi.";n.a.
168;e803d192418347899cb3ec870f022bb4;"Sottoponiamo alla vostra cortese attenzione il seguente quesito:
Il parere positivo nella SCIA è una prassi consolidata e permette una maggiore rapidità e snellimento dei flussi e delle procedure delle istanze. In questo modo per ogni SCIA si è costretti ad attendere i tempi massimi per la conclusione dell’istanza.
Sarà possibile ampliare l’utilizzo del parere positivo anche alla SCIA così da semplificare i procedimenti per gli uffici?";"I workflow dei regimi amministrativi presenti sulle Specifiche Tecniche sono stati definiti durante gli incontri dei tavoli di semplificazione amministrativa che vedeva coinvolte sia figure amministrative sia figure tecniche, per garantire una corretta rielaborazione della normativa in artefatti tecnici.
Di seguito si riportano dei riferimenti normativi per precisare il motivo per cui nel workflow SCIA non è previsto l'invio di parere esplicito positivo - Art. 19 della Legge n.241/1990 (Segnalazione certificata di inizio attività - SCIA):
  - L'amministrazione non deve emettere alcuna autorizzazione preventiva
Comma 2: “L’attività oggetto della segnalazione può essere iniziata dalla data della presentazione della segnalazione all’amministrazione competente.”
  - Al termine dei 60 giorni, se l'amministrazione non interviene la SCIA è consolidata e non è prevista l'emissione di un atto positivo di conferma.
Comma 3: “L’amministrazione competente, in caso di accertata carenza dei requisiti e presupposti di legge, nel termine di sessanta giorni dal ricevimento della segnalazione adotta motivati provvedimenti di divieto di prosecuzione dell’attività e di rimozione degli eventuali effetti dannosi di essa.”
  - L'amministrazione, su richiesta del privato, è tenuta a rilasciare un attestato di decorrenza dei termini, tuttavia, non rappresenta un'approvazione.
Comma 6-bis: “Decorsi i termini per l’esercizio dei poteri di controllo senza che sia stato adottato alcun provvedimento negativo, l’amministrazione competente, su istanza del privato, è tenuta a rilasciare un’attestazione circa il decorso dei termini stessi.”

Qualora vi sia la necessità di ulteriori chiarimenti, la invitiamo a contattarci tramite il canale di messaggistica del ticket.
Le comunichiamo inoltre che, in assenza di ulteriori richieste, il presente ticket sarà chiuso automaticamente dal sistema entro 7 giorni lavorativi.";n.a.
169;d0073be670ab46599b6bb69b8cebd65e;"Buon pomeriggio,
sottoponiamo alla vostra cortese attenzione una richiesta pervenutaci dall'ente regione XXX:
""Spostamento di tutti gli oneri al FO
Come evidenziato più volte con il Sistema degli Sportelli Unici gli oneri si sono spostati praticamente interamente dal Back Office al Front Office e, di conseguenza al cittadino, che deve individuare correttamente la sua casistica in una molteplicità di fattispecie, anche considerando che per ogni fattispecie può esistere una sola amministrazione competente. Consideriamo anche che il BO SUAP non può chiedere integrazioni di fattispecie e documenti non presentati né chiedere pareri ad enti terzi non previsti dal FO.
Questa cosa dovrebbe essere gestita dal Front Office ma per i Front Office delle soluzioni di mercato (che quindi devono essere fruibili in tutta Italia) questa cosa ci pone davanti a due scelte:
Aiuto minimo: il FO presenta tutte le opzioni così come sono al Cittadino/Professionista e poi il Cittadino/Professionista sceglie in mezzo a una moltitudine di fattispecie
Pro:
Maggiore rapidità di adeguamento
Minori costi
Minore possibilità di errore di interpretazione
Contro:
Esperienza utente peggiore
Elevato numero di rigetto delle istanze
Aiuto intenso: il FO presenta domande, controlli e automatismi per guidare il cittadino nella compilazione delle domande prevedendo tutte le possibilità e personalizzazioni locali
Pro:
Esperienza utente migliore
Minor numero di rigetto delle istanze
Contro:
Lentezza nell’adeguamento
Maggiori costi legati alla personalizzazione
Maggiori possibilità di errore di interpretazione""";"Si precisa che la tematica non è trattata all'interno delle Specifiche, considerato che le stesse afferiscono alla sola interoperabilità tra i componenti, mentre il quesito posto è relativo al comportamento della UX della componente FO.

Qualora vi sia la necessità di ulteriori chiarimenti, la invitiamo a contattarci tramite il canale di messaggistica del ticket.
Le comunichiamo inoltre che, in assenza di ulteriori richieste, il presente ticket sarà chiuso automaticamente dal sistema entro 7 giorni lavorativi.";n.a.
170;823298dd5f174b53ace1e048532f2ca2;"Buon pomeriggio,
sottoponiamo alla vostra cortese attenzione una richiesta pervenutaci dall'ente regione XXX:
""Procedimenti collegati
Una delle soluzioni che sono state implementate per ovviare al problema dell’impossibilità di aggiungere documenti, procedimenti ed enti terzi è quello di permettere lato FO di creare un nuovo procedimento e “collegarlo” a un procedimento esistente.
Questa cosa è prevista dalle specifiche tecniche? Se non è prevista non rientra fra le cose che precludono una reale interoperabilità?""";"Si precisa che tale funzionalità di associazione di un procedimento nuovo ad uno esistente non è previsto dalle Specifiche Tecniche. Se sono necessarie integrazioni documentali, il sistema permetterà agli ET di effettuare tale richiesta. In altri casi, quali integrazioni di procedimenti o di Enti Terzi ritenuti mancanti in fase di avvio, viene richiesti di avviare un nuovo procedimento includendo ogni elemento ritenuto mancante.

Qualora vi sia la necessità di ulteriori chiarimenti, la invitiamo a contattarci tramite il canale di messaggistica del ticket.
Le comunichiamo inoltre che, in assenza di ulteriori richieste, il presente ticket sarà chiuso automaticamente dal sistema entro 7 giorni lavorativi.";n.a.
171;7ca4f6f03056413e9a17bbaeb6823e63;"E' specificato nel documento ""SPECIFICHE_TECNICHE_SUAP_2023.pdf"" che il servizio di retry serve:
""nel caso in cui la componente ricevente rilevi una incoerenza nei dati ricevuti dalle componente mittente""

In caso invece di sistema ricevente non disponibile, si dovrà ritentare la chiamata iniziale del servizio, secondo il paragrafo ""Politica di ritrasmissione"", e NON il retry.
Corretto?";"Si conferma che, in caso di mancata risposta della componente ricevente per via di una sua non disponibilità, si deve adottare la politica di ritrasmissione come indicato nel paragrafo 8.5.4.

Qualora vi sia la necessità di ulteriori chiarimenti, la invitiamo a contattarci tramite il canale di messaggistica del ticket.
Le comunichiamo inoltre che, in assenza di ulteriori richieste, il presente ticket sarà chiuso automaticamente dal sistema entro 7 giorni lavorativi.";n.a.
172;6759a5af63dd492fb4428b4c8a819140;"Nel documento ""SPECIFICHE_TECNICHE_SUAP_2023.pdf"", nel paragrafo ""Gestione dei disservizi"" è indicato:
""a seguito di esaurimento dei tentativi di retry previsti della relativa policy""

Dov'è specificato il numero massimo di tentativi di retry?";"La gestione dei disservizi (paragrafo 8.5.5) è strettamente correlata alla politica di ritrasmissione (paragrafo 8.5.4). In quest'ultimo paragrafo viene indicato che il numero di tentativi deve essere pari a 3, tenendo conto di un backoff incrementale tra una chiamata e l'altra. Dal momento in cui la componente Mittente non riceve alcuna risposta dalla Destinataria al termine del terzo tentativo, deve adottare la procedura di gestione dei disservizi.

Qualora vi sia la necessità di ulteriori chiarimenti, la invitiamo a contattarci tramite il canale di messaggistica del ticket.
Le comunichiamo inoltre che, in assenza di ulteriori richieste, il presente ticket sarà chiuso automaticamente dal sistema entro 7 giorni lavorativi.";n.a.
173;1dff33893f6d4415a8e485bfeb503433;"In caso il servizio audit esposto dal Catalogo non sia raggiungibile o non risponda, è soggetto alla stessa logica di ritrasmissione da parte dell'ET indicata nel documento ""SPECIFICHE_TECNICHE_SUAP_2023.pdf"", nel paragrafo ""Politica di ritrasmissione"" ?";"Sì, in caso di mancata raggiungibilità o assenza di risposta del servizio audit esposto dal Catalogo, si applica la stessa logica di ritrasmissione prevista per l’ET, questa politica si applica a tutti i path per tutte le componenti mittenti.
Qualora vi sia la necessità di ulteriori chiarimenti, la invitiamo a contattarci tramite il canale di messaggistica del ticket.
Le comunichiamo inoltre che, in assenza di ulteriori richieste, il presente ticket sarà chiuso automaticamente dal sistema entro 7 giorni lavorativi.";n.a.
174;5519772ffc364b4caba85ce136fd5c0b;"E' indicato nel documento ""SPECIFICHE_TECNICHE_SUAP_2023.pdf"", al paragrafo ""Gestione dei disservizi"" che:
""la componente Destinataria DEVE individuare e fornire alla componente Mittente un workaround per garantire l’operatività del servizio nelle more della risoluzione del disservizio, ed il periodo stimato di ripristino del servizio""

In cosa deve consistere nella pratica il workaround che l'ET deve implementare verso il BO SUAP?";"La procedura di segnalazione e gestione delle anomalie, e quindi dei disservizi, tiene in considerazione che la componente Destinataria non è in grado di ricevere/rispondere ai messaggi inviati dal Mittente. Tenuto conto di ciò, la Destinataria deve adottare una soluzione alternativa che consenta la ricezione e la lavorazione del messaggio, garantendo così la comunicazione mediante un canale differente, senza avere impatti sull'operatività del servizio.

Qualora vi sia la necessità di ulteriori chiarimenti, la invitiamo a contattarci tramite il canale di messaggistica del ticket.
Le comunichiamo inoltre che, in assenza di ulteriori richieste, il presente ticket sarà chiuso automaticamente dal sistema entro 7 giorni lavorativi.";n.a.
175;dae05ccb45e8476bac2de850cbc546dc;"Perchè in caso l'ET richieda integrazione e/o conformazione, non c'è l'obbligo da parte del BO di richiedere il documento relativo?
Senza quel documento cosa comunica al richiedente?";"Il BO, a fronte di una richiesta di integrazione inoltrata dall'ET, conosce tutte le informazioni necessarie per richiedere al presentatore tutte le integrazioni segnalate dagli ET. Il documento ""integration_document_list"" non è segnalato come elemento obbligatorio dell'oggetto RequestIntegrationRequest (inviato dall'ET tramite send_integration), differentemente dall'attributo ""integration_list"" (che riporta tutte le informazioni necessarie), pertanto, il recupero del documento non può che essere opzionale. 
Analogamente, tale logica è applicata anche sulla richiesta di conformazione.

Qualora vi sia la necessità di ulteriori chiarimenti, la invitiamo a contattarci tramite il canale di messaggistica del ticket.
Le comunichiamo inoltre che, in assenza di ulteriori richieste, il presente ticket sarà chiuso automaticamente dal sistema entro 7 giorni lavorativi.
";n.a.
176;n.a.;"Gli allegati alle istanze SUAP, che se capisco bene sono ""scambiati"" tramite web service fra le diverse componenti SSU, secondo quando riportato nei sequence diagram, dove vengono inizialmente depositati?
Ogni volta che il documento digitale viene ""recuperato"" viene anche fisicamente trasmesso alla componente che effettua la chiamata (ad es. 8.4.1.1 l'operation instance/{cui_uuid}/document/{resource_id} disponibile da FOSuap per il recupero del documento da parte del BOSuap)? Il documento è trasmesso punto-punto, non vi una repository unica dei documenti allegati all'istanza che possano essere resi disponibili in modalità condivisione?
 
Se così è gli allegati continuano a passare da una componente all'altra con l'effetto poi che la conservazione documentale del medesimo documento avviene n. volte in relazione all'amministrazione detentrice in un dato momento.
Ad esempio se ho il progetto A, allegato ad una SCIA di edilizia produttiva e questo viene trasferito per un parere dal SUAP all'edilizia, ai VVFF e alla Soprintendenza, il progetto A sarà protocollato dapprima dal BOSuap (che poi lo invierà in conservazione) poi sarà nuovamente protocollato dall'Edilizia in entrata (che poi lo invierà in conservazione), poi ancora dai VVFF e dalla Soprintendenza (che a loro volto lo invieranno in conservazione).
 
Sarebbe molto più funzionale non far ""girare"" il documento, ma far si che questo sia fisicamente depositato (con il proprio sha) in una repository avente le caratteristiche idonee alla conservazione documentale (garanzia di autenticità, integrità, leggibilità, reperibilità, ..) e consentirne la messa a disposizione nelle modalità dell'art. 47, co. 1 del CAD.
 
In questo modo ogni componente SSU utilizzerebbe questa repository come una sorta di spazio di lavoro condiviso dove poter visionare i documenti, depositare richieste di integrazione, pareri, determinazioni finali, audit, .. evitando la replicazione dei file nei vari sistemi di SUAP e E3.
 
RItenete sia possibile eventualmente adottare una modalità di condivisione dei documenti fra BO SUAP e BO Enti3 evitando la trasmissione del documento stesso ma semplicemente indicando all'Ente 3 le modalità di accesso telematico al documento (link) come previsto dall'art. 47 co. 1 del CAD (2 cpv). Un po' come avere un team di Teams a cui possono accedere solamente gli Enti 3 accreditati sul sistema SSU per consultare la documentazione, depositare i propri pareri, poter firmare congiuntaemnte verbali di CDS, .. riducendo in questo modo tutti i tempi di rielaborazione dei documenti trasmessi o acquisiti?";"Si conferma che ogni componente informatica è tenuta a conservare i documenti inerenti ai procedimenti amministrativi di sua competenza.
Come indicato nell' Art.2 comma 3 del DRP 160/2010:
  - In conformità alle modalità di cui all'articolo 12, commi 5 e 6, il SUAP provvede all'inoltro telematico della documentazione alle altre amministrazioni che intervengono nel procedimento, le quali adottano modalità telematiche di ricevimento e di trasmissione.

Pertanto non è prevista un'area condivisa dove è possibile possibile depositare i documenti ma questi devono essere trasmessi tra i componenti.

Qualora vi sia la necessità di ulteriori chiarimenti, la invitiamo a contattarci tramite il canale di messaggistica del ticket.
Le comunichiamo inoltre che, in assenza di ulteriori richieste, il presente ticket sarà chiuso automaticamente dal sistema entro 7 giorni lavorativi.";n.a.
177;d0bd3521d08b4a3dabeb562d2ad32055;"Una delle situazioni classiche in ambito SUAP (e ancora di più in ambito SUE) è quella del presentatore dell'istanza diverso dal dichiarante. Spesso il presentatore è un professionista che ha la delega del dichiarante, attualmente il dichiarante firmava digitalmente i moduli che lo richiedevano.
Ora come funzionerà? Nelle specifiche tecniche non è presente malgrado sia una cosa ricorrente? Ci sarà una delega firmata da inviare insieme all'istanza? Questa delega sarà da replicare in ogni procedimento/fattispecie?
Ci saranno degli allegati PDF firmati che rappresenteranno la ""stampa"" dell'XML con una firma per ogni modulo che lo richiede?
Sarebbe opportuno dare delle linee guide omogenee per evitare il proliferare dei procedimenti e il riuso corretto.";"Il DPR 160/2010 non disciplina esplicitamente la gestione della delega del presentatore rispetto al dichiarante. Tuttavia, è prassi consolidata che un cittadino o imprenditore possa delegare soggetti terzi (es. associazioni di categoria, professionisti) conferendo loro un’apposita procura firmata digitalmente.
Tale documento potrà essere allegato all’istanza presentata tramite il sistema SUAP.

Qualora vi sia la necessità di ulteriori chiarimenti, la invitiamo a contattarci tramite il canale di messaggistica del ticket.
Le comunichiamo inoltre che, in assenza di ulteriori richieste, il presente ticket sarà chiuso automaticamente dal sistema entro 7 giorni lavorativi.";"Referente
Quindi le linee guida sono quelle di avere un allegato comune a tutte le istanze che rappresenta il file firmato per la procura?
Attualmente non è presente questo file all'interno dei procedimenti del catalogo, dovremmo inserire un procedimento personalizzato per aggiungere le procure visto che è prassi consolidata? Non viene meno il concetto di riuso?

Operatore
Qualora vi fossero osservazioni da fare in merito al Catalogo la inviatiamo a inviare una richiesta di supporto ad InfoCamere."
178;bd73c699f500485c88a3a38713433e14;"Perchè il BO deve inoltrare all'ET le notifiche con i 2 eventi ""integration_request_time_expired"" e ""end_by_integration_times_expired""?
L'ET infatti conosce già i termini limite per richiedere l'integrazione e il limite per integrare da parte del soggetto presentatore coi i 2 valori tornati dal Catalogo per ogni pratica:
max_gg_int_req
max_gg_int_resp

Pertanto l'ET non dovrebbe inviare una richiesta di integrazione se siamo già fuori termine per richiederla (max_gg_int_req).
Allo stesso modo l'ET non si aspetterà una integrazione da parte del BO se siamo oltre il termine (max_gg_int_resp).

E' corretto?";"I due eventi indicati vengono trasmessi perché il BO vuole informare l'ET circa le azioni che possono essere intraprese:
  - integration_request_time_expired: il BO comunica all'ET che non possono essere trasmesse richieste di integrazione, pertanto, può solo trasmette un suo esito;
  - end_by_integration_time_expired: il BO comunica all'ET che sono terminati i tempi a lui concessi per la formalizzazione di un esito. Il BO assume tale silenzio come assenso e procedere a redigere un esito legato al procedimento  basandosi sull'esito di tutti gli ET coinvolti.
Tali eventi vengono trasmessi per garantire una comunicazion chiara e trasparente, finalizzata anche ad un tracciamento verso il Catalogo mediante gli audit.

Per concludere, si confermano le assunzioni fatte circa i due attributi indicati in chiusura del ticket.

Qualora vi sia la necessità di ulteriori chiarimenti, la invitiamo a contattarci tramite il canale di messaggistica del ticket.
Le comunichiamo inoltre che, in assenza di ulteriori richieste, il presente ticket sarà chiuso automaticamente dal sistema entro 7 giorni lavorativi.";n.a.
179;76be204766a048eeb6652500356cc5d3;"Nel documento ""Allegato 2 - Digitalizzazione SUAP SUE_Avviso Comuni_Uffici comunali"", che dettagli gli interventi per adeguamento secondo il bando ""Misura 2.2.3 - Digitalizzazione delle procedure (SUAP & SUE)”,
nel paragrafo ""Definizione degli interventi di adeguamento tecnologico"" sono indicati ai punti 11 e 12 le voci:
- Realizzazione funzione per consultazione metadati (procedimenti/fattispecie) tramite API Rest dal Catalogo SSU
- Realizzazione funzione per consultazione metadati (moduli/XSD/Schematron) tramite API Rest dal Catalogo SSU

Quale utilità hanno queste funzioni di consultazione degli oggetti procedimenti, fattispecie, moduli, XSD e Schematron nell'ambito del flusso di gestione delle pratiche tra BO, ET e Catalogo?";"Tali funzionalità afferiscono alla realizzazione degli interventi necessari per consumare i servizi esposti dal Cataloto verso i componenti SUAP ed ET, utili per la consultazione dei metadati, quali:
  - catalogo-ssu_meta.yaml
  - catalogo-ssu_to_bo.yaml
  - catalogo-ssu_to_et.yaml

La consultazione di questi metadati sono indispensabili per il recupero delle metainformazioni associate ai procedimenti SUAP, utili per:
  - recupero delle metainformazioni necessarie per la creazione dell'instance descriptor
  - recupero dei riferimenti dei componenti con cui comunicare
  - recupero dei riferimenti dei moduli/allegati associati ad un procedimento
  - recupero dei procedimenti/fattispecie/endoprocedimenti SUAP
  - recupero dei validatori associati ai moduli/allegati in formato strutturato

Qualora vi sia la necessità di ulteriori chiarimenti, la invitiamo a contattarci tramite il canale di messaggistica del ticket.
Le comunichiamo inoltre che, in assenza di ulteriori richieste, il presente ticket sarà chiuso automaticamente dal sistema entro 7 giorni lavorativi.
";"Referente
Nel paragrafo delle specifiche ""8.6. Black-box functionality test"" non sono però elencati test per il recupero degli oggetti procedimenti, fattispecie, moduli, XSD e Schematron.
Quindi in che termini si dovrebbe svolgere la fase di test per certificare che l'ET abbia ottemperato agli interventi di adeguamento tecnologico previsti dal bando?

Operatore
Le Black Box sono state create per verificare l'interoperabilità tra i componenti, escludendo le interazioni con il Catalogo SSU. Per tale motivo non sono presenti i test case relativi al recupero dei metadati."
180;21f19b06db774e7391251b098d8d344c;"Per quanto riguarda il servizio /notify che l'ET espone al BO, abbiamo notato una discrepanza tra i tipi possibili di evento.
Nel file et_to_bo.yaml è presente l'evento end_by_submitter_cancel_requested nell'oggetto NotifyMessage.
Invece, nei Sequence diagram SCIA e Autorizzazione manca.

Dunque sono incompleti i diagrammi o lo scenario in cui il BO comunica all'ET questo particolare evento non è stato definito?";"Si precisa che l'evento ""end_by_submitter_cancel_requested"" viene gestito nel sequence-diagram ""SubmitterCancel-001"" e si applica a tutti i regimi amministrativi.

Qualora vi sia la necessità di ulteriori chiarimenti, la invitiamo a contattarci tramite il canale di messaggistica del ticket.
Le comunichiamo inoltre che, in assenza di ulteriori richieste, il presente ticket sarà chiuso automaticamente dal sistema entro 7 giorni lavorativi.";n.a.
181;3e8b5a0f2d184deb8169a8f252718ee7;"Il servizio /retry è indicato come ncessario a richiedere la ritrasmissione dei dati relativi ad una specifica “operation” a causa di incoerenze riscontrate sui dati ricevuti.
Se però l'incoerenza riguarda dati essenziali e univoci come il CUI, perchè ad esempio l'ET non lo trovo sul proprio DB, come si procede?

Inoltre, più in generale, in caso di errore materiale da parte del BO in chiamata dei servizi esposti da ET, come fa l'ET a comunicare al Catalogo l'errore?";"Si precisa che gli errori della retry sono finalizzati a risolvere eventuali errori riscontrati nel canale di comunicazione. 
Gli errori legati ai dati inseriti nell'istanza o ai documenti ad essa associati, se possibile, vengono risolti mediante le richieste di correzione, integrazione o conformazione.

Qualora vi sia la necessità di ulteriori chiarimenti, la invitiamo a contattarci tramite il canale di messaggistica del ticket.
Le comunichiamo inoltre che, in assenza di ulteriori richieste, il presente ticket sarà chiuso automaticamente dal sistema entro 7 giorni lavorativi.";"Referente
Scusate ma per gli errori sul canale non si deve adottare la politica delle 3 chiamate come indicato nelle specifiche al paragrafo ""Politica di ritrasmissione"" più eventuale ""Gestione dei disservizi""?
Il servizio di /retry serve invece a richiedere la ritrasmissione dei dati relativi ad una specifica ""operation"" a causa di incoerenze riscontrate sui dati ricevuti. O mi sbaglio?

La mia domanda però riguarda il caso di errore nei dati comunicati dal BO all'ET, per cui l'ET non può usare la /retry per ovviare e neppure comunicare l'errore al Catalogo.

Operatore
La politica di ritrasmissione si applica nel caso in cui la componente ricevente non è in grado di rispondere o ricevere i messaggi. La retry è finalizzata a richiedere una ritrasmissione per via di errore avvenuto sul canale di comunicazione. Per la gestione degli errori legati ai dati inseriti nell'istanza, si ricorda che il FO ha il compito di effettuare una verifica e in caso richiedere la correzione dell'istanza compilata. Per la correzione documentale, sono disponibili invece le richieste di integrazione/conformazione."
182;c41358956a7d41a292a17616875f9796;"Vorrei capire il meccanismo con cui possiamo verificare lo stato attuale di una pratica, usando il servizio /instance_descriptor/{cui_uuid} esposto da SSU, che dovrebbe essere l'unico previsto - se ho capito bene - per fornire lo storico degli stati compreso l'ultimo in ordine di tempo.
Vi elenco di seguito gli scenari possibili che ho individuato per la tipologia SCIA:

stato iniziale su SSU: presented
ET: acquisita dal BO

ET: scarta la pratica
SSU: presented -> ended_by_negative_outcome

ET: dichiara la pratica irricevibile
SSU: presented -> ended_by_negative_outcome

ET: conclude l'istruttoria negativamente
SSU: presented -> ended_by_negative_outcome

ET: richiede l'integrazione
SSU: presented -> integration_requested

ET: riceve l'integrazione
SSU: integration_requested -> integrated

ET: conclude con richiede conformazione
[questo scenario è ancora da completare da voi perchè manca il passaggio finale dell'invio delle conformazione dal BO all'ET, ma l'ho inserito ugualmente]
SSU: presented -> ended_by_conformation_requested
oppure
SSU: integrated -> ended_by_conformation_requested
oppure
SSU: integration_requested -> ended_by_conformation_requested

Infine ci sono i possibili esiti finali comunicati dal BO, e in questi casi è l'ET a dover aggiornare lo stato:
SSU: end_by_proceeding_time_expired
ET: termine

SSU: end_by_suspension_requested
ET: termine

SSU: end_by_conformation_requested [scenario ancora da completare]
ET: termine

L'elenco è completo?
Che tempi deve attendere l'ET dal momento dell'invio della richiesta/esito al BO, e conseguente cambio di stato, per chiamare il servizio /instance_descriptor/{cui_uuid} e avere certezza che anche lato SSU lo stato sia cambiato in coerenza con lo stato sull'ET?";"Si precisa che nel branch approved01 (https://github.com/AgID/specifiche-tecniche-DPR-160-2010/tree/approved01/state-diagram) sono stati inseriti gli state-diagram per i regimi amministrativi SCIA e Autorizzazione.
Pertanto è possibile prendere visione di quello relativo allo SCIA per analizzare gli stati e gli eventi che condizionano la loro transizione.

Qualora vi sia la necessità di ulteriori chiarimenti, la invitiamo a contattarci tramite il canale di messaggistica del ticket.
Le comunichiamo inoltre che, in assenza di ulteriori richieste, il presente ticket sarà chiuso automaticamente dal sistema entro 7 giorni lavorativi.";"Richiedente
Ho visto il diagramma degli stati ma mancano i seguenti:
ended_by_integration_times_expired
ended_by_negative_outcome
Inoltre, non capisco in che modo il BO comunica all'ET gli stati:
ended_by_submitter_cancel_requested
correction_requested
corrected
refused
Non capisco poi la logica con cui sono elencati gli eventi sotto gli stati:
se sono gli eventi a seguito dei quali c'è il passaggio di stato indicato dalla freccia, come mai gli eventi legati all'ET non hanno mai indicata una transizione di stato?
Le richieste che fa l'ET di integrazione e conformazione e l'esito negativo dovrebbero far cambiare lo stato, o sbaglio?
Infine, non mi avete indicato i tempi che deve attendere l'ET dal momento dell'invio della richiesta/esito al BO, e conseguente cambio di stato, per chiamare il servizio /instance_descriptor/{cui_uuid} e avere certezza che anche lato SSU lo stato sia cambiato in coerenza con lo stato sull'ET.

Operatore
Dato un instance descriptor allo stato ""integration_requested"", se il BO registra l'evento ""end_by_integration_request_time_expired"", l'istanza transita allo stato ""refused"" (non ""ended_by_integration_times_expired""). Lo stato ""ended_by_negative_outcome"" è invece presente in fondo al diagramma.
Le transizioni di stato avvengono solo sugli eventi del BO che è l'unico responsabile della transizione di stato del descrittore. Gli ET comunicano i loro eventi al BO e quest'ultimo determina un eventuale aggiornamento di stato.
Le transizioni di stato avvengono sul Catalogo a seguito dell'invio dell'evento da parte del BO e il nuovo instance descriptor è subito disponibile.

Richiedente
Mancano comunque sia nello schema degli stati per la SCIA che in quello per l'Autorizzazione le transizioni verso lo stato ended_by_integration_times_expired.
Inoltre lo stato ended_by_negative_outcome è presente solo nello schema dell'Autorizzazione.

Operatore
Un'istanza allo stato ""integration_requested"" transita allo stato ""refused"" quando registra l'evento ""end_by_integration_request_time_expired"".
Lo stato ""ended_by_negative_outcome"" è presente solo in Autorizzazione, l'equivalente per la SCIA è ""ended_by_suspension_requested"".

Richiedente
Ma allora lo stato ended_by_integration_times_expired quando viene usato e da chi?

Operatore
Allo stato attuale non viene usato perchè alla fine è stato ritenuto utile ricondurre la transizione allo stato refused.
"
183;5d0bbb7d9f86452080ee9c1ec865ef0c;"Vi chiedo una riflessione ed una valutazione sullo scenario che segue.
Infocamere sta per rilasciare un e-service per il 'monitoraggio' delle pratiche SUAP/SUE.
Il servizio contiene una ricorsione di instance_descriptor per ogni evento delle le pratiche in un range temporale che va da 1 giorno a 2 mesi, a scelta del chiamante, con le finalità di consentire ai vari Enti di fare monitoraggio.
Il servizio è legato al Catalogo SSU che non contiene, quindi, i documenti. Quindi neanche l'MDA.XML con i dati della pratica.
Un nostro e-service userà questo e-service di Infocamere. Ed avrà accesso all'instance descriptor delle pratiche. Quindi anche al CUI, municipality, etc

Se supponiamo di aver richiesto ed ottenuto la fruizione dei BO dei SUAP di interesse, ci sembra che tecnicamente, con i dati dell'instance_descriptor, potremmo interrogare il BO per recuperare i documenti.
Tecnicamente vi risulta che questa cosa sia fattibile?
E se è fattibile tecnicamente, è una operazione lecita dal punto di vista Amministrativo/Normativo?
Se non ritenete che sia una operazione lecita, si può 'renderla lecita' con accordi tra le parti, o altre azioni?";"Considerata la natura della richiesta e al dettaglio posto, si invita a effettuare tale quesito al sistema di supporto del Dipartimento dalla Funzione Pubblica.

Qualora vi sia la necessità di ulteriori chiarimenti, la invitiamo a contattarci tramite il canale di messaggistica del ticket.
Le comunichiamo inoltre che, in assenza di ulteriori richieste, il presente ticket sarà chiuso automaticamente dal sistema entro 7 giorni lavorativi.";n.a.
184;96a501eb39274e8bb1a5d61977cad404;"Rispetto al seguente caso d'uso, si richiedono le relative informazioni.
Caso d'uso: Ci riferiamo ad procedimento con fattispecie primaria in regime di AUTORIZZAZIONE con autorità procedente l'ET delle Province. Questo fattispecie primaria ha una fattispecie secondaria (endoprocedimento) in regime di COMUNICAZIONE destinate all'ET Regione.
AGID ha detto che il workflow del regime della COMUNICAZIONE utilizza il workflow della SCIA.
Domande:
1. quando il FO invia al BO la pratica, ed il BO fa la send_instance all'ET Provincia per il regime di AUTORIZZAZIONE, cosa accade per l'innesco dell'endoprocedimento della COMUNICAZIONE verso la Regione? Il BO deve far partire automaticamente il processo della COMUNICAZIONE verso la Regione, contestualmente alla send_insance dell'AUTORIZZAZIONE alla provincia? Altrimenti come funzionerà?

2. Dovendo il processo principale adempiere anche a quello secondario, ed essendo il workflow della COMUNICAZIONE equiparato da AGID a quello della COMUNICAZIONE, è corretto dire che l'Ente Regione riceverà anche tutte le le notfy previste dalla SCIA in comune con il workflow dell'AUTORIZZAZIONE? Anche il documento della chiusura del procedimento?

3. Se la domanda precedente ha risposta affermativa, il processo della comunicazione è sempre contestuale a quello generato dall'autorizzazione (procedimento principale)?

4. Se la risposta al punto 2 è negativa, e L'Ente Regione riceve solo la send_insatance della pratica (o comunque solo alcune notifiche) sarebbe lecito introdurre nella Componente ET Regione un 'job', o simile, che richiama in modo temporizzato (es. una volta al giorno) il BO per quella particolare pratica per ricavare il documento della chiusura del procedimento gestito dal procedimento principale dell'AUTORIZZAZIONE?

Se possibile, vi chiederei una descrizione quanto più tecnica possibile. Ed corredata da riferimenti alle OpenApi.";"Assumendo che vi siano più endoprocedimenti associati ad una fattispecie, il regime amministrativo del procedimento SUAP è determinato dalla fattispecie più condizionante, ovvero quella che richiede più azioni bloccanti per il presentatore. Interprentando di nuovo l'esempio riportato nella richiesta, applicando questa logica, considerato un procedimento che attiva la fattispecie ""Avvio esercizio di vicinato"", a cui sarà associato l'endoprocedimento (ovvero una fattispecie secondaria) ""Vendita di oggetti preziosi"", il regime amministrativo non sarà più SCIA (ovvero quello associato ad ""Avvio esercizio di vicinato"") ma diventerà Autorizzazione/Domanda. 

Il BO inoltra a tutti gli ET i riferimenti al procedimento, negli InstanceIndex e GeneralIndex sono presenti tutti i documenti gestiti nello stesso. Ogni ET ha l'incarico di avviare le istruttorie di propria competenza e fornire un esito in funzione del regime applicato sul procedimento. A valle dell'intero processo, ogni ET così coinvolto riceverà dal BO l'esito finale del procedimento.

Qualora vi sia la necessità di ulteriori chiarimenti, la invitiamo a contattarci tramite il canale di messaggistica del ticket.
Le comunichiamo inoltre che, in assenza di ulteriori richieste, il presente ticket sarà chiuso automaticamente dal sistema entro 7 giorni lavorativi.";"Referente
Se ipotizzassimo per assurdo, al fine di creare un caso d'uso di mio interesse, di avere una personalizzazione regionale del procedimento ""Avvio esercizio di vicinato"" (regime SCIA sul Comune), aggiungendo oltre alla fattispecie secondaria ""Vendita di oggetti preziosi"" (regime AUTORIZZAZIONE sul Comune), anche una fattispecie secondaria di Comunicazione (regime COMUNICAZIONE su Regione), la Regione è da ritenere competente per il solo procedimento afferente alla COMUNICAZIONE, giusto? Non ricadrebbe nel contesto dell'AUTORIZZAZIONE. Quindi non sarebbe tenuta ad esprimere il parere, ad esempio. La responsabilità del processo dell'AUTORIZZAZIONE rimane confinato agli Enti coinvolti nel procedimento per la ""Vendita di oggetti preziosi"". Corretto?

Operatore
L'accentramento di più fattispecie con regime amministrativo SCIA determina la creazione di un procedimento con regime SCIA.
Se un procedimento SUAP include sia SCIA che AUTORIZZAZIONE, il regime amministrativo complessivo diventa AUTORIZZAZIONE, e quindi segue il relativo workflow.
Gli Enti Terzi (ET) coinvolti nel procedimento SUAP non sono obbligati a esprimere un parere esplicito, in quanto il silenzio assenso è applicabile secondo i termini previsti dal regime amministrativo del procedimento.

Richiedente
Continuo a non capire. Purtroppo non potersi parlare limita molto la fluidità della conversazione.
Ripeto il caso d'uso.
1. Ho il procedimento principale in regime di SCIA di competenza di Comune
2. Un endoprocedimento in regime di AUTORIZZAZIONE di competenza di Provincia
3. Un secondo endoprocedimento in regime di COMUNICAZIONE di competenza di Regione
Per quanto detto precedentemente sui tre, prevale il procedimento più complesso, ovvero l'AUTORIZZAZIONE
Quindi il workflow è quello dell'autorizzazione.
Ma è giusto dire che la competenza e responsabilità di Regione rimane quella del procedimento di competenza al punto 3? Ovvero la COMUNICAZIONE?
Anche se riceverà le notifiche previste dal workflow dall'AUTORIZZAZIONE non ricadrebbe negli edempimenti di questo regime, dovendo solo ricevere una informativa per conoscenza (COMUNICAZIONE). Non c'è il rischio di convocazione in CDS, etc. Vero?

Richiedente
L'ulteriore richiesta di chiarimento nasce dal dubbio generato dalla vostra affermazione ""Gli Enti Terzi (ET) coinvolti nel procedimento SUAP non sono obbligati a esprimere un parere esplicito, in quanto il silenzio assenso è applicabile secondo i termini previsti dal regime amministrativo del procedimento."" Nello specifico non è chiaro se con l'ultima parola 'procedimento' vi state riferendo alla fattispecie del procedimento/endoprocedimento di cui l'ente risulta responsabile (nel caso di esempio per Regione è la COMUNICAZIONE) o se sia il procedimento prevalente, ovvero l'AITORIZZAIONE. Perchè questo cambia tanto. Oggi Regione riceve in alcuni casi la COMUNICAZIONE per decreti regionali. Ma se voi obbligate Regione ad entrare nel procedimento con le responsabilità del regime dell'AUTORIZZAZIONE, questo onere potrebbe indurre Regione a sfilarsi e perdere il controllo dei vari ambiti, che oggi mantiene. Anche se, come dite, non c'è obbligo di parere ed altro. Perchè potrebbe ritrovarsi anche, per gli automatismi dell'interoperabilità, coinvolta in cds o altre azioni e notifiche dettate dal regime di maggior complessità rispetto alla COMUNICAZIONE. Giusto sarebbe, sebbene il workflow sia quello dell'AUTORIZZAZIONE, mantenere gli adempimenti della COMUNICAZIONE, in modo che lato Componente ET noi scartiamo eventuali notifiche sovrabbondanti (scadenza termini, invio integrazione, etc) prendendo solo quelle che ci interessa. Quindi serve solo di chiarire se, nel caso di esempio, Regione risponde, a prescindere dal workflow, con le responsabilità date dal regime della COMUNICAZIONE.

Operatore
Si conferma che il workflow applicato sul procedimento SUAP risulta essere quello associato al regime più stringente di tutte le fattispecie attivate sul procedimento e ogni ET coinvolto è responsabile della fattispecie di sua competenza. 
Si riporta di seguito anche il riferimento normativo che regolamenta un procedimento che vede coinvolti al suo interno più regimi amministrativi: Legge 241/1990 Art.19-bis Concentrazione dei regimi amministrativi.
"
185;n.a.;"Buongiorno,
con la presente sono nuovamente a sollecitare risposte alle nostre richieste di chiarimenti in merito all'architettura prevista per far dialogare le varie componenti tramite la PDND. Riassumendo, ci serve chiarire se i servizi da esporre sono per singola soluzione (come indicato da Infocamere) o sono per singolo Comune (come indicato da Agid), capendo poi come smarcare le problematiche tecnico\operative che ognuna delle due soluzioni porta con sé.
Stiamo anche aspettando chiarimenti su come recuperare le informazioni tecniche per chiamare i servizi esposti su PDND avendo a disposizione il solo riferimento telematico.
 
Non riesco a darvi indicazioni precise sui ticket aperti e in attesa di risposta, dato che non c'è una piattaforma di gestione ticket strutturata.
Mi sembrava opportuno mettere in copia alla presente anche il supporto di Infocamere, ma non abbiamo alcun indirizzo e-mail di riferimento. Le risposte arrivano da un account noreply (il messaggio è chiaro).";"come già comunicato mediante i sistemi di ticketing, si conferma che ogni ente è incaricato ad effettuare una richiesta di fruizione a ogni e-service PDND di ogni altro ente con il quale si vuole interfacciare.
I riferimenti utili relativi all’argomento, sono riconducibili nelle Linee Guida sull’infrastruttura tecnologica della Piattaforma Digitale Nazionale Dati ed in particolare:
 
•	al capitolo 5 (Adesione dei soggetti che Erogano e Fruiscono delle API presenti nel Catalogo API di PDND)
•	al capitolo 8 ( Richiesta di fruizione dell’e-service)
•	al capitolo 9 ( Analisi del rischio sulla protezione dei dati personali e configurazione del servizio di erogazione)
 
Si riporta, inoltre, il link dove è stata aperta tale discussione sul portale GitHub di PagoPA per chiarire tale aspetto:
  - https://github.com/pagopa/pdnd-interop-frontend/issues/604
 
Di seguito si riporta invece una delucidazione in merito al riferimento telematico presente nelle API del Catalogo.
Il catalogo fornisce il riferimento telematico agli e-service esposti su PDND ottenibile consultando i seguenti path dell'OpenAPI ""catalogo-ssu_meta"":
- ET -> path ""/competent-administration/{competent_administration_ipacode}/{competent_administration_code}/{competent_administration_version}/third-party-system"" attributo ""telematic_ref""
- FO -> path ""/suap/{suap_id}/{suap_version}/frontoffice-system"" attributo ""e_service_to_bo"" per la componente di Back-office e l'attributo ""e_service_to_cu"" per la componente ComUnica
- BO -> path ""/suap/{suap_id}/{suap_version}/backoffice-system"" attributo ""e_service_to_fo"" per la componente di Front-office, ""e_service_to_et"" per la componente Ente Terzo e l'attributo ""e_service_to_ri"" per il Registro Imprese.
 
Il telematic_ref, come anche gli attributi ""e_service_to_bo"", ""e_service_to_fo"", ""e_service_to_et"", ""e_service_to_cu"" ed ""e_service_to_ri"",  sono i riferimenti telematici dei sistemi, ovvero l'UUID dei servizi sulla PDND esposti dalle componenti informatiche.
 
Si riporta inoltre, per completezza, il riferimento al manuale operativo fornito da PDND (https://docs.pagopa.it/interoperabilita-1/manuale-operativo/api-esposte-da-pdnd-interoperabilita).";n.a.
186;455af6a4edd34e9f8a21a6f55fdb912e;"	
Non mi è chiaro come discriminare all'interno delle chiamate di /send_instance da parte del BO verso l'ET lo scenario di inoltro di una nuova pratica da quello di inoltro dell'integrazione.";"La ""send_instance"" riporta al suo interno l'InstanceIndex che veicola tutti i riferimenti ai documenti associati ad un procedimento. Per ogni documento è presente l'attributo ""code"" che identifica la fattispecie di appartenenza, pertanto, un ET che ha riscontrato una carenza documentale, alla seconda ""send_instance"", inviata in risposta alla richiesta di integrazione, potrò consultare nuovamente i documenti associati a quel ""code"" e consultare il nuovo set documentale. Se la documentazione è completa, può procedere con un esito; altrimenti, dovrà procedere con un esito negativo poichè non sono previste ulteriori richieste di integrazione.

Qualora vi sia la necessità di ulteriori chiarimenti, la invitiamo a contattarci tramite il canale di messaggistica del ticket.
Le comunichiamo inoltre che, in assenza di ulteriori richieste, il presente ticket sarà chiuso automaticamente dal sistema entro 7 giorni lavorativi.";"Richiedente
L'attributo ""code"" non discrimina, mi pare. Se un esempio di code può essere ""avvio di esercizio di vicinato con vendita di alimentari"", tutti i documenti allegati saranno col medesimo ""code"", o sbaglio?
La frase ""...consultare il nuovo set documentale"" non mi è chiara: a fronte di una richiesta di integrazione il BO risponda con un elenco nuovo di allegati o con lo stesso elenco con i documenti aggiunti collegati all'integrazione?

Dobbiamo quindi operare un nuovo scarico di TUTTI gli allegati chiamando il servizio del BO /instance/{cui_uuid}/document/{resource_id}, e poi fare una differenza con l'elenco ricevuto con il primo gruppo di chiamate allo stesso servizio, oppure è sufficiente fare la differenza tra i resource_id che l'ET ha ricevuto con il primo gruppo e quelli presenti nella nuova send_instance e recuperare solo i documenti che hanno un resource_id non censito dall'ET?

Operatore
Corretto, ci possono essere più documenti associati allo stesso ""code"" perchè sono i documenti collegati ad una fattispecie. 
A fronte di un'integrazione, il BO inoltra all'ET sempre l'InstanceIndex, contenente lo stesso insieme di allegati a cui vengono aggiunti i documenti richiesti in fase di integrazione. Un ET consulterà tale oggetto e andrà a selezionare quelli relativi alla sua richiesta di integrazione. Non viene gestita una nuova struttura dati ad-hoc per questa funzionalità. Al fine di estrarre i nuovi documenti integrati, si deve tenere traccia di quelli già scaricati/consultati al fine di evidenziare quelli nuovi."
187;601055adc16e49b984e749e94830b056;"Nel servizio esposto da ET verso il BO, /send_instance, nell'oggetto GeneralIndex sono indicati come possibili allegati i file classici:
SUAP.XML
ricevuta.XML
Non è indicata l'informazione circa l'algoritmo di hash, che invece è indicata nell'oggetto InstanceIndex.
Questo significa che gli allegati XML saranno sempre trasmessi in chiaro. Corretto?
La stessa cosa varrà anche per i file MDA.XML?";"Nel GeneralIndex sono specificati tutti i possibili documenti che sono gestiti e per ognuno di essi, tra i vari attributi, sono presenti gli attributi (obbligatoi) relativi ad ""hash"" e ""alg_hash"". Si precisa che anche il file MDA (activity_model) riporta tra i suoi attributi l'hash e l'alg_hash.

Qualora vi sia la necessità di ulteriori chiarimenti, la invitiamo a contattarci tramite il canale di messaggistica del ticket.
Le comunichiamo inoltre che, in assenza di ulteriori richieste, il presente ticket sarà chiuso automaticamente dal sistema entro 7 giorni lavorativi.";"Richiedente
Avere nella response di un servizio la coppia ""hash, algoritmo di hash"" per il digest di un file non garantisce però che il file e/o l'hash non siano stati corrotti per un qualche motivo alla fonte. Corretto?
In teoria, per file non firmati, la garanzia è data dalla sicurezza del canale di comunicazione + l'hash. Corretto?

Operatore
L'hash viene generata per dare garanzia dell'integrità di un file e per certitifcare la conformità di un documento e viene utilizzato in fase di recupero di un documento tramite l'header parameter If-Match. "
188;5411fd6befb44989a09480aec51b775b;"Con la call all’URL:
https://casa.catalogocl.impresainungiorno.it/catalogo/SUAP_DEFAULT/00.00.00/backoffice-system
si ottiene la seguente risposta:
{
""id"": ""BO_DEFAULT"",
""version"": ""00.00.00"",
""description"": ""Back-Office SUAP di default"",
""start"": ""2024-01-01"",
""end"": ""2099-12-31"",
""state"": ""Active"",
""e_service_to_fo"": ""faxksiqc-32rq-76am-lw5p-d5pausdyy8x9"",
""e_service_to_et"": ""xyzh6ox1-0bz7-nl4u-jsn0-tnp68jsx0ssn"",
""e_service_to_ri"": ""3cbmgc22-ougr-9or9-uhyi-y4lk8pgwu42s""
}

Siamo stati informati che l'URL sarà accessibile tramite i servizi di interoperabilità specificati (/eservices/:eserviceId). Potreste gentilmente fornirci l'endpoint preciso di questo servizio e indicarci dove possiamo consultare la documentazione relativa? Inoltre, esiste anche una versione bulk di questo servizio.";"La presente richiesta chiede un supporto circa la fruizione di un servizio esposto da ""impresainungiorno"" il cui gestore risulta essere InfoCamere. Data la natura della richiesta, la invitiamo a contattare direttamente il gestore per richiedere supporto in merito alle funzionalità ed eventuali bug del sistema.

Qualora vi sia la necessità di ulteriori chiarimenti, la invitiamo a contattarci tramite il canale di messaggistica del ticket.
Le comunichiamo inoltre che, in assenza di ulteriori richieste, il presente ticket sarà chiuso automaticamente dal sistema entro 7 giorni lavorativi.";n.a.
189;1f7228f2cd144935b908862abf023527;"È possibile inviare una richiesta di integrazione senza specificare alcun procedimento?
";"La richiesta di integrazione può essere inviata chiamando il servizio esposto dal BO verso l'ET: /request_integration. Al suo interno, devono essere indicati i riferimenti del procedimento (cui, instance_descriptor_version) e una lista di integrazioni. Ogni oggetto contenuto al suo interno devono riportare il code (riferimento della fattispecie), ref (riferimento all'elemento dell'istanza, relativo al procedimento o allegato), integration_request. Il ref può puntare all'instance, per puntare al procedimento, o un attachment, per indicare un allegato errato che deve essere sostituito.

Qualora vi sia la necessità di ulteriori chiarimenti, la invitiamo a contattarci tramite il canale di messaggistica del ticket.
Le comunichiamo inoltre che, in assenza di ulteriori richieste, il presente ticket sarà chiuso automaticamente dal sistema entro 7 giorni lavorativi.";n.a.
190;cfda2c9ebef540b896b6aaf675771f83;"Vorrei da voi una conferma o smentita sui possibili scenari che possono riguardare un pratica di tipo SCIA o AUTORIZZAZIONE.
Questo perchè dovendo gestire l'ET di un comune grande ad articolato, devo essere sicuro di aver intercettato tutta la complessità possibile.

SCENARIO 1) pratica indirizzata all'ET ""comune di XXX"".
-> RISULTATO:
un unico esito inviato al BO SUAP.

SCENARIO 2) pratica indirizzata all'ET ""comune di XXX"", che dovrà inoltrarla al suo interno su più uffici competenti (es: commercio, edilizia, ambiente, ecc.) per avere un parere da ognuno.
-> RISULTATO:
1..n pareri interni all'ET -> sintesi interna -> un unico esito inviato al BO SUAP.

SCENARIO 3) pratica indirizzata a un ET principale censito nel Catalogo SSU diverso da ""comune di XXX"", ad esempio una delle ASL di XXX, e all'ET secondario ""comune di XXX"" che deve quindi fornire un parere.
-> RISULTATO:
un esito dall'ET principale inviato al BO SUAP;
un esito dall'ET ""comune di XXX"" inviato al BO SUAP.

SCENARIO 4) pratica indirizzata a un ET principale censito nel Catalogo SSU diverso da ""comune di XXX"", e all'ET secondario ""comune di XXX"" che deve fornire un parere, il quale dovrà inoltrare la pratica su più uffici competenti per avere un parere da ognuno.
-> RISULTATO:
un parere dall'ET principale inviato al BO SUAP;
1..n pareri interni all'ET -> sintesi interna -> unico esito inviato al BO SUAP.";"SCENARIO 1) Corretto

SCENARIO 2) Corretto
Assunti:
  - l'ET censito a Catalogo è uno solo (Comune di XXX) e l'organizzazione interna viene gestita extra-sistema
  - gli n-esiti interni all'ET non sono tracciati, quindi viene caricato nel sistema ET SUAP solamente l'esito che viene inviato al BO

SCENARIO 3) Corretto

SCENARIO 4) Corretto
Assunti:
  - si applicano gli assunti indicati per lo SCENARIO 2

Qualora vi sia la necessità di ulteriori chiarimenti, la invitiamo a contattarci tramite il canale di messaggistica del ticket.
Le comunichiamo inoltre che, in assenza di ulteriori richieste, il presente ticket sarà chiuso automaticamente dal sistema entro 7 giorni lavorativi.";n.a.
191;768893e2ae844ea49879da93fb2c4a90;Durante un colloquio al tavolo tecnico è emerso uno scenario che ha sollevato alcuni dubbi: se il Front Office dovesse inviare una request_cui per una fattispecie senza alcune parti etichettate come obbligatorie a livello di catalogo (alcune fattispecie secondarie obbligatorie o allegati obbligatori per esempio) il cui verrebbe rilasciato comunque?;"Il vincolo di obbligatorietà impedirà la creazione dell'oggetto InstanceDescriptor qualora alcune parti segnalate con l'attributo ""required"" risultano essere mancanti. Pertanto, il sistema non permetterà l'invocazione della chiamata request_cui.

Qualora vi sia la necessità di ulteriori chiarimenti, la invitiamo a contattarci tramite il canale di messaggistica del ticket.
Le comunichiamo inoltre che, in assenza di ulteriori richieste, il presente ticket sarà chiuso automaticamente dal sistema entro 7 giorni lavorativi.";"Richiedente
Se per una determinata fattispecie ho previsto a catalogo un numero di allegati e nell'instanceDescriptor inserisco più elementi di quelli ipotizzati fra gli attachments il CUI viene rilasciato correttamente?

Operatore
La lista degli attachment associati ad un procedimento li recupero dal Catalogo (/proceeding/{proceeding_id}/{proceeding_version}/attachments) e per ognuno di essi ci deve essere un riferimento ""ref"" che identifichi quello specifico allegato. Il rilascio del cui è possibile se viene gestito il recupero del ""ref"" corrispondente al nuovo allegato che viene caricato.

Richiedente
Semplifico la domanda: ho un'ipotetico PROC-000XXXX che ha nel catalogo un attachment con id ""ATTAC-000XXXX"".
All'interno dell'instanceDescriptor posso avere due allegati, uno con ref=ATTAC-000XXXX e uno con ref=REFINTERNO.0123?

Operatore
Il ref associato ad un attachment nell'InstanceDescriptor deve puntare all'ID di un allegato. REFINTERNO.0123 a cosa si riferisce?

Richiedente
Il ref REFINTERNO.0123 si riferisce a un allegato non mappato all'interno del catalogo.
Si tratta di una soluzione che si basa sulle instanceDescriptor attualmente disponibili dove il vincolo REF = ID ALLEGATO non è rispettato.
Avere un ref univoco (seppur non mappato) permetterebbe comunque di recuperarlo senza errori.

Operatore
Il ref come indicato nella descrizione del campo dell'InstanceDescriptor, risulta essere il ""riferimento all'allegato dell'istanza relativo al procedimento"". Pertanto questo deve combaciare con l'id dell'oggetto ""allegato"" presente nel Catalogo. Differentemente, il resource_id presente nell'InstanceIndex può essere definito liberamente dalla componente, a condizione che il valore risulti essere ""univoco per erogatore e CUI.UUID""."
192;dad7faf1d1fb4ecc950318fcc7c40337;"faccio presente che oggi abbiamo fatto diversi test sulle API della PDND per riuscire a recuperare le informazioni dato un riferimento telematico. Nello specifico il riferimento è faxksiqc-32rq-76am-lw5p-d5pausdyy8x9 Abbiamo provato a ricercandolo sia come eservice, che come agreement che come purpouse. La risposta è sempre la stessa (si veda l'esempio sotto) Esempio di chiamata ricercando il riferimento tra gli agreement: https://api.uat.interop.pagopa.it/1.0/agreements/faxksiqc-32rq-76am-lw5p-d5pausdyy8x9 { \""type\"": \""about:blank\"", \""title\"": \""Bad request\"", \""status\"": 400, \""detail\"": \""Incorrect value for path.agreementId\"", \""correlationId\"": \""88b09c53-06a4-41b3-b012-092fe959d9e6\"", \""errors\"": [ { \""code\"": \""9999\"", \""detail\"": \""Validation error: Invalid uuid\"" } ] }""";"Si precisa che tale segnalazione è strettamente legata alle funzinalità della PDND, pertanto non è possibile erogare un supporto considerato il dettaglio richiesto.
Tuttavia, si segnala che nel Catalogo SSU gli attributi ""telematic_ref"" ed ""e-service_to_XX"" devono riportare lo UUID della PDND che può essere utilizzato per invocare i servizi esposti dalla componente associata.

Qualora vi sia la necessità di ulteriori chiarimenti, la invitiamo a contattarci tramite il canale di messaggistica del ticket.
Le comunichiamo inoltre che, in assenza di ulteriori richieste, il presente ticket sarà chiuso automaticamente dal sistema entro 7 giorni lavorativi.";n.a.
193;bdbdf181e4a342c088f7f491e8e114bf;Buongiorno, si chiede nuovamente come fare, partendo dai riferimenti telematici, ad ottenere tutti i dati per effettuare le chiamate ai relativi e-service. E' vero che possiamo interrogare le API della PDND, ma non ci sembra sia possibile ottenere tutti i parametri necessari per poi invocare i servizi. C'è anche una questione di diritti di accesso e abilitazione dei client pdnd sui vari servizi. Ovvero, il nostro client pdnd (esposto su che Comune?) dovrebbe essere associato ai vari servizi, potenzialmente tutti. Dalle specifiche SUAP si ha l'impressione che l'ingaggio dei vari servizi venga fatto dinamicamente partendo del riferimento telematico. Ma questo a livello di PDND non sembra sia possibile, dato che è necessario registrare il client ed associarlo ai vari servizi. E questo attività sarebbe da fare manualmente, cosa improponibile per un progetto di questa portata. Stiamo interpretando noi in maniera errata le specifiche? Si prevede effettivamente tutta un'attività manuale su PDND? In ultimo, il riferimento telematico riportato nelle specifiche SUAP è il purposeid, il serviceid o l'agreementid di PDND?;"Si precisa che tale segnalazione è strettamente legata alle funzinalità della PDND, pertanto si consiglia di prendere visione dei manuali offerti dalla piattaforma per una comprensione chiara delle azioni da svolgere per la fruizione dei servizi esposti.

Ad ogni modo, si segnala che nel Catalogo SSU gli attributi ""telematic_ref"" ed ""e-service_to_XX"" devono riportare lo UUID della PDND che può essere utilizzato per invocare i servizi esposti dalla componente associata.

Qualora vi sia la necessità di ulteriori chiarimenti, la invitiamo a contattarci tramite il canale di messaggistica del ticket.
Le comunichiamo inoltre che, in assenza di ulteriori richieste, il presente ticket sarà chiuso automaticamente dal sistema entro 7 giorni lavorativi.";n.a.
194;0cb913babae2498fadb74f1ab2b95458;"stiamo esaminando in maniera sistematica il contenuto dei dati messi a disposizione dal catalogo, in particolare stiamo analizzando l'elenco degli use-case.
Ci era stato detto che l'onere di presentare gli use-case sui portali è in capo ad ogni singolo soggetto, ovvero è nostro compito agganciare i vati use-case alle nostre strutture di indirizzamento degli utenti.
Dopo aver passato diversi giorni a processare il catalogo degli use-case nei modi più svariati (tramite database relazionali, tramite IA, tramite intervento umano, simulando contestualmente la presentazione di pratiche in ImpresaInUnGiorno) siamo arrivati alla conclusione che, così come sono forniti dalle API, sono pressoché ingestibili.
Faccio alcuni esempi, ma ce ne sono a centinaia:
Attività di ""Recupero crediti"", ricercando in tutto l'archivio troviamo solo il seguente use-case:
USEC-0001419: Domanda di autorizzazione per l'esercizio dell'attività di agenzia di recupero stragiudiziale di crediti per conto terzi
Per le altre operazioni (cessazione, subentro, sospensione, ecc.) che use-case dobbiamo usare?
Attività di ""Stallaggio e maneggio"", troviamo solo il seguente use-case relativo a tale attività:
USEC-0001825:Segnalazione Certificata di Inizio Attività di stallaggio - maneggio (e similari) (Sez. I, Tabella A, D.Lgs. 25/11/2016 n. 222)
Per le altre operazioni come ci dobbiamo comportare?
Attività di tatuatore\piercer, troviamo solo il seguente use-case:
USEC-0001797: Comunicazione di cessazione dell'attività di tatuatore/piercier
Per apertura, subentro, ecc. quali use-case usiamo?
Attività di noleggio veicoli, abbiamo questi use-case:
USEC-0001824: Cessazione esercizio di noleggio di veicoli senza conducenteUSEC-0001822: Subingresso in esercizio di noleggio veicoli senza conducenteUSEC-0001676: Comunicare ulteriori rimesse site nel territorio di altri comuni della provincia o area metropolitana in -cui ricade il comune che ha rilasciato l'autorizzazione per l'attività di noleggio veicoli con conducenteUSEC-0001798: Comunicazione di sospensione temporanea dell'attività di noleggio senza conducenteUSEC-0001805: Comunicazione di sospensione temporanea dell'attività di noleggio autobus con conducente
Per l'apertura cosa facciamo?
????, arriviamo poi a casistiche di questo tipo:
USEC-0001331: Comunicazione di cessazione dell'attività
Cessazione di che attività? Qualsiasi?
Probabilmente alcuni use-case coprono diverse attività, ma come facciamo a sapere quali? Come per lo use-case USEC-0001331 Potrebbe essercene uno generico (es. ""Apertura attività"") che può essere usato per l'apertura di un'attività di noleggio auto e\o di tatuatore e\o di ...
Senza avere le informazioni di accesso ai vari use-case è praticamente impossibile mapparli su qualsiasi altra struttura.
Questi sono gli use-case che, negli anni, ha creato InfoCamere per il loro sistema informativo. Non sono stati riorganizzati, normalizzati ed organizzati. Quindi, senza tutta la logica e le ulteriori informazioni a corollario presenti in ImpresaInUnGiorno, sono dati inutili.
A nostro avviso è fondamentale avere a catalogo anche tutte le informazioni necessari per individuare in maniera univoca gli use-case, viceversa si chiedono delucidazioni su come è possibile procedere. Al momento siamo operativamente bloccati su questo fronte.
Per inciso, avere a catalogo anche i percorsi di accesso agli use-case garantirebbe anche di avere dei portali più uniformi, cosa che farebbe felice l'utente finale.""";"Considerata la natura della richiesta e al dettaglio posto, si invita a effettuare tale quesito al sistema di supporto del gestore di tale oggetto: InfoCamere.

Qualora vi sia la necessità di ulteriori chiarimenti, la invitiamo a contattarci tramite il canale di messaggistica del ticket.
Le comunichiamo inoltre che, in assenza di ulteriori richieste, il presente ticket sarà chiuso automaticamente dal sistema entro 7 giorni lavorativi.";n.a.
195;63911b8e1df84039b63a92c8b0f09b49;"Nel sequence diagram nel caso della SCIA è indicata la chiamata del servizio /audit che l'ET fa al Catalogo al termine del recepimento di tutti gli allegati.
Questa chiamata si può fare anche se si recupera solo un file, ad esempio il SUAP.XML ?
Nel caso quindi di recupero in momenti successivi del resto dei documenti è necessario sempre chiamare il servizio /audit?";"Nel sequence-diagram, l'audit associato al recupero dei documenti è definito all'interno di un loop, dove viene indicato che tali azioni devono essere svolte per ogni procedimento di interesse dell'istanza. Nel flusso è previsto un momento per il recupero dei documenti, ovvero a seguito della send_instance da parte del BO verso i vari ET coinvolti. Non viene specificato se può essere fatto a più intervalli o meno, tuttavia, è indispensabile per l'avvio delle istruttorie, tenendo in considerazione che i tempi del procedimento partono dal momento in cui il procedimento viene registrato a Catalogo.

Qualora vi sia la necessità di ulteriori chiarimenti, la invitiamo a contattarci tramite il canale di messaggistica del ticket.
Le comunichiamo inoltre che, in assenza di ulteriori richieste, il presente ticket sarà chiuso automaticamente dal sistema entro 7 giorni lavorativi.";"Richiedente
Nel sequence diagram per la SCIA il loop con le richieste dall'ET al BO comprendi i passi 7-8 mentre l'audit è al 9, che è fuori dal blocco di loop.
Mi sto riferendo al diagramma pubblicato qui:
https://github.com/AgID/specifiche-tecniche-DPR-160-2010/blob/approved02/sequence-diagram/SCIA-001.mermaid

Operatore
La chiamata audit essendo fatta fuori dal loop di recupero dei documenti, può essere fatta solamente una volta, recuperata l'intera documentazione.
Il recupero dei documenti può essere fatto in più intervalli, tenendo presente che l'audit deve essere inviato solamente una volta."
196;d286079c31fd4ad6b6645ddee99b231e;"A partire da un codice di un allegato (ATTAC-XXXXX) posso avere più istanze di quell'allegato all'interno della stessa fattispecie (es. ho previsto come allegato la scansione dei documenti d'identità dei soci, deve essere un file unico o posso caricare N scansioni con lo stesso codice allegato)?
A partire dallo stesso codice allegato (ATTAC-XXXXX) i file in fattispecie diverse all'interno della stessa istanza possono essere diversi o devono essere uguali? Se ho il codice allegato ATTAC-0002458 (copia attestazione versamento oneri, diritti e spese) il file deve essere univoco o possono essere attestazioni diverse? Se possono essere diverse ho un modo per dire che l'allegato X di una fattispecie secondaria è l'allegato Y (o X) di un'altra fattispecie?";"Per rispondere alle domande, è necessario chiarire se il Catalogo, nelle interfacce human-oriented, permette di associare lo stesso Attachment ID a più fattispecie.
Tuttavia, nelle Specifiche Tecniche, una risorsa può essere recuperata medianta il resource_id (inivoco per erogatore e CUI.UUID), che è associato per la coppia ref (riferimento all'elemento dell'istanza) e code (codifice della fattispecie). A livello di instance descriptor, ogni allegato appartenente ad una fattispecie ha un ref, che deve combaciare con l'id dell'allegato presente nel Catalogo. Assunto ciò, potrebbe essere possibile associare lo stesso codice allegato su più fattispecie, perchè a livello di Specifiche è possibile recuperare il corrispondente documento.

Per chiarire la questione delle interfacce human-oriented, si consiglia di chiedere supporto ad InfoCamere.

Qualora vi sia la necessità di ulteriori chiarimenti, la invitiamo a contattarci tramite il canale di messaggistica del ticket.
Le comunichiamo inoltre che, in assenza di ulteriori richieste, il presente ticket sarà chiuso automaticamente dal sistema entro 7 giorni lavorativi.
";"Richiedente
Il Catalogo, nelle interfacce human-oriented, permette di associare lo stesso Attachment ID a più fattispecie perchè l'id in questione è relativo alla tipologia di allegato.

Dalle specifiche tecniche e dagli esempi che ci sono stati forniti non risulta che il ref deve combaciare con l'id dell'allegato presente nel catalogo.
Prendo come esempio gli allegati indicati all'interno dell'instanceDescriptor con CUI 123a26d9-7144-491b-98ca-1d163af5e659:
""attachments"": [
{
""ref"": ""MCVVTR74S23H703Z-27022025-1420.001.PDF.P7M"",
""filename"": ""MCVVTR74S23H703Z-27022025-1420.001.PDF.P7M"",
""hash"": ""7436c6f0ba7174a845854257aa34eb8d666eea6807f3363119831183bafc76f3"",
""alg_hash"": ""S256"",
""mime_type"": ""application/pkcs7-mime""
},
{
""ref"": ""MCVVTR74S23H703Z-27022025-1420.003.PDF.P7M"",
""filename"": ""MCVVTR74S23H703Z-27022025-1420.003.PDF.P7M"",
""hash"": ""b095c6620c519544a4cc743f7d02232232810b6e3a4b36968809db60b36da086"",
""alg_hash"": ""S256"",
""mime_type"": ""application/pkcs7-mime""
}
]
},

Nessuno di questi allegati ha all'interno del REF l'id dell'allegato presente all'interno del catalogo (ATTAC-XXXXXX)

Referente
Un'altra domanda collegata alle precedenti: se io ho un ""ref"" con riferimento ""ATTAC-000XXXX"" posso avere all'interno più attachments/file con lo stesso ""ref""?
Per un esempio reale: devo caricare N dichiarazioni sostitutive di atto di notorietà firmate da tutti i soci di una società. Posso caricarli come file separati e con lo stesso ""ref"" o devo caricare un solo file?

Operatore
Il presente esempio non è stato elaborato da noi, pertanto, la invitiamo a contattare InfoCamere per chiarire la questione.
Per quanto riguarda invece la seconda domanda, ogni allegato identificato da un ""ref"" può avere solamente un documento associato.

Richiedente
Semplifico la domanda: posso avere una situazione come questa qui indicata?
""attachments"": [
{
""ref"": ""ATTAC-0001234"",
""filename"": ""MCVVTR74S23H703Z-27022025-1420.001.PDF.P7M"",
""hash"": ""7436c6f0ba7174a845854257aa34eb8d666eea6807f3363119831183bafc76f3"",
""alg_hash"": ""S256"",
""mime_type"": ""application/pkcs7-mime""
},
{
""ref"": ""ATTAC-0001234"",
""filename"": ""MCVVTR74S23H703Z-27022025-1420.003.PDF.P7M"",
""hash"": ""b095c6620c519544a4cc743f7d02232232810b6e3a4b36968809db60b36da086"",
""alg_hash"": ""S256"",
""mime_type"": ""application/pkcs7-mime""
}
]

Capisco che l'esempio non è stato elaborato da voi ma potete dirmi se l'esempio rispetta o meno le specifiche tecniche?

Operatore
Analizzando il modello dati del Catalogo, non è possibile utilizzare lo stesso ID di un allegato per identificare due allegati. Ad ogni modo per conferma ufficiale la invitiamo a contattare il gesto del Catalogo.

Richiedente
Infocamere ha risposto:
Buongiorno, abbiamo analizzato la risposta fornita e vorremmo evidenziare un chiarimento in merito: Il REF è un identificativo staccato dal FO e non è vincolato a un Attachment ID del catalogo, ma ciò non toglie che questo può essere valorizzato come l'attachment id. L’Attachment ID sarà introdotto nell'instance descriptor con l’aggiornamento delle specifiche in approved02. Cordiali saluti

Operatore
Si conferma con quanto riportato da InfoCamere. Per tale motivo, in vista dell'adeguamento che sarà previsto nell'Approved02 e l'impossibilità di referenziare ad oggi un oggetto del Catalogo, è stato suggerito di utilizzare il REF per identificare l'ID dell'oggetto attachment.

Richiedente
Questa soluzione è stata indicata come corrispondente alle specifiche tecniche tanto che in una risposta a un ticket simile mi è stato detto che DEVE contenere il riferimento.
Ora invece mi si sta dicendo che non deve perché questo non è indicato nelle specifiche tecniche (cosa che emergeva dalle mie analisi delle specifiche) e che il problema sarà risolto con approved02.
Soluzioni di questo tipo (che potremmo definire ""consuetudini"") che sono al di fuori delle specifiche tecniche e che richiedono un accordo fra le parti sono state fortemente sconsigliate al tavolo della community SUAP-SUE perché non garantiscono una reale interoperabilità.

Operatore
Si precisa che non è stato affermato che l'attributo ""ref"" non debba contenere l'id dell'entità attachment conservata dal Catalogo, bensì è stata consigliata tale prassi constatata la mancanza esplicita di tale riferimento, che verrà invece risolta nel prossimo aggiornamento. Constatato il fatto che l'operatore è libero di valorizzare tale attributo, non è da considerarsi in contrasto con le Specifiche Tecniche, ma una mera soluzione finalizzata alla gestione di un problema attualmente in essere. 

Richiedente
Al tavolo tecnico della community SUAP-SUE è emerso proprio come l'uso di queste prassi sia da evitare perché si tratta di soluzioni esterne alle Specifiche Tecniche.
Capisco la buona volontà nel voler risolvere un problema di specifiche tecniche ma, come emerso anche nell'ultimo tavolo tecnico, sarebbe meglio snellire le procedure di modifica delle specifiche tecniche per arrivare a soluzioni condivise e documentate che possano permettere una progettazione univoca, interoperabile e stabile.

Operatore
Si precisa che tutte le amministrazioni coinvolte sul progetto stanno collaborando al fine di trovare una procedura che consenta di attuare delle risoluzioni in modo celere e in conformità con la normativa vigente."
197;67a513b255e84e4485d60ee403cf85d0;"	
In caso un procedimento abbia una fattispecie primaria di competenza del comune, e almeno una secondaria, come vengono gestite le secondarie nel flusso tra BO ed ET?
Si tratterà sempre di parti del procedimento di competenza di ET diversi dal comune, di cui si incarica il BO SUAP di inoltrarli senza che l'ET comune ne sia interessato?";"Le fattispecie primarie e secondarie sono sempre ""usecase-proceedings"" e queste sono legate tra loro mediante la relazione ""endoproceeding"", che definisce anche l'obbligatorietà nell'attivare la fattispecie secondaria. 
Nell'instance descriptor, sia le fattispecie primarie che secondarie saranno presenti al suo interno e sono associate ad una ""competent-administration"" (ET) e il BO invierà una send_instance a tutti gli enti coinvolti.

Qualora vi sia la necessità di ulteriori chiarimenti, la invitiamo a contattarci tramite il canale di messaggistica del ticket.
Le comunichiamo inoltre che, in assenza di ulteriori richieste, il presente ticket sarà chiuso automaticamente dal sistema entro 7 giorni lavorativi.
";"Richiedente
Quindi se in usecase_proceedings \ competent_administration l'oggetto ipacode corrisponde a quello dell'ET di interesse, esempio il comune di XXX, allora la fattispecie collegata sarà di competenza del comune. Corretto?
Però se possono esserci più fattispecie, è possibile che più di una sia di competenza dello stesso ET e che quindi vadano gestite in parallelo?
Se è così, allora la cosa va in conflitto rispetto alla risposta a una mia domanda passata, che riporto sotto:

19/11/2024 16:41
Ente Terzo - pratiche che contengono più iter procedurali
Nel nuovo sistema sarà possibile avere uno scenario in cui il BO comunica all'ET una pratica che contiene al suo interno più tipologie di iter da dover gestire?
Esempi:
subingresso + sospensione temporanea dell'attività;
trasferimento di sede + ampliamento dell'esercizio.

RISPOSTA:
Un procedimento amministrativo è caratterizzato da un attributo che determina l'evento della vita dell'attività (es. apertura), pertanto,
può essere definito soltanto una delle tipologie menzionate nella richiesta.

Operatore
L'esempio indicato riporta la gestione di più ""lifeevent"" che, come indicato nella nostra vecchia risposta, non possono essere gestiti nello stesso procedimento. Si precisa che un procedimento, infatti, viene identificato da tre attributi (lifeevent, typology e municipality) e le fattispecie devono essere collegate direttamente ad esso. In breve, si conferma che non possono essere gestite fattispecie con lifeevent distinti.

Richiedente
Dato che nel file catalogo-ssu_to_et.yaml, nell'oggetto InstanceDescriptor di risposta al servizio /instance_descriptor/{cui_uuid}
è contenuto l'oggetto usecase_proceedings (fattispecie procedimenti avviati) che è di tipo array,
allora ciò significa che una stessa istanza può contenere più fattispecie e SOLO con il controllo dell'oggetto competent_administration l'ET può capire quali siano di propria competenza e quindi prenderli in carico per l'istruttoria.
Un esempio potrebbe essere una istanza che ha necessità di un parere da parte dell'ET ASL e da parte dell'ET comune.
E' corretto?

Operatore
Si, per identificare chi è l'Ente da coinvolgere sulla fattispecie è necessario analizzare l'oggetto ""competent_administration"" ad essa collegato."
198;4f48028de01f420faaecd5156ac79525;"Per il servizio /send_instance esposto da ET verso il BO, è prevista la Response ""BadRequest"", cui corrisponde il test case con errore TEST_ERROR_400_001, con la descrizione:
Verifica la corretta rilevazione della condizione di errore, qualora uno o più parametri e/o la forma del body dell'operation non rispettano la sintassi definita nell'IDL OpenAPI.

Quindi, se l'ET dovesse verificare altre tipologie di problemi legati alla Request, diversi da errori di sintassi, che portano ad uno scarto del procedimento, come deve rispondere al BO?";"Il codice di errore riportato si riferisce agli errori legati alle API, ovvero, qualora venga inviata una send_instance con l'oggetto SendInstanceRequest errato, l'ET risponderà con il codice di errore 400.
Eventuali errori legati al procedimento che comportano il diniego devono essere inviati dagli ET mediante i loro esiti verso il BO, seguiti da una motivazione esplicita allegata.

Qualora vi sia la necessità di ulteriori chiarimenti, la invitiamo a contattarci tramite il canale di messaggistica del ticket.
Le comunichiamo inoltre che, in assenza di ulteriori richieste, il presente ticket sarà chiuso automaticamente dal sistema entro 7 giorni lavorativi.";n.a.
199;408e4c02dec545ffb482d933339ba78d;"""Buongiorno,
si chiedono chiarimenti in merito agli oggetti SendInstanceRequest e InstanceDescritor
BackOffice-To-FrontOffice espone l'endpoint /send_instance in cui viene passato l'oggetto SendInstanceRequest che presenta i seguenti array:
•InstanceIndex: contiene tutti gli allegati degli specifici use-case (usecase indicato dalla proprietà code)
•GeneralIndex: contiene tutti gli allegati validi per l'intera istanza, ovvero non legati al singolo usecase. Ogni elemento deve comunque appartenere ad una tipologia specifica (indicate nelle specifiche)
È corretto? In tal caso:
•Si chiedono delucidazioni sulla proprietà ""ref"" presente negli oggetti della InstanceIndex. È una sorta di identificativo? Che differenza c'è con resource_id?
Per avere una descrizione completa e strutturata dell'istanza, in cui sono presenti tutti gli usecase e, per ognuno, tutti i relativi allegati, è necessario invocare l’api /instance_descriptor messa a disposizione dal catalogo per le varie componenti. L'oggetto ritornato contiene l'array usecase_proceedings che, per ogni use-case, riporta le varie proprietà, tra cui l'array attachments.
E’ corretto? In tal caso:
• Nello usecase_proceedings i file (attachment e instance) abbiamo la proprietà ""ref"" ma NON la proprietà resource_id, che è quella che serve poi per scaricare il file. Quindi, per recuperare il resource_id, è necessario prenderlo dall'oggetto SendInstanceRequest e, tramite la proprietà ref risalire all'allegato, quindi al suo resource_id?
• E' corretto che manchino gli altri allegati, ovvero quelli presenti nella GeneralIndex dell'oggetto SendInstanceRequest?
Nel caso la nostra interpretazione fosse corretta, ma il giro ci sembra un po' contorto, e non si capisce perché non si sia optato per una /instance_descriptor che ritornasse tutti gli oggetti e tutte le relative informazioni. Pensiamo quindi di aver male interpretato le specifiche.
Alla luce dei pochi dettagli presenti nelle specifiche, troppo ad alto livello per reali attività di sviluppo, e dei canali di supporto, non adeguati per un progetto di questa portata, riteniamo che senza avere confronti diretti (one-to-one), in tempi strettissimi è molto difficile portare avanti il progetto.""";"L'instanceIndex contine la lista di documenti associati ad una istanza resa disponibile da una componete, identificati univocamente da un proprio resource_id. Il resource_id è un identificativo univoco nel dominio della componente,  quindi è l'unica chiave che permette il recupero di un documento dell'istanza reso dispoponibile dai componenti SUAP ed ET. La resource_id è strettamente legato al ""ref"" della risporsa presente nel istance-description, ovvero il riferimento in relazione al CUI dell'istanza. Tale attributo ""ref"" presente sull'instance-index deve corrispondere a quelli presenti  nell'InstanceDescriptor:
 - ""activity_model"" (usecase_proceedings.instance.activity_model);
 - ""attachments"" (usecase_proceedings.attachments).
Così facendo, si crea un legame tra un documento e l'istanza a cui è associato tramite il quale viene garantito l'accesso a tale risorsa tramite il servizio ""/instance/{cui_uuid}/document/{resource_id}"".

Il GeneralIndex è stato introdotto durante le fasi di aggiornamento delle Specifiche Tecniche, quando il Gruppo Tecnico ha riscontrato la necessità di colmare un delta informativo, che talvolta non è immediatamente nelle disponibilità del SUAP. Tali dati, correttamente non presenti nell'Instance Descriptor anche per ragioni di privacy, sono stati definiti in questo nuovo indice di allegati trasversali.
Volendo fare un confronto tra il GeneralIndex e l'InstanceIndex, è possibile affermare che il GeneralIndex prescinde dalle fattispecie di procedimento, per tale motivo riporta una lista specifica di tipologie di documento che non vengono invece gestite nell'InstanceIndex.

Nelle OpenAPI sono riportate le descrizioni di tutti i documenti gestiti nel GeneralIndex, tuttavia, si riportano tali descrizioni anche di seguito:
 - ricevuta_xml/: il presente documento è validato con l’XML Schema definito ai sensi dell’allegato al DPR 160/2010
                        precedente alla variazione DECRETO 12 novembre 2021 recuperabile nella sezione regole “Regole tecniche”
                        del portale impresainungiorno
                        (https://www.impresainungiorno.gov.it/documents/155997/157492/SUAP-ricevuta-1.1.4.xsd/58b9d8e8-2b76-4b8b-adee-0cf9c2bbe04a);
 - suap_xml: il presente documento è validato con l’XML Schema definito ai sensi dell’allegato al DPR 160/2010
                        precedente alla variazione DECRETO 12 novembre 2021 recuperabile nella sezione regole “Regole tecniche”
                        del portale impresainungiorno
                        (https://www.impresainungiorno.gov.it/documents/155997/157492/pratica_suap-2.0.0.xsd/74b7ffb2-fe01-41c6-b210-be36139923e4 , 
                        https://www.impresainungiorno.gov.it/documents/155997/157492/Definizione+delle+strutture+dati+elementari+di+impresainungiorno.xsd/43929369-48f0-4b7b-883e-f57dc5cdd41e);
 - suap_rea_start_xml: il presente documento è validato con l’XML Schema definito ai sensi dell’allegato al DPR 160/2010
                        precedente alla variazione DECRETO 12 novembre 2021 recuperabile nella sezione regole “Regole tecniche”
                        del portale impresainungiorno
                        (https://www.impresainungiorno.gov.it/documents/155997/157488/suap-rea-1.1.1.xsd/2094658b-c981-4795-8d18-ffa91fa97069);
 - suap_rea_update_xml: il presente documento è validato con l’XML Schema definito ai sensi dell’allegato al DPR 160/2010
                        precedente alla variazione DECRETO 12 novembre 2021 recuperabile nella sezione regole “Regole tecniche”
                        del portale impresainungiorno
                        (https://www.impresainungiorno.gov.it/documents/155997/157488/suap-rea-1.1.1.xsd/2094658b-c981-4795-8d18-ffa91fa97069);
 - suap_rea_end_xml: il presente documento è validato con l’XML Schema definito ai sensi dell’allegato al DPR 160/2010
                        precedente alla variazione DECRETO 12 novembre 2021 recuperabile nella sezione regole “Regole tecniche”
                        del portale impresainungiorno
                        (https://www.impresainungiorno.gov.it/documents/155997/157488/suap-rea-1.1.1.xsd/2094658b-c981-4795-8d18-ffa91fa97069);
 - comunica_cui_xml: il presente documento è validato con l’XML Schema definito ai sensi dell’allegato al DPR 160/2010
                        precedente alla variazione DECRETO 12 novembre 2021 recuperabile nella sezione regole “Regole tecniche”
                        del portale impresainungiorno
                        (https://www.registroimprese.it/documents/20195/0/specifichecomunicazioneunica.zip).

Qualora vi sia la necessità di ulteriori chiarimenti, la invitiamo a contattarci tramite il canale di messaggistica del ticket.
Le comunichiamo inoltre che, in assenza di ulteriori richieste, il presente ticket sarà chiuso automaticamente dal sistema entro 7 giorni lavorativi.";n.a.
200;6b4e3df080594fbeafa34269e2e640b8;"Nella conferenza unificata del 27 marzo è stato stabilito che entro il 9 maggio le regioni devono adottare le modifiche previste dal decreto Salva Casa per le pratiche dell’edilizia commerciale e civile.
Vedi allegato al link https://www.statoregioni.it/media/2vqjzeie/p-8-cu-atto-rep-35-27mar2025.pdf

Non è chiaro se Agid sta aggiornando gli schemi nazionali.
Questo per noi è fondamentale per poter intervenire sulle modulistiche per conto di Regione.

Nel caso stiate procedendo ad aggiornare gli schemi, vorremmo sapere se saranno adeguati quelli del 2017 presenti su github, o se li state rivedendo in formato Entity Oriented.

Inutile dire che quest'ultima soluzione è di fortissimo impatto e richiederebbe tempi di adeguamento non compatibili con la data di messa a disposizione da parte di Regione XXX del 09 maggio 2025.";"Si precisa che l'aggiornamento delle modulistiche non è un compito in carico ad AgID, pertanto, la invitiamo ad aprire la segnalazione al Dipartimento della funzione pubblica.

Qualora vi sia la necessità di ulteriori chiarimenti, la invitiamo a contattarci tramite il canale di messaggistica del ticket.
Le comunichiamo inoltre che, in assenza di ulteriori richieste, il presente ticket sarà chiuso automaticamente dal sistema entro 7 giorni lavorativi.";"Richiedente
Buon pomeriggio. Potete indicarci la modalità prevista per contattare Funzione Pubblica? C'è un portale per il ticketing o email di supporto?
In ogni caso dopo la risposta potete procedere a chiudere questo ticket.
Grazie

Operatore
La invitiamo a prendere visione del sito di progetto, in particolare la pagina dei contatti: https://www.suapsue.gov.it/contatti/"
201;ab887101554a4005bb79fc86a53a6d44;"Non è chiaro come dovrebbe essere gestita una casistica per la quale lo stesso modulo dovrebbe finire a più enti terzi diversi.

Prendiamo l'esempio della AUA: l'AUA è un procedimento e per questo può avere una sola amministrazione competente associata, l'AUA a catalogo ha però 10 fattispecie primarie diverse che non hanno fattispecie secondarie associate quindi da specifiche tecniche potrà finire a un solo ente.

Vado a dettagliare l'esempio:
Procedimento: Richiedere Autorizzazione Unica Ambientale AUA (DPR 13/3/2013, n. 59)
Fattispecie: SCHEDA C – EMISSIONI IN ATMOSFERA PER GLI STABILIMENTI
Questo documento/scheda dovrebbe arrivare a ARPAM, Provincia e AST (almeno).
Come si gestisce a livello di specifiche?";"Le Specifiche Tecniche non regolamentano l'operatività svolta dagli ET per la gestione dei procedimenti e delle istruttorie, vista la vastità delle casistiche che possono esserci, per tale motivo, la swimlane dei workflow relativa agli Enti è vuota. 
Le Specifiche consentono alle amministrazioni competenti, che hanno l'incarico di effettuare il popolamento dei procedimenti sul Catalogo, di specificare a livello di fattispecie l'Ente che ha il compito di gestire quel determinato procedimento. 
Prendendo l'esempio riportato, se sono presenti 10 fattispecie primarie, dove per ognuna delle quali viene indicato un  ente, ad esempio ARPAM, come amministrazione competente, questo, per ogni fattispecie che lo vede coinvolto, provvederà a:
   - gestire il procedimento avviando le sue istruttorie;
   - coinvolgere gli altri Enti che dovranno esprimere i propri pareri in merito;
   - raccogliere gli esiti degli enti così coinvolti;
   - formalizzare l'esito finale elaborato in qualità di Ente Terzo;
   - inoltrare l'esito al Back-Office.

Qualora vi sia la necessità di ulteriori chiarimenti, la invitiamo a contattarci tramite il canale di messaggistica del ticket.
Le comunichiamo inoltre che, in assenza di ulteriori richieste, il presente ticket sarà chiuso automaticamente dal sistema entro 7 giorni lavorativi.";"Richiedente
Da specifiche tecniche le amministrazioni competenti sono collegate ai procedimenti e NON alle fattispecie quindi NON è possibile ""per ognuna delle quali indicare un ente"".

Operatore
La ""competent-administration"" associata alla fattispecie è indicata negli ""usecase_proceedings"" dell'Instance-Descriptor.

Richiedente
Dal diagramma E/R dell'approved01 ( https://github.com/AgID/specifiche-tecniche-DPR-160-2010/blob/approved01/image/modello-concettuale-catalogo-SSU.png ) l'amministrazione competente è collegata al procedimento.
Il fatto che possa risultare all'interno dell'instanceDescriptor sembra essere legato al fatto che per ogni fattispecie esiste un procedimento.
Partendo da un procedimento unico con due fattispecie primarie queste possono avere amministrazioni competenti diverse?
Gli e-service per richiedere le amministrazioni competenti richiedono il codice del procedimento e non della fattispecie.
Si tratta di una variazione apportata in approved02?

Operatore
Le considerazioni fatte sono corrette e si riporta di seguito un esempio per chiarire la situazione.
Voglio avviare un procedimento ""Comunicazione di subingresso in esercizio di vendita in spacci interni"" il quale ha una fattispecie primaria associata ""Subingresso in esercizio di vendita in spacci interni"". Questa fattispecie primaria può avere collegate due fattispecie secondarie non obbligatorie: ""Variazione della titolarità di attività soggetta alla prevenzione incendi"" e ""Ampliamento dell''esercizio di attività di somministrazione di alimenti e bevande in esercizi posti nelle aree di servizio e/o nelle stazioni"". Insieme alla fattispecie primaria decido di attivare anche una delle due fattispecie secondarie: ""Variazione della titolarità di attività soggetta alla prevenzione incendi"", la quale è collegata al procedimento ""Comunicazione al Comando provinciale dei vigili del fuoco di variazione della titolarità di attività soggetta alla prevenzione incendi"".
All'interno dell'Instance-Descriptor ci saranno le due fattispecie selezionate, quella primaria e quella secondaria. Analizzando i due procedimenti amministrativi ad esse collegate posso identificare le amministrazioni competenti ad esse associate, che sono rispettivamente il Comune e il Comando Nazionale dei Vigili del Fuoco.
In conclusione, partendo da un procedimento SUAP composto da una fattispecie primaria e una secondaria. Entrambe sono fattispecie gestite all'interno dello stesso InstanceDescriptor ma sono riconducibili a procedimenti distrinti, e quindi potenzialmente, con due amministrazioni competenti differenti.

Richiedente
Tenuto conto di quanto detto come si fa a gestire l'AUA che dovrebbe finire ad amministrazioni competenti diverse in base a cosa si è compilato?
All'ultimo tavolo della community SUAP-SUE sono emersi gli ""enti sesti"" da coinvolgere extra sistema (cioè attraverso le PEC). In questo caso una AUA dovrebbe essere inviata agli altri enti con questo sistema?

Operatore
Le Specifiche Tecniche consentono di coinvolgere una ""competent-administration"" per ogni procedimento attivato mediante le fattispecie che compongono il procedimento SUAP, tuttavia, non regolamentano l'operatività che deve essere svolta dall'Ente coinvolto sul procedimento. 

Richiedente
Quindi se devo coinvolgere X enti (che non hanno un procedimento) e indire una conferenza dei servizi (sincrona o asincrona) come faccio? Via PEC?

Operatore
Considerato che la gestione di un procedimento SUAP da parte di un Ente Terzo non viene regolamentata dalle Specifiche Tecniche, l'ente in questione può utilizzare lo strumento che ritiene più idoneo."
202;875b1eae54ce487491ab2e36850c95a9;Gli enti da coinvolgere per una conferenza di servizi sincrona sono quelli presenti nella fattispecie o possono anche essere diversi? Li sceglie l'operatore comunale?;"Come indicato nel branch approved01 delle Specifiche Teniche, in caso di convocazione della CdSS vengono coinvolti tutti gli enti terzi associati alle fattispecie di un procedimento SUAP.

Qualora vi sia la necessità di ulteriori chiarimenti, la invitiamo a contattarci tramite il canale di messaggistica del ticket.
Le comunichiamo inoltre che, in assenza di ulteriori richieste, il presente ticket sarà chiuso automaticamente dal sistema entro 7 giorni lavorativi.";"Richiedente
Nelle specifiche tecniche riporta ""per ogni ente terzo interessato"" e non ""per ogni ente terzo associato alle fattispecie"" all'interno del sequence-diagram-scia.
Ci sono altre parti dove ci sono maggiori dettagli?

Operatore
Per ""interessato"" si intende l'ET coinvolto. Purtroppo non ci sono maggiori dettagli in merito."
203;8adfeb0136a24bf1914a1fb4148c168b;"Nel ticket che ho aperto Lunedì 03 Marzo 2025 alle 16:57
con oggetto ""Ente Terzo - notify dal BO con eventi= integration_request_time_expired / end_by_integration_times_expired""

Avete scritto:
end_by_integration_time_expired: il BO comunica all'ET che sono terminati i tempi a lui concessi per la formalizzazione di un esito. Il BO assume tale silenzio come assenso e procedere a redigere un esito legato al procedimento basandosi sull'esito di tutti gli ET coinvolti.

Questo significa che quando arriva questa notifica dal BO, l'ET non può più inoltrare un esito negativo?";"end_by_integration_time_expired è uno stato che si può verificare nel caso in cui il Presentatore non invia l'integrazione nei tempi. In questo caso, visto che uno o più ET erano in attesa di un'integrazione per completare le loro istruttorie, il BO segnala tale scadenza dei tempi al presentatore e chiude il procedimento SUAP con esito negativo.

Qualora vi sia la necessità di ulteriori chiarimenti, la invitiamo a contattarci tramite il canale di messaggistica del ticket.
Le comunichiamo inoltre che, in assenza di ulteriori richieste, il presente ticket sarà chiuso automaticamente dal sistema entro 7 giorni lavorativi.";n.a.
204;88e2a2a0895b4cb49745c1733fab8786;"Buongiorno, vorremmo un chiarimento in merito alle specifiche.
Nei servizi esposti dal BackOffice verso l'Ente Terzo, ad esempio /send_conclusions, come fa il BackOffice a sapere qual è l'EnteTerzo che sta esprimendo il parere? Nei parametri della chiamata non è previsto un identificativo dell'Ente. Va forse recuperato dal token di sicurezza?";"Si comunica che tale problematica è stata gestita prontamente nell'ultimo periodo e, considerata la criticità, è stata risolta direttamente nel branch approved01. 
La send_conclusions, nell'oggetto SendConclusionRequests, permette all'ET di specificare il proprio riferimento popolando l'attributo ""requester_administration"".

Qualora vi sia la necessità di ulteriori chiarimenti, la invitiamo a contattarci tramite il canale di messaggistica del ticket.
Le comunichiamo inoltre che, in assenza di ulteriori richieste, il presente ticket sarà chiuso automaticamente dal sistema entro 7 giorni lavorativi.";n.a.
205;bb301f5e27ca47f8a9911afb39066572;"""Relativamente ai servizi Ente terzo to Back Office (yaml: https://raw.githubusercontent.com/AgID/specifiche-tecniche-DPR-160-2010/refs/heads/approved02/openAPI/et_to_bo.yaml) il metodo /notify indica come possibile valore dell’evento end_by_submitter_cancel_requested. Dalla documentazione però non è chiaro in quale scenario si verificherà questo evento (nei diagrammi non l’ho trovato).";"Nel branch approved01 sono disponibili gli state-diagram per rappresentare gli stati dell'Instance Descriptor e gli eventi che possono essere invocati dalle componenti. L'evento ""end_by_submitter_cancel_requested è riportarto nel sequence diagram SubmitterCancel-001.

Qualora vi sia la necessità di ulteriori chiarimenti, la invitiamo a contattarci tramite il canale di messaggistica del ticket.
Le comunichiamo inoltre che, in assenza di ulteriori richieste, il presente ticket sarà chiuso automaticamente dal sistema entro 7 giorni lavorativi.";n.a.
206;8109030bfaf34345b80527de126eea53;"""Buongiorno in merito al metodo /instance/{cui_uuid}/document/{resource_id} pubblicato in https://editor.swagger.io/?url=https://raw.githubusercontent.com/AgID/specifiche-tecniche-DPR-160-2010/refs/heads/approved02/openAPI/bo_to_fo.yaml viene richiesto If-Match (in header) che sembra essere \""precondizione contenente l'hash della risorsa\"" e resource_id, id della risorsa. Considerando ad esempio di avere il seguente frammento di instance_descriptor: ... \""instance\"": { \t\t\t\t\""ref\"": \""MCVVTR74S23H703Z-18022025-1805.001.MDA.XML\"", \t\t\t\t\""filename\"": \""MCVVTR74S23H703Z-18022025-1805.001.MDA.XML\"", \t\t\t\t\""hash\"": \""30fcf4b3ca4095bc3ad6cdeaae3139580751b1cedb52e04f71b7dcd4b3ea93fc\"", \t\t\t\t\""alg_hash\"": \""S256\"", \t\t\t\t\""mime_type\"": \""application/xml\"", \t\t\t\t\""activity_model\"": { \t\t\t\t\t\""ref\"": \""MCVVTR74S23H703Z-18022025-1805.001.MDA.PDF.P7M\"", \t\t\t\t\t\""filename\"": \""MCVVTR74S23H703Z-18022025-1805.001.MDA.PDF.P7M\"", \t\t\t\t\t\""hash\"": \""1fe2c0cbecbfcba10329e635f54b12b5dbf531fb88f8138d74aafb7d443e12ec\"", \t\t\t\t\t\""alg_hash\"": \""S256\"", \t\t\t\t\t\""mime_type\"": \""application/pdf\"" \t\t\t\t} \t\t\t} ... la chiamata di cui sopra per ottenere il documento MCVVTR74S23H703Z-18022025-1805.001.MDA.XML dovrebbe essere fatta nel seguente modo: /instance/{cui_uuid}/document/MCVVTR74S23H703Z-18022025-1805.001.MDA.XML If-Match=30fcf4b3ca4095bc3ad6cdeaae3139580751b1cedb52e04f71b7dcd4b3ea93fc corretto? Il back-office dovrebbe quindi controllare che il valore di If-Match coincida con quello previsto. Corretto? L'hash però può essere calcolato con diversi algoritmi (alg_hash in instance_index) e il metodo /instance/{cui_uuid}/document/{resource_id} non ammette il passaggio dell'algoritmo.";"Il parametro If-Match nell'header è funzionale per effettuare un controllo di coerenza della risorsa tramite una verifica dell'hash del documento. La componente BO verificherà per la richiesta GET che l'hash della risorsa corrisponda con quella passata nella richiesta.
L'algoritmo di hash viene specificato nell'istance descriptor nell'attributo ""alg_hash"".

Qualora vi sia la necessità di ulteriori chiarimenti, la invitiamo a contattarci tramite il canale di messaggistica del ticket.
Le comunichiamo inoltre che, in assenza di ulteriori richieste, il presente ticket sarà chiuso automaticamente dal sistema entro 7 giorni lavorativi.";n.a.
207;cefd4b3ca4a14416b659a4af8e9a7b6d;"Ci sono casi in cui l'ente terzo non ha un modulo ad hoc da valutare ma gli viene inoltrato il modulo del procedimento principale.
Faccio due esempi:
- per l'apertura di un negozio di vicinato l'operatore SUAP deve richiedere una verifica all'Ufficio Tecnico in merito alla destinazione d'uso dei locali e conformità urbanistica ma non esiste alcun modulo specifico nella modulistica standard e la valutazione avviene direttamente consultando il modulo del procedimento principale
- per l'installazione di giochi leciti l'operatore SUAP deve inviare il modulo della SCIA anche all'AAMS ma non esiste alcun modulo specifico nella modulistica standard ma viene inviato il modulo del procedimento principale

A questi due esempi, non esaustivi ma solamente esplicativi, si aggiungono tutte le casistiche in cui viene richiesta una verifica e non un parere. In questi casi bisogna ricorrere alla PEC?";"Qualora vi sia la necessità di effettuare verifiche e richieste che non possono essere gestite tramite i moduli dei SUAP, queste dovranno essere gestite extra-sistema, quindi anche tramite PEC.
In ottica di sviluppo futuro, le Specifiche Tecniche hanno previsto la possibilità di effettuare verifiche e controlli mediante le amministrazioni certificanti come indicato nel Capitolo 10. Pertanto col tempo è possibile che tali operazioni potranno essere compiute direttamente tramite lo sportello SUAP.

Qualora vi sia la necessità di ulteriori chiarimenti, la invitiamo a contattarci tramite il canale di messaggistica del ticket.
Le comunichiamo inoltre che, in assenza di ulteriori richieste, il presente ticket sarà chiuso automaticamente dal sistema entro 7 giorni lavorativi.";n.a.
208;f531623cc8784c918fc6ce6f544f5fe2;"Buongiorno,
ritorno su una questione che non abbiamo ancora risolto e che è un elemento cardine di tutto il sistema,  ovvero l'ingaggio delle varie componenti informatiche coinvolte nei processi SUAP partendo da quello che il catalogo ci fornisce, cioè il riferimento telematico.
Abbiamo già posto questo quesito altre volte, ma non abbiamo mai avuto una risposta esaustiva. Di fatto ci è stato detto di utilizzare le API della PDND per risalire alle informazioni. Abbiamo provato ma gli e_service richiesti non vengono mai trovati.
Nel caso specifico, nell'ambiente di test del catalogo, richiedendo i servizi relativi al back-office SUAP ci ritorna i seguenti riferimenti:

{

""e_service_to_fo"": ""faxksiqc-32rq-76am-lw5p-d5pausdyy8x9"",

 ""e_service_to_et"": ""xyzh6ox1-0bz7-nl4u-jsn0-tnp68jsx0ssn"",

 ""e_service_to_ri"": ""3cbmgc22-ougr-9or9-uhyi-y4lk8pgwu42s"",

""start"": ""1960-01-01T00:00:00"",

""end"": ""2099-12-31T00:00:00"",

""state"": ""Active"",

""id"": ""BO_DEFAULT"",

""version"": ""00.00.00"",

""description"": ""Back-Office SUAP di default""

}

Mentre chiedendo i servizi relativi al front-office ci ritorna il seguente oggetto:

{

""e_service_to_bo"": ""6p6ouj82-iff8-s2pz-mbko-25u09djzi462"",

""e_service_to_cu"": ""06bvvcme-y65l-t92k-sm3r-kntnf3d95dmo"",

""start"": ""1960-01-01T00:00:00"",

""end"": ""2099-12-31T00:00:00"",

""state"": ""Active"",

 ""id"": ""FO_DEFAULT"",

""version"": ""00.00.00"",

""description"": ""Front-Office SUAP di Default""

}

Dagli ID ""e_service_to_fo"": ""faxksiqc-32rq-76am-lw5p-d5pausdyy8x9"", ""e_service_to_et"": ""xyzh6ox1-0bz7-nl4u-jsn0-tnp68jsx0ssn"", ""e_service_to_ri"": ""3cbmgc22-ougr-9or9-uhyi-y4lk8pgwu42s"", ""e_service_to_bo"": ""6p6ouj82-iff8-s2pz-mbko-25u09djzi462"", ""e_service_to_cu"": ""06bvvcme-y65l-t92k-sm3r-kntnf3d95dmo"", dobbiamo recuperare tutte le informazioni necessarie per poter chiamare i relativi servizi REST.
Abbiamo fatto diverse prove con le API della PDND ma tali servizi sembrano non esistere.

Ci potete dare indicazioni tecniche in merito?""";"Gli attributi ""e_service_to_XX"" contengono l’UUID, ossia l’identificativo univoco di un e-service in un ambiente di PDND. Segui questi passaggi per utilizzarlo:
Recupero informazioni:
   - Usa l’UUID per chiamare il servizio PDND: https://www.interop.pagopa.it/catalogo/UUID.
   - Accedi a PDND per ottenere maggiori dettagli, come il nome del servizio e il suo erogatore.

Richiesta di fruizione:
   - Effettua una ricerca in ""Fruizione > E-service"".
   - Invia una richiesta di fruizione.

Creazione di finalità e client:
   - Dopo l’approvazione, crea una finalità e un client, ovvero una coppia di chiavi pubblica-privata:
        - Chiave pubblica: caricata su PDND;
        - Chiave privata: conservata privatamente.

Tipologie di client:
   - Client API Interop: utilizza la chiave privata per firmare le richieste a PDND, il quale, verifica la tua identità tramite la chiave pubblica caricata e il clientId indicato nella richiesta.
   - Client E-service: serve per richiedere il voucher dell’e-service. Con questo firmi le richieste agli e-service; l’erogatore e PDND recuperano la chiave pubblica da PDND per autenticare la richiesta.

Invocazione delle chiamate:
   - Richiedi il voucher a PDND per fruire dell’e-service.
   - Invoca la chiamata passando il token JWT come Authorization Bearer.

Nota: Creando un Client API Interop, la piattaforma PDND fornisce un file OpenAPI con le API disponibili. Questo client ti permette di interagire direttamente con PDND.

Qualora vi sia la necessità di maggiori dettagli circa la piattaforma e l'uso della PDND, la invitiamo a contattate il Dipartimento della transizione digitale.
Qualora vi sia la necessità di chiarire eventuali dubbi in merito agli UUID presenti nel Catalogo SSU, la invitiamo a contattare InfoCamere.
Le comunichiamo inoltre che, in assenza di ulteriori richieste, il presente ticket sarà chiuso automaticamente dal sistema entro 7 giorni lavorativi.";n.a.
209;2b50dc7919c242e2847e57b84e625280;"Avremmo quattro domande sull'oggetto instance descriptor - facciamo riferimento alla versione approved01- :
1) come deve essere valorizzato il campo ""version"" (numero versione del descrittore). Qual è il valore da inserire? In che momento cambia eventualmente la versione?
2) campo ""instance_status.state"" (stato dell'istanza) . Al momento di invocare la request_cui, è corretto che state sia STARTED? I successi stati vengono valorizzati dal CatalogoSSU? P.es. ""PRESENTED"" sarà impostato dal CatalogoSSU post ricezione dell'evento di audit ""pratica trasmessa al backoffice"". E' corretto?
3) il campo ""times"" (tempi amministrativi dell'istanza) non deve essere valorizzato dalla componente di Frontoffice ma gestito dal componente di Backoffice/CatalogoSSU. E' corretto?
4) il campo ""administrative_regime"" (regime amministrativo dell'istanza) è un object composto da ""id"" e ""version"". Come deve essere valorizzato il campo ""version"", da quale servizio possiamo recuperare il valore da assegnare? La version a quale processo di versionamento fa riferimento? Non ci è chiaro come un regime amministrativo possa cambiare nel tempo e quindi la necessità di versionarlo.";"Di seguito si riportano le indicazioni in merito ai dubbi posti sugli attributi:
 - version: deve essere popolato dal FO, impostando una valore intero (Integer), peferibilmente 1, in fase di richiesta di associazione del CUI effettuato al Catalogo;
 - state: tale attributo risulta essere un sotto-attributo di ""instance_status"". Il  valore  da associare in questo momento ad un InstanceDescriptor è lo stato ""started"". Tutti gli stati possibili sono indicati all'interno di ""instance-descriptor-schema.yaml"" presente nel repository GitHub (https://github.com/AgID/specifiche-tecniche-DPR-160-2010);
 - times: malgrado non sia stato indicato attualmente come un attributo obbligatorio (required), si suggerisce di popolare tale attributo fin dall'inizio; La sua gestione è demandata interamente al Back-Office in qualità di orchestratore dei procedimenti;
 - administrative_regime: tale attributo richiede un oggetto composto da due attributi obbligatori: id e version. L'id rappresenta l'identificativo univoco del regime amministrativo che può assumere quattro possibili valori (inidicati tramite enum): SCIA, AUTORIZZAZIONE, SILENZIO-ASSENSO, COMUNICAZIONE. La version invece è una stringa che deve rispettare un pattern specifico ([0-9]{2}.[0-9]{2}.[0-9]{2}), ovvero tre coppie di numeri separati da un punto, ad esempio: 00.00.00;

Qualora vi sia la necessità di ulteriori chiarimenti, la invitiamo a contattarci tramite il canale di messaggistica del ticket.
Le comunichiamo inoltre che, in assenza di ulteriori richieste, il presente ticket sarà chiuso automaticamente dal sistema entro 7 giorni lavorativi.";"Richiedente
grazie per il rapido riscontro.
Quindi, per quanto riguarda il punto 1 su ""version"" gestiremo il valore 1 e questo valore sarà sempre mantenuto costante nei vari aggiornamenti di stato di un istance_descriptor.
Per l'ultimo punto su ""administrative_regime"", ci è chiaro che sono due attributi obbligatori. La nostra domanda è come facciamo a sapere come si valorizza l'attributo version per ogni coppia possibile? Impostiamo per tutti i 4 id la version 00.00.00 come valore di default? Come fa il componente FO SUAP a sapere di una version diversa? Un aggiornamento di version per esempio dell'id SCIA a cosa è legato e cosa implica nel flusso generale?
Grazie ancora per il supporto,
cordiali saluti

Operatore
La ""version"" è giusto iniziare dal valore 1, ma il suo valore verrà automaticamente aggiornato dal Catalogo per ogni cambiamento di stato.
Per il reggime amministrativo, la versione di default dovrebbe partire dal valore 00.00.00 e questa può essere aggiornata nel caso in cui vengano apportate degli aggiornamenti sull'entità ""administrative_regime"". Tali aggiornamenti possono essere fatti sui procedimenti mediante le interfacce human-oriented del Catalogo. Le api bulk del Catalogo permettono di recuperare gli oggetti e tutte le relative versioni allo scopo di consentire il loro recupero e utilizzare la versione corretta."
210;8b737e8a904a471bb38637624283c092;"Buongiorno,
vorrei un chiarimento sul Regime Amministrativo.
So che è un argomento che è stato trattato e che, anzi, ha generato una modifica nello schema ER. Riguardando però lo schema, e riguardando le varie FAQ, non riusciamo a capirne la logica.
Quello che non riusciamo a capire è perché il regime amministrativo è associato alla fattispecie e non al procedimento? Per noi sarebbe stato più logico che dato un procedimento questo fosse associato inequivocabilmente ad un preciso regime amministrativo.
Per quello che vediamo nelle specifiche, invece, si potrebbero avere casi in cui uno stesso procedimento potrebbe essere gestito con regimi amministrativi differenti a seconda della fattispecie?
Non riusciamo a trovare un caso reale e sensato.
Potreste darci delucidazioni in merito, magari fornendoci un esempio pratico di un caso di questo tipo?";"
Dal diagramma E/R dell'approved01 ( https://github.com/AgID/specifiche-tecniche-DPR-160-2010/blob/approved01/image/modello-concettuale-catalogo-SSU.png ) l'amministrazione competente è collegata al procedimento.
Le fattispecie, sia quelle primarie che quelle secondarie, se queste sono presenti e obbligatorie, sono collegate ad un rispettivo procedimento. Se ci sono due distinti procedimenti possono esserci anche due distinte amministrazioni competenti. Le fattispecie attivate nel procedimento SUAP sono tracciate all'interno dell'Instance-Descriptor nell'attributo ""usecase-proceedings"".
Di seguito si riporta un esempio per chiarire meglio la situazione:
Voglio avviare un procedimento ""Comunicazione di subingresso in esercizio di vendita in spacci interni"" il quale ha una fattispecie primaria associata ""Subingresso in esercizio di vendita in spacci interni"". Questa fattispecie primaria può avere collegate due fattispecie secondarie non obbligatorie: ""Variazione della titolarità di attività soggetta alla prevenzione incendi"" e ""Ampliamento dell''esercizio di attività di somministrazione di alimenti e bevande in esercizi posti nelle aree di servizio e/o nelle stazioni"". Insieme alla fattispecie primaria decido di attivare anche le due fattispecie secondarie, dove la prima è collegata al procedimento ""Comunicazione al Comando provinciale dei vigili del fuoco di variazione della titolarità di attività soggetta alla prevenzione incendi"" e la seconda al procedimento ""SCIA per ampliamento dell''esercizio di attività di somministrazione di alimenti e bevande in esercizi posti nelle aree di servizio e/o nelle stazioni"".
All'interno dell'Instance-Descriptor ci saranno le tre fattispecie selezionate, quella primaria e le due secondarie. Analizzando i procedimenti amministrativi ad esse collegate si posso identificare le amministrazioni competenti ad esse associate, che sono il Comune (per la primaria e la seconda fattispecie secondaria) e il Comando Nazionale dei Vigili del Fuoco. I regimi amministrativi collegati invece sono:
  - COMUNICAZIONE, per la fattispecie primaria;
  - COMUNICAZIONE, per la prima fattispecie secondaria;
  - SCIA, per la seconda fattispecie secondaria.
In conclusione, partendo dal procedimento amministrativo  ""Comunicazione di subingresso in esercizio di vendita in spacci interni"" l'operatore può attivare una fattispecie primaria e le due fattispecie secondarie ad esso collegate. Riconducendo i regimi amministrativi a livello di fattispecie viene permesso al sistema la corretta gestione dei sottoprocedimenti attivati mediante i regimi che li competono: COMUNICAZIONE e SCIA.

Qualora vi sia la necessità di ulteriori chiarimenti, la invitiamo a contattarci tramite il canale di messaggistica del ticket.
Le comunichiamo inoltre che, in assenza di ulteriori richieste, il presente ticket sarà chiuso automaticamente dal sistema entro 7 giorni lavorativi.";n.a.
211;1775044ca75f4d05a6e3039e366aaefd;"	
la data indicata nell'oggetto cdss_convocation
dentro CdssNotifyMessage nel servizio /notify esposto da ET verso il BO,
è identica al valore di date_cdss nell'oggetto Times
dentro l'InstanceDescriptor tornato dal servizio /instance_descriptor/{cui_uuid} esposto dal Catalogo agli ET?";"Si, la data riportata nel servizio notify riporta la medesima data della ""date_cdss"" presente nel campo Times. Nel servizio notify tale informazione viene riportata al fine di reindirizzarla fino al soggetto presentatore che dovrà provvedere a rispondere entro tale data.

Qualora vi sia la necessità di ulteriori chiarimenti, la invitiamo a contattarci tramite il canale di messaggistica del ticket.
Le comunichiamo inoltre che, in assenza di ulteriori richieste, il presente ticket sarà chiuso automaticamente dal sistema entro 7 giorni lavorativi.";n.a.
212;7f616dcdfa7c4a39a2e37cde6c4d1c36;Nel caso in cui in un procedimento siano presenti più fattispecie, quindi una principale e una o più secondarie, è previsto un modo per discriminare gli allegati di ciascuna fattispecie?;"Gli attachment associati ad una fattispecie possono essere recuperati in diversi modi:
  - consultando l'Instance-Descriptor: è possibile verificare nell'attributo ""usecase-proceedings"" tutte le fattispecie di un procedimento SUAP e per ogni oggetto vengono riportati gli eventuali allegati nell'attributo ""attachemnts"";
   - consultando le API del Catalogo:
           - recupero degli attachment di un procedimento chiamando il seguente path ""/proceeding/{proceeding_id}/{proceeding_version}/attachments"". Il presente servizio riporta gli allegati associati ad uno speciifo procedimento;
           - recupero bulk degli attachment di un procedimento chiamando il seguente path ""/proceedings-attachments/{id_proceeding_list}"". Il presente servizio riporta tutti gli allegati, per ogni singola versione, associati ad una lista di procedimenti.

Qualora vi sia la necessità di ulteriori chiarimenti, la invitiamo a contattarci tramite il canale di messaggistica del ticket.
Le comunichiamo inoltre che, in assenza di ulteriori richieste, il presente ticket sarà chiuso automaticamente dal sistema entro 7 giorni lavorativi.";n.a.
213;fd8b3a9b99524cf3b79090ba5d73558f;Nel caso in cui in un procedimento siano presenti più fattispecie, quindi una principale e una o più secondarie, è previsto un modo per discriminare quale sia la primaria?;"Per recuperare la lista delle fattispecie primarie e secondarie, è possibile recuperare la lista degli identificativi delle fattispecie consultando l'Instance-Descriptor. Presi questi id, è possibile invocare il servizio del Catalogo-meta ""/usecase-proceedings-endoproceedings/{id_usecase_proceeding_list}"", il quale riporterà la fattispecie primaria, le eventuali fattispecie secondarie e la loro relativa obbligatorietà.

Qualora vi sia la necessità di ulteriori chiarimenti, la invitiamo a contattarci tramite il canale di messaggistica del ticket.
Le comunichiamo inoltre che, in assenza di ulteriori richieste, il presente ticket sarà chiuso automaticamente dal sistema entro 7 giorni lavorativi.";n.a.
214;cabfe290851c4a6180aefe1145780774;"vi chiediamo un chiarimento sul sequence diagram ""DomandaAutorizzazione"" (https://github.com/AgID/specifiche-tecniche-DPR-160-2010/blob/approved02/sequence-diagram/DomandaAutorizzazione-001.mermaid) ai passi 72 e 78, e analogamente sul sequence diagram ""SCIA"" ai passi 52 e 58.
Il dubbio è il seguente e collegato al caso in cui un'istanza contenga più di un procedimento di competenza dello stesso Ente Terzo.
A parità di istanza e ente terzo è previsto che l'azione ""send_conclusions"" sia una e una sola o una per procedimento di competenza dell'Ente Terzo? Il dubbio nasce dal ""par"" che contiene l'azione ma non essendoci un commento non ci è chiaro se sia da intendersi lato Backoffice suap ""per ogni Ente Terzo coinvolto"", oppure lato Ente Terzo ""per ogni procedimento di competenza dell'Ente Terzo"".";"Si precisa che il ""par"" nei passi indicati è da intendersi ""per ogni ente terzo interessato"" come indicato nel blocco precedente al passo 44 del sequence diagram SCIA e 64 dell'AUTORIZZAZIONE. 
Le Specifiche Tecniche identificano un'amministrazione competente collegata ad un procedimento, la quale sarà incaricata di formalizzare un esito in merito, eventualmente coinvolgendo anche altre amministrazioni esterne qualora previste dalla norma. La modalità di convolgimento di queste altre amministrazioni non è definito all'interno delle Specifiche.

Qualora vi sia la necessità di ulteriori chiarimenti, la invitiamo a contattarci tramite il canale di messaggistica del ticket.
Le comunichiamo inoltre che, in assenza di ulteriori richieste, il presente ticket sarà chiuso automaticamente dal sistema entro 7 giorni lavorativi.";"Richiedente
Il passo 44 del sequence diagram SCIA e 64 dell'AUTORIZZAZIONE sono azioni del Backoffice SUAP e ci è chiaro che è un'azione che deve essere fatta per ogni Ente Terzo coinvolto.
I passi sono invece azioni dell'Ente Terzo e ci è chiaro che devono essere fatte da ogni ente terzo coinvolto. La nostra domanda è se un Ente Terzo è coinvolto su due procedimenti nella stessa pratica, deve inviare 2 send_conclusions o un'unica send_conclusions?
Se abbiamo capito bene la vostra risposta, ogni Ente Terzo deve inviare una sola send_conclusions.
Grazie

Operatore
E' previsto che un ET risponde per ogni fattispecie su cui è coinvolto. Nelle presente branch approved01 non è previsto il riferimento alla fattispecie per cui è stata inviata la risposta e sono previsti degli adeguamenti in merito. Tuttavia, è possibile indicare la fattispecie di riferimento all'interno del documento delle conclusioni che viene inviato al BO."
215;120dc19adfc34948b21b65332cf321fb;"stiamo da qualche settimana cercando di integrare in un SaaS destinato alle PA verticale sul SUE i procedimenti SUAP (in particolare dalle API del Catalogo SSU Metadata: https://github.com/AgID/specifiche-tecniche-DPR-160-2010/blob/main/openAPI/catalogo-ssu_meta.yaml) ma avremmo bisogno di capire come viene generato il token JWT.
Le domande sono:

-è il comune a ricevere un certificato che poi deve essere usato per generare il token oppure è XXX che può ottenere tale certificato (eventualmente coprendo più comuni)?
-In entrambi i casi, quale è il procedimento per generare il JWT dal certificato?
-Come si ottiene tale certificato?";"Considerata la natura del quesito la invitiamo a creare una segnalazione all'amministrazione coinvolta sulla PDND: Dipartimento per la trasformazione Digitale.

Ad ogni modo, ci teniamo a precisare che è disponibile un manuale operativo sulla PDND consultabile al seguente link: https://docs.pagopa.it/interoperabilita-1/manuale-operativo/client-e-materiale-crittografico";n.a.
216;b3ffc4c2a61a4c9692360d3cb5abb03d;"Per una stessa fattispecie è possibile fare richieste multiple scaglionate nel tempo?
Ovvero:
- CdSS e richiesta integrazione,
- richiesta integrazione e CdSS,
- CdSS e richiesta conformazione,
- richiesta conformazione e CdSS,
- richiesta integrazione e richiesta conformazione,
- richiesta conformazione e richiesta integrazione,
- CdSS, richiesta integrazione, richiesta conformazione [in quest'ordine o qualunque altro]";"Al fine di rispondere in modo adeguato, è necessario distinguere le eventuali richieste che possono essere inviate dagli ET in funzione dei regimi amministrativi.
Nel caso di AUTORIZZAZIONE, una richiesta di convocazione di CdSS può essere inviata in due fasi distinte del flusso di gestione di un procedimento SUAP. Questa può essere indetta a monte o a valle delle istruttorie e si conclude con un esito finale concordato tra gli enti coinvolti. Le amministrazioni esaminano la documentazione presentata e se riscontra la mancanza di documenti essenziali per esprimere un parere, possono inviare una richiesta di integrazione. Il Workflow presente nelle Specifiche Tecniche regolamentano i flussi operativi delle amministrazioni, ovvero le richieste che gli ET possono inviare al Back-Office SUAP, ma non definiscono il flusso di gestione del sottoprocesso ""Conferenza di Servizi Sincrona"".
Nel presente regime amministrativo non è possibile inviare una richiesta di conformazione. Questa richiesta può essere inviata solo con la SCIA.
Nel caso di SCIA, non è possiible inviare richieste di convocazione della CdSS e, attualmente nel branch approved01, è prevista la richiesta di integrazione che può essere fatta prima della conformazione. Questa richiesta risulta essere un esito finale, quindi, il processo si deve chiudere con un riscontro in merito alla eventuale documentazione conformata fornita dal presentatore.

Qualora vi sia la necessità di ulteriori chiarimenti, la invitiamo a contattarci tramite il canale di messaggistica del ticket.
Le comunichiamo inoltre che, in assenza di ulteriori richieste, il presente ticket sarà chiuso automaticamente dal sistema entro 7 giorni lavorativi.";"Richiedente
Quindi nel regime AUTORIZZAZIONE è possibile avere una CdSS seguita da una richiesta integrazione?
E' possibile anche il viceversa?
Invece nel regime SCIA è possibile avere una richiesta di integrazione seguita da richiesta di conformazione. Non il viceversa. Corretto?

Operatore
Per il regime AUTORIZZAZIONE è possibile avere le due richieste, indistintamente con l'ordine che viene fatto.
Per la SCIA invece a seguito della richiesta di conformazione non possono essere effettuate ulteriori richieste. L'Ente, a seguito della risposta di conformazione, può solo inviare il proprio esito finale.

Richiedente
Quindi nel regime AUTORIZZAZIONE è possibile avere una CdSS seguita da una richiesta integrazione?
E' possibile anche il viceversa?
Invece nel regime SCIA è possibile avere una richiesta di integrazione seguita da richiesta di conformazione. Non il viceversa. Corretto?

Operatore
Analizzando il sequence-diagram AUTORIZZAZIONE la richiesta di integrazione può essere fatta da ET prima della richiesta di CdSS. Qualora questa venga indetta dai SUAP prima delle istruttorie degli ET, eventuali richieste di integrazioni dovranno essere gestite durante la CdSS secondo quanto indicato dalla norma. Si precisa che le presenti Specifiche non definiscono le azioni che possono essere svolte durante tale fase. Per questo motivo non è riportato in modo dettagliato nel workflow e nel sequence diagram.
Corretto quanto indicato circa la SCIA, secondo quanto indicato nel branch Approved01."
217;6f1b24b5d618414ea7aba78288069f6b;"	
Ci fate un esempio del flusso di lavoro per procedimenti con amministrazioni competenti diverse dal SUAP (ad esempio “NIA Sanitaria”)?
In questi procedimenti il SUAP può intervenire ed esprimere pareri, richieste e valutazioni oppure si limita a girare i documenti senza alcun controllo?";"Si precisa che tutte le amministrazioni competenti diverse dal SUAP sono tutti gli Enti Terzi. I SUAP, in particolare i Back-Office, hanno il compito di inoltrare le istanze ai vari Enti Terzi coinvolti sul procedimento SUAP, raccogliere i pareri da quest'ultimi e di inoltrare le conclusioni e le eventuali richieste di integrazione al presentatore mediante il Front-Office SUAP. 
Il parere finale e le richieste inoltrate al Front-Office vengono elaborate dal Back-Office in funzione delle indicazioni fornite dagli ET.

Qualora vi sia la necessità di ulteriori chiarimenti, la invitiamo a contattarci tramite il canale di messaggistica del ticket.
Le comunichiamo inoltre che, in assenza di ulteriori richieste, il presente ticket sarà chiuso automaticamente dal sistema entro 7 giorni lavorativi.";n.a.
218;n.a.;"Come si costruisce l'instance descriptor corretto?  Immaginando di lavorare sul procedimento 1283:

I seguenti attributi li valorizza direttamente il FrontOffice

1	municipality	 la sceglie l'utente
2	version	 partiremo da 1
3	times	 valorizziamo  ""start"":""2025-09-04"",

A questo punto dobbiamo assemblare anche le seguenti informazioni:
il regime amministrativo, usecase_procedings, forms, xsd, schematron, competent-administration
 
sono corrette le seguenti chiamate?

4	Regime amministrativo	 GET /proceedings-administrative-regimes/1283
5	usecase_procedings  	 GET /proceeding/1283/00.00.00/usecase-proceedings
6	Foms 	 GET /proceedings-forms/1283
7	Xsd	 GET /forms-xsds/{id_form_list}
 passandogli tuti gli id-forms recuperati dalla chiamata 5
8	Schematron	 GET /forms-schematrons/{id_form_list} 
 passandogli tuti gli id-forms recuperati dalla chiamata 5
9	competent-administration	 GET /proceeding/1283/00.00.00/003001/competent-administration";"Di seguito i passaggi principali per la costruzione dell'instanceDescriptor:
1- recupero degli eventi della vita e della tipologia del procedimento amministrativo a partire dalla municipality invocando il path dell'OpenAPI meta ""/typologies-lifeevents?municipality={comune} ""
2- recupero del procedimento SUAP invocando il path dell'OpenAPI meta "" /proceedings?typology={typology}&lifeevent={lifeevent}&municipality={comune}""
3- recupero della fattispecie invocando il path dell'OpenAPI meta ""/proceeding/{proceeding_id}/{proceeding_version}/usecase-proceedings""
4- recupero di eventuali endoprocedimenti invocando il path dell'OpenAPI meta ""/usecase-proceedings/{usecase_proceedings_id}/{usecase_proceedings_version}/usecase-proceedings""
5- recupero del regime amministrativo (workflow): per ogni endoprocedimento recuperato a partire dalla fattispecie, il sistema deve recuperare l’elenco degli oggetti Times e Regimi Amministrativi associati alle fattispecie. Per determinare il Regime Amministrativo dell’Instance Descriptor, l’operatore di Front-Office dovrà identificare il regime più stringente. Il path da invocare è ""/proceedings-administrative-regimes/{id_proceeding_list}"" dell'OpenAPI meta
6- recupero dei form (moduli) invocando il path dell'OpenAPI meta ""/proceeding/{proceeding_id}/{proceeding_version}/form""
7- se il modulo è strutturato vanno recuperai i relativi validatori xsd e schematron invocando i seguenti path dell'OpenAPI meta ""/form/{form_id}/{form_version}/xsd"" e ""/form/{form_id}/{form_version}/schematron""
8- recupero degli allegati per ogni fattispecie invocando il path dell'openAPI meta ""/proceeding/{proceeding_id}/{proceeding_version}/attachments""
9- se gli allegati sono strutturati vanno recuperati i relativi validatori xsd e schematron invocando i seguenti path dell'OpenAPI meta ""/attachment/{attachment_id}/{attachment_version}/xsd"" e ""/attachment/{attachment_id}/{attachment_version}/schematron""
10- recupero dell'amministrazione competente invocando il path dell'OpenAPI meta ""/proceeding/{proceeding_id}/{proceeding_version}/{municipality}/competent-administration """;n.a.
219;n.a.;il test viene eseguito su un procedimento che indichiamo noi o un procedimento scelto a caso? ;Il test deve essere effettuato sul procedimento indicato nel Welcome kit fornito per effettuare i Black Box Test;n.a.
220;n.a.;"FO_TC_002
FO_TC_012
..
il test verificherà anche il caso in cui il nostro servizio Rest non sia raggiungibile o eventuali casistiche a valle del servizio Rest?
Giusto per capire se dobbiamo anche prevedere ( per il test ) di configurare un server nginx ";I test di tipo 500 e 503 sono stati rimossi nel branch approved01 al fine di semplificare le BBT e non dover gestire eventuali disservizi dei server o forzare errori interni.;n.a.
221;n.a.;"FO_TC_005
FO_TC_007
...
Relativamente ai Token AgID-JWT-Signature e Pdnd (che immaginiamo sia sempre un token jwt ) 
Sono giustamente previsti i test di validazione dei token. Come otteniamo le chiavi pubbliche necessarie?";"Le chiavi devono essere generate dall'amministrazione e di seguito si rimanda al manuale operativo per generare il materiale crittografico per PDND, consultabile al seguente link: https://docs.pagopa.it/interoperabilita-1/manuale-operativo/client-e-materiale-crittografico.

In ogni caso, per i test BBT verranno forniti dei Token da utilizzare all'interno del Welcome Kit.";n.a.
222;n.a.;"FO_TC_008 
FO_TC_020
...
quando un CUI è valido? 
Noi ci apprestiamo a validare le seguenti condizioni:

1- il context è una stringa e non deve contenere cifre numeriche?
2- la data non può essere precedente alla richiesta del cui
3- la data non può essere domani
4- il progressivo deve essere >0
5- il cui_uuid NOT_NULL
6- La struttura del CUI deve contenere tutti e quattro i field not null";"I test indicati sono stati rimossi perchè le BBT non verificano più i codice di errore di tipo HTTP 500. 

Il CUI è valido se rispetta quanto dichiarato nel json-schema consultabile al seguente link di GitHub: https://github.com/AgID/specifiche-tecniche-DPR-160-2010/blob/approved01/json-schema/cui-schema.yaml
E' corretto inserire i controlli a livello applicativo (ad es. la data non può essere una data futura...) come precisato nella segnalazione.";n.a.
223;n.a.;"FO_TC_046
FO_TC_058
FO_TC_046
FO_TC_110
FO_TC_111
I test case verificano che le richieste di correzione/integrazione siano valide.
Noi supponiamo le richieste debbano fare riferimento un CUI esistente e ancora in lavorazione cioè in uno stato ancora modificabile per esempio ""Presented"" che debba contenere almeno un elemento da correggere/integrare";"I test indicati sono stati rimossi perchè le BBT non verificano più i codice di errore di tipo HTTP 500. 
 
Confermiamo ad ogni modo che è corretto verificare che l'instanceDescriptor si trovi in uno stato coerente con il tipo di operation testata. Il Welcome Kit è stato definito tenendo in considerazione delle precondizioni e degli oggetti negli stati corretti al fine di verificare con esattezza la buona riuscita del test.";n.a.
224;n.a.;"FO_TC_033
FO_TC_035
si riferisce alla corretta corrispondenza tra il tipo del documento richiesto xml, pdf ecc ed  il mime-type ? ";"I test case FO_TC_033 e FO_TC_035 fanno riferimento alla corretta corrispondenza tra l'hash del documento richiesto e il valore inserito all'interno dell'if-match.

Nel caso di FO_TC_033 deve essere inserito un valore di if-match differente dall'hash del documento richiesto, al fine di verificare che la risposta attesa sia una Response HTTP 428.

Per comprendere meglio le tabelle BBT è consigliabile controllare anche le tabelle delle tipologie di errore presente al capitolo 8.6 delle Specifiche Tecniche";n.a.
225;n.a.;Come identificare le divisioni locali di un’amministrazione che ha solo un IPA code unico a livello nazionale/regionale?;"Per identificare identificare un'amministrazione sono previsti due attributi: ipacode e officecode.
ipacode: registra il Codice IPA (Codice_IPA), associato alle PA direttamente nell'Indice IPA;
officecode: registra il codice dell'ufficio della PA coinvolto nei procedimenti SUA, ovvero il codice UO (Codice_uni_uo) registrato dalle stesse nell'Indice IPA;";n.a.
226;n.a.;All’interno del flusso domanda/autorizzazione: send instance comporta il reinvio di tutta la pratica in caso di integrazione o solo la quota parte rappresentata dalle integrazioni?;La gestione delle integrazioni documentali è garantita mediante la send_instance. Questa permette di definire due liste di documenti, InstanceIndex, documenti associati all'istanza SUAP, e il GeneralIndex, documenti trasversali non associati all'istanza. Durante la fase di integrazione, la componente manda le nuove liste con i documenti integrati, tenendo traccia anche di quelli presentati fin dall'inizio.;n.a.
227;n.a.;"se cuiid esiste → integrazione → recupero documenti con get resource
se cuiid non esiste → nuova pratica → aspettare notify prima di get resource";Si precisa che durante la fase di creazione dell'IstanceDescriptor, il CUI non è disponibile perché deve essere staccato dal Catalogo mediante la request_cui. Il FO raccoglie quindi tutti i metadati compilati del presentatore sul Front-End del FO, popola l'InstanceDescriptor privo di CUI e lo manda al Catalogo mediante la request_cui. Il Catalogo crea il CUI e lo associa all'InstanceDescriptor che viene salvato sul Catalogo e inoltrato al FO chiamante.;n.a.
228;n.a.;Gestione dei comuni come enti terzi, nel modello di CROSS tutti i comuni sono considerati ET, la ricezione della pratica avviene attraverso uno sportello unico. es.: somministrazione alimenti va ad ASL, se c’è ufficio commercio del comune è identificato come ET o come lo stesso comune da cui è partita la pratica?;"Nel nuovo sistema SSU le componenti informatiche Enti terzi assicurano la gestione delle istruttorie per dare seguito alle istanze dei procedimenti avviate dallo sportello SUAP. Tuttavia, le Specifiche Tecniche non normano l'operatività in carico ai singoli Enti Tezi, quindi, la lavorazione delle istruttorie ed eventuali coinvolgimenti di altri ET è demandata interamente alle singole ""amministrazioni competenti"" coinvolte sui procedimenti SUAP.

Gli uffici tecnici comunali, come ad esempio l'ufficio commercio del comune, sono considerati come ET.";n.a.
229;n.a.;"A seguito di request_cdss sistema BO può ricevere la richiesta e notificare a tutte le amministrazioni interessate il fatto che sia stata convocata la cdss perché congela i tempi, si intende automatizzato? O può essere gestito con un trigger utente.
";"La gestione dei tempi della cdss è specificata all'interno del sequence diagram ""DomandaAutorizzazione-001"" dove i metodi request_update_times sono previsti in due momenti:
- primo aggiornamento dei tempi prevedendo l'incremento pari al numero dei giorni previsti per la cdss
- secondo aggiornamento dei tempi prevedendo la rimozione dei giorni non utilizzati al fine di tenere traccia solamente del tempo impiegato per la gestione della cdss.";n.a.
230;n.a.;Richiesta cdss nei tempi cosa significa? Da dove arrivano “i tempi” e da chi? Quali sono i termini se cdss è richiesta da un ET? Sempre gli stessi?;"La richiesta di cdss può essere presente solamente all'interno del workflow di domanda autorizzazione.
Richiesta cdss nei tempi significa che la conferenza di servizi sincrona deve essere richiesta prima della data indicata all'interno dell'attributo ""max_gg_cdss_req"" presente all'interno dell'oggetto times dell'instanceDescriptor, i tempi sono determinati dalla norma";n.a.
231;n.a.;"Stesso discorso fatto per cdss può valere per scadenze richieste integrazioni da ET.
Request integration può farla manualmente l’operatore SUAP man mano che riceve le richieste? O bisogna aspettare il decorso del termine e fare partire le richieste integrazioni al presentatore tutte insieme?";Il BO raccoglie tutte le richieste di integrazione e, una volta scaduto il termine previsto o dopo che tutti gli ET hanno inviato la propria richiesta, le aggrega e le inoltra al FO tramite l’operazione request_integration.;n.a.
232;n.a.;request_integration: quando si conclude il tempo di richiesta integrazione, gli enti ai quali bisogna inviare la notifica del raggiungimento della deadline sono solo quelli che hanno inviato precedentemente la richiesta oppure tutti quelli relativi alla pratica?;Al termine del tempo di integrazione, il BO deve notificare a TUTTI gli ET competenti che il tempo previsto per l’integrazione è scaduto.;n.a.
233;d9159e576cff493c931eb8ef53da374b;"Vi poniamo il seguente quesito tecnico in riferimento alla versione approved_01, nel caso in cui il Frontoffice SUAP riceve una request_integration e debba recuperare dal Backoffice SUAP le risorse file specificate nel ""integration_document_list"".
Nell'oggetto ""integration_document_list"" è riportato solo il resource_id da utilizzare nel servizio GET /istance/{cui_uuid}/document/{resource_id} esposto dal backoffice . Ma da dove si può recuperare il nome del file e il mime type del file in modo che il Frontoffice SUAP lo renda disponibile all'utente?
Nella documentazione del servizio GET è riportato la descrizione ""risorsa richiesta, codificata in base64, il mime type relativo è specificato nel descrittore dell'istanza"" ma sembra far riferimento alla fase iniziale del processo in cui effettivamente si può utilizzare l'istance_descriptor.";"Il servizio GET /instance/{cui_uuid}/document/{resource_id} richiede come parametri solamente il cui della pratica, il resource_id del file e il relativo hash che deve essere fornito per il parametro If-Match. Il documento così recuperato dal Fron-Office può essere reso disponibile all'utente per presentare le richieste di integrazione formalizzate dai SUAP. 
Attualmente in approved01 non sono disponibili gli attributi associati al nome del file e il relativo formato.

Qualora vi sia la necessità di ulteriori chiarimenti, la invitiamo a contattarci tramite il canale di messaggistica del ticket.
Le comunichiamo inoltre che, in assenza di ulteriori richieste, il presente ticket sarà chiuso automaticamente dal sistema entro 7 giorni lavorativi.";n.a.
234;716843e0f0fb4b049c523f221fcdb356;Se il Sistema degli Sportelli Unici non dovesse funzionare per problemi tecnici e/o altre situazioni, come dovrebbe essere gestita l'istanza del cittadino in fase di presentazione?;"Le Specifiche Tecniche regolamentano la gestione di eventuali problemi tecnici nel Paragrafo 8.5 Livelli di servizio Front-office SUAP, Back-office SUAP e Enti terzi.
Nel presente paragrafo vengono elencati i livelli di servizio target che devono essere garantiti dalle componenti e le eventuali politiche di ritrasmissione nonchè la gestione dei disservizi da attuare negli scambi tra due componenti appartenenti all'ecosistema SSU.

Qualora vi sia la necessità di ulteriori chiarimenti, la invitiamo a contattarci tramite il canale di messaggistica del ticket.
Le comunichiamo inoltre che, in assenza di ulteriori richieste, il presente ticket sarà chiuso automaticamente dal sistema entro 7 giorni lavorativi.";"Richiedente
Nel paragrafo 8.5 il discorso è generico fra Mittente e Destinataria, mi confermate che questo vale anche fra componenti FO/BO e catalogo SSU e che, soprattutto, in caso di mancata emissione del CUI l'istanza deve essere mandata avanti fra FO e BO attraverso ""un workaround per garantire l’operatività del servizio nelle more della risoluzione del disservizio""?

Operatore
Il workaround deve essere effettuato dalla componente ricevente che sta creando il disservizio nella comunicazione. Pertanto, in caso di mancato stacco del CUI a fronte di una richiesta del FO (servizio: request_cui), la componente Catalogo SSU dovrà applicare un workaround secondo quanto indicato al punto C del paragrafo 8.5.5: ""Qualora l’anomalia segnalata determini un disservizio bloccate, la componente Destinataria DEVE individuare e fornire alla componente Mittente un workaround per garantire l’operatività del servizio nelle more della risoluzione del disservizio, ed il periodo stimato di ripristino del servizio"".

"
235;n.a.;"PROBLEMA: Assenza delle funzionalità di delega PDND sia in ambiente di TEST che PROD
DESCRIZIONE: Gli enti “aggregatori” o “capofila” come le Regioni non posseggono direttamente gli attributi per la fruizione od erogazione di e-service su PDND relativamente ai temi SUAP-SUE e pertanto necessitano delle funzionalità sopra citate, anche soltanto per lo svolgimento del Black Box Test
CONSEGUENZA: BLOCCANTE - Impossibilità a svolgere BBT
";Non di pertinenza AgID. Necessario intervento di PagoPA in qualità di gestore della PDND.;n.a.
236;n.a.;"PROBLEMA: Unico meccanismo di delega previsto “CON rappresentanza”
DESCRIZIONE: questa tipologia di delega, per altro granulare, richiede un purpose-id diverso per ogni e-service (fruito/erogato) ed ente delegato; se aggiungiamo a questo la necessità di scoprire l’audience, una normale richiesta di fruizione potrebbe prevedere almeno 3-4 interazioni con PDND ed e-service (con voucher diversi) prima della effettiva fruizione di servizio
CONSEGUENZA: complessità nella gestione delle chiamate e dei voucher per gli enti delegati
enorme complessità organizzativa in fase di dispiegamento

Esempio di procedimento amministrativo di abilitazione alla interoperabilità
•	Recupero informazioni:
-	Usa l’UUID per chiamare il servizio PDND: https://www.interop.pagopa.it/catalogo/UUID.
-	Accedi a PDND per ottenere maggiori dettagli, come il nome del servizio e il suo erogatore.
•	Richiesta di fruizione:
-	Effettua una ricerca in ""Fruizione > E-service"".
-	Invia una richiesta di fruizione.
•	Creazione di finalità e client:
-	Dopo l’approvazione, crea una finalità e un client, ovvero una coppia di chiavi pubblica-privata:
-	Chiave pubblica: caricata su PDND;
-	Chiave privata: conservata privatamente.
•	Tipologie di client:
-	Client API Interop: utilizza la chiave privata per firmare le richieste a PDND, il quale, verifica la tua identità tramite la chiave pubblica caricata e il clientId indicato nella richiesta.
-	Client E-service: serve per richiedere il voucher dell’e-service. Con questo firmi le richieste agli e-service; l’erogatore e PDND recuperano la chiave pubblica da PDND per autenticare la richiesta.
•	Invocazione delle chiamate:
-	Richiedi il voucher a PDND per fruire dell’e-service.
-	Invoca la chiamata passando il token JWT come Authorization Bearer.
Nota: Creando un Client API Interop, la piattaforma PDND fornisce un file OpenAPI con le API disponibili. Questo client ti permette di interagire direttamente con PDND.

Tenuto conto che il FO fruisce/espone 6 e-services ed il BO 8, avendo Regione 170 SUAP dovrà gestire dinamicamente 2550 purpose-id (e caching/renew dei relativi voucher).
Se la delega fosse priva di rappresentanza, saremmo fermi a 15.";Non di pertinenza AgID. Necessario intervento di PagoPA in qualità di gestore della PDND.;n.a.
237;n.a.;"PROBLEMA: Indisponibilità degli e-service “Comunicazione Unica per il Frontoffice” e “Registro Imprese per il Backoffice” sia in ambiente di TEST che PROD
DESCRIZIONE: Gli e-service indispensabili alla interoperabilità quali “Comunicazione Unica per il Frontoffice” e “Registro Imprese per il Backoffice” ancorché abilitati risultano in stato di SOSPESI e pertanto non sono disponibili alla fruizione pur essendo il versionamento in costante crescita (es. ComUnica ha raggiunto la V6)
CONSEGUENZA: BLOCCANTE - Impossibilità allo sviluppo della integrazione applicativa";Non di pertinenza AgID. Necessario intervento di InfoCamere in qualità di gestore del Catalogo.;n.a.
238;n.a.;"DESCRIZIONE: Ogni soggetto aggregatore è chiamato, ai fini della interoperabilità, alla pubblicazione di e-service, le cui reference implementation sono pubblicate in ambiente di TEST PDND ad uso esclusivo di Infocamere
CONSEGUENZA: Aumento onere di sviluppo";Non di pertinenza AgID. Necessario intervento di InfoCamere in qualità di gestore del Catalogo.;n.a.
239;n.a.;"PROBLEMA: Indisponibilità e-service BBT in ambiente di TEST 
DESCRIZIONE: lo svolgimento delle verifiche di corretta implementazione degli e-service di interoperabilità richiede l’utilizzo di un e-service che pur risultando disponibile in TEST, la fruizione è stata rifiutata rimandando direttamente all’ambiente di produzione senza ulteriori dettagli.
CONSEGUENZA: Aumento onere di sviluppo";Non di pertinenza AgID. Necessario intervento di InfoCamere in qualità di gestore del Catalogo.;n.a.
240;n.a.;"PROBLEMA: la risorsa /typologies-lifeevents eroga una tupla di “eventi della vita” per tipologia e municipalità ma non permette di ottenere una lista generica completa, perché?
Siamo consci del fatto che siano presenti anche API di tipo “bulk”, ma queste restituiscono dati in maniera molto ridondata che richiedono successiva significativa elaborazione (non sarebbe meglio fare un SELECT DSTINCT prima?).";"La chiamata all'OpenAPI meta ""/typologies-lifeevents"" consente di recuperare gli eventi della vita e le tipologie dei procedimenti amministrativi, utilizzando come filtro obbligatorio l’attributo lifeevent. È inoltre possibile applicare filtri aggiuntivi su municipality e typology.
Per restituire una lista generica completa, si può valutare l’opportunità di rendere facoltativo il parametro di filtro lifeevent, lasciando liberi tutti e tre i filtri (lifeevent, municipality, typology), per offrire maggiore flessibilità nella ricerca.
Ricordiamo che qualsiasi modifica alle Specifiche Tecniche deve essere gestita tramite apertura di una issue su GitHub da parte di un rappresentante del Gruppo Tecnico. Per le Regioni, i rappresentanti sono Toscana e Lombardia.";n.a.
241;n.a.;PROBLEMA: nella definizione dell’Ente restituita dalla risorsa /proceeding/:proceeding_id/:proceeding_version/:municipality/competent-administration manca la “Classe” come da specifiche AGID;"L'attributo ""Classe"" (Comune, Regione, ASL, Vigili del fuoco ..) è presente nel modello-concettuale-catalogo-ssu che identifica tutte le entità gestite nel Catalogo. Il Catalogo ha definito tale attributo al fine di semplificare l'alimentazione dello stesso ma non è previsto nell'entità AdministrationSchema. Tale oggetto riporta l'attributo ""description"" che potrebbe fornire tale informazione legata alla classe.";n.a.
242;n.a.;"DOMANDA: i file allegati ad un procedimento sono persistiti solo dai singoli sistemi e mai dal catalogo?
Non esiste davvero alcun posto nel quale tali file siano persistiti fuori dai sistemi proprietari?";"Il Catalogo SSU gestisce solamente i metadati legati ai procedimenti e alle componenti SUAP ed ET. I moduli digitali e gli allegati sono gestiti nelle singole componenti, che hanno il compito di recuperarle a seguito della ricezione della send_instance.

Eventuali modifiche apportate ai procedimenti vengono gestiti mediante richieste di correzione/integrazione/conformazione inviate dai componenti SUAP e dagli ET. Tali eventi vengono notificati al Catalogo SSU che provvederà ad aggiornare lo stato dell'InstanceDescriptor, ma non tiene traccia dei nuovi documenti aggiornati. Le componenti coinvolte nelle fasi di correzione/integrazione/conformazione dovranno recuperare le risorse soggette a tale modifica.";n.a.
243;n.a.;DOMANDA: Come avviene la propagazione di una modifica al catalogo, sia questa l’aggiunta e/o modifica di un procedimento/modulo? Esiste una comunicazione extra piattaforma o in alternativa come ce ne accorgiamo (salvo scansionare giornalmente il catalogo in cerca di differenze)?;Ogni attività di inserimento o modifica viene condivisa attraverso un report settimanale;n.a.
244;n.a.;DOMANDA: In caso di aggiornamento di un’entità, cambierebbe anche la versione delle entità collegate? Ad esempio, in caso di modifica ad un form, dobbiamo cambiare anche la versione del procedimento che utilizza quel form? Oppure se cambia la versione di uno schema, cambia anche quella del form? etc..;Gestione del versionamento delle entità nel Catalogo e non di pertinenza AgID. Necessario intervento di InfoCamere in qualità di gestore del Catalogo.;n.a.
245;n.a.;"DOMANDA: Quale risorsa permette di recuperare tutte le tipologie di un procedimento?
(es. quali sono tutte le tipologie di STRUTTURE-RICETTIVE-EXTRA-ALBERGHIERE?)
Siamo consci del fatto che siano presenti anche API di tipo “bulk”, ma queste restituiscono dati in maniera molto ridondata che richiedono successiva significativa elaborazione (non sarebbe meglio fare un SELECT DSTINCT prima?).";"La chiamata all'OpenAPI meta ""/typologies-lifeevents"" consente di recuperare gli eventi della vita e le tipologie dei procedimenti amministrativi, utilizzando come filtro obbligatorio l’attributo lifeevent. È inoltre possibile applicare filtri aggiuntivi su municipality e typology.
Non è disponibile un servizio che restituisca i valori ammissibili per ciascun attributo in modo indipendente, poiché per ottenere un procedimento specifico è necessaria la combinazione dei tre gli attributi tramite il path ""/proceedings"".
Si può valutare l’opportunità di rendere facoltativo il parametro di filtro lifeevent, lasciando liberi tutti e tre i filtri (lifeevent, municipality, typology), per offrire maggiore flessibilità nella ricerca.
Ricordiamo che qualsiasi modifica alle Specifiche Tecniche deve essere gestita tramite apertura di una issue su GitHub da parte di un rappresentante del Gruppo Tecnico. Per le Regioni, i rappresentanti sono Toscana e Lombardia.";n.a.
246;n.a.;DOMANDA: È possibile avere l'identificativo di un FORM che abbia uno schematron definito a catalogo?;Non di pertinenza AgID. Necessario intervento di InfoCamere in qualità di gestore del Catalogo.;n.a.
247;n.a.;DOMANDA: In assenza della pubblicazione dei servizi “reference implementation” da parte di infocamere, è possibile almeno avere una traccia esemplificativa della comunicazione completa, o almeno di un InstanceDescriptor e di una send_instance?;"L'Instance-Descriptor sarà disponibile nel Welcome Kit delle Black-Box.

Di seguito i passaggi principali per la costruzione dell'instanceDescriptor:
1- recupero degli eventi della vita e della tipologia del procedimento amministrativo a partire dalla municipality invocando il path dell'OpenAPI meta ""/typologies-lifeevents?municipality={comune} ""
2- recupero del procedimento SUAP invocando il path dell'OpenAPI meta "" /proceedings?typology={typology}&lifeevent={lifeevent}&municipality={comune}""
3- recupero della fattispecie invocando il path dell'OpenAPI meta ""/proceeding/{proceeding_id}/{proceeding_version}/usecase-proceedings""
4- recupero di eventuali endoprocedimenti invocando il path dell'OpenAPI meta ""/usecase-proceedings/{usecase_proceedings_id}/{usecase_proceedings_version}/usecase-proceedings""
5- recupero del regime amministrativo (workflow): per ogni endoprocedimento recuperato a partire dalla fattispecie, il sistema deve recuperare l’elenco degli oggetti Times e Regimi Amministrativi associati alle fattispecie. Per determinare il Regime Amministrativo dell’Instance Descriptor, l’operatore di Front-Office dovrà identificare il regime più stringente. Il path da invocare è ""/proceedings-administrative-regimes/{id_proceeding_list}"" dell'OpenAPI meta
6- recupero dei form (moduli) invocando il path dell'OpenAPI meta ""/proceeding/{proceeding_id}/{proceeding_version}/form""
7- se il modulo è strutturato vanno recuperai i relativi validatori xsd e schematron invocando i seguenti path dell'OpenAPI meta ""/form/{form_id}/{form_version}/xsd"" e ""/form/{form_id}/{form_version}/schematron""
8- recupero degli allegati per ogni fattispecie invocando il path dell'openAPI meta ""/proceeding/{proceeding_id}/{proceeding_version}/attachments""
9- se gli allegati sono strutturati vanno recuperati i relativi validatori xsd e schematron invocando i seguenti path dell'OpenAPI meta ""/attachment/{attachment_id}/{attachment_version}/xsd"" e ""/attachment/{attachment_id}/{attachment_version}/schematron""
10- recupero dell'amministrazione competente invocando il path dell'OpenAPI meta ""/proceeding/{proceeding_id}/{proceeding_version}/{municipality}/competent-administration ""

Di seguito un esempio di chiamata al servizio send_instance generato tramite Swagger:
curl -X 'POST' \
  'https://localhost:18512%3Csystem%20host+subdomains%3E.it/send_instance' \
  -H 'accept: */*' \
  -H 'Content-Type: application/json' \
  -d '{
  ""cui"": {
    ""context"": ""string"",
    ""data"": ""2025-05-12"",
    ""progressivo"": ""string"",
    ""uuid"": ""string""
  },
  ""instance_descriptor_version"": ""string"",
  ""instance_index"": [
    {
      ""code"": ""string"",
      ""ref"": ""string"",
      ""resource_id"": ""string"",
      ""hash"": ""string"",
      ""alg_hash"": ""S256""
    }
  ],
  ""general_index"": [
    {
      ""name"": ""RICEVUTA_XML"",
      ""mime_type"": ""application/xml"",
      ""resource_id"": ""string"",
      ""hash"": ""string"",
      ""alg_hash"": ""S256""
    },
    {
      ""name"": ""RICEVUTA_PDF"",
      ""mime_type"": ""application/pdf"",
      ""resource_id"": ""string"",
      ""hash"": ""string"",
      ""alg_hash"": ""S256""
    },
    {
      ""name"": ""SUAP_XML"",
      ""mime_type"": ""application/xml"",
      ""resource_id"": ""string"",
      ""hash"": ""string"",
      ""alg_hash"": ""S256""
    },
    {
      ""name"": ""SUAP_PDF"",
      ""mime_type"": ""application/pdf"",
      ""resource_id"": ""string"",
      ""hash"": ""string"",
      ""alg_hash"": ""S256""
    },
    {
      ""name"": ""SUAP_REA_START_XML"",
      ""mime_type"": ""application/xml"",
      ""resource_id"": ""string"",
      ""hash"": ""string"",
      ""alg_hash"": ""S256""
    },
    {
      ""name"": ""SUAP_REA_UPDATE_XML"",
      ""mime_type"": ""application/xml"",
      ""resource_id"": ""string"",
      ""hash"": ""string"",
      ""alg_hash"": ""S256""
    },
    {
      ""name"": ""SUAP_REA_END_XML"",
      ""mime_type"": ""application/xml"",
      ""resource_id"": ""string"",
      ""hash"": ""string"",
      ""alg_hash"": ""S256""
    },
    {
      ""name"": ""COMUNICA_CUI_XML"",
      ""mime_type"": ""application/xml"",
      ""resource_id"": ""string"",
      ""hash"": ""string"",
      ""alg_hash"": ""S256""
    },
    {
      ""name"": ""COMUNICA_CUI_PDF"",
      ""mime_type"": ""application/pdf"",
      ""resource_id"": ""string"",
      ""hash"": ""string"",
      ""alg_hash"": ""S256""
    }
  ]
}'";n.a.
248;n.a.;"DOMANDA: Su GITHUB è presente una modifica disponibile al seguente link su approved01
“fix issue 111 - aggiunta requester_administration nelle openApi bo_to… · AgID/specifiche-tecniche-DPR-160-2010@c2b25fe · GitHub”

Tale modifica è stata poi annullata con il commit:
“rimozione modifica non necessaria · AgID/specifiche-tecniche-DPR-160-2010@6a0fa86 · GitHub”

Questa modifica dovrebbe rappresentare la soluzione al problema del recupero dei pareri degli ET. 
Nel commento risulta “modifica non necessaria”: perché è ritenuta non necessaria? 
In quale versione sarà presente e quale sarà la modifica necessaria per il corretto funzionamento?";"Il commit indicato è stato integrato nel branch mantaince002 e riporta l'integrazione della requester_administration nei servizi di comunicazione tra gli ET e i BO (retry, request_cdss, send_conclusions). Tali modifiche sono state introdotte in seguito anche nell'approved01 al fine di gestire tale criticità con immediatezza, considerato il basso impatto ma il grande beneficio introdotto. Pertanto la requester_administration è già disponibile in approved01.

Si precisa che il commit ""rimozione modifica non necessaria"" non impatta la comunicazione tra ET e BO ma il messaggio di audit verso il catalogo, il quale già veicola il riferimento dell'ente nel messaggio, quindi non è necessario utilizzare anche un attributo che riporta la medesima informazione.";n.a.
249;n.a.;"PROBLEMA: sono presenti modelli dati non coerenti con la descrizione in file yaml
DESCRIZIONE: a mero titolo di esempio (non esaustivo)
•	Il body della “send_instance” interpreta le proprietà “cui/progressivo”, “instance_descriptor_version”, “instance_index/ref” come interi, quando nello yaml sono definite come stringhe
•	Il body della “send_instance” interpreta le proprietà “cui/progressivo”, “instance_descriptor_version”, “instance_index/ref” come interi, quando nello yaml sono definite come stringhe.
•	…
Per questi motivi la SBBT si aspetta un risultato “200”, ma il servizio sviluppato restituisce “400 incorrect request input”.
CONSEGUENZA: ERRORE BLOCCANTE – non è possibile eseguire correttamente il test";Problematiche legate alla Suite Black Box implementata da Infocamere;n.a.
250;n.a.;"PROBLEMA: [AgID-JWT-Signature] Incongruenza signed_headers
DESCRIZIONE: i JWT prodotti dalla SBBT hanno nei signed_headers il claim “content-type”, mentre nell’header c’è il claim “contentType”. Per essere pignoli, secondo le specifiche RFC 7230 i nomi degli header firmati devono corrispondere esattamente (case-insensitive) a quelli presenti nella richiesta http
CONSEGUENZA: ERRORE BLOCCANTE – non è possibile eseguire correttamente il test";Problematiche legate alla Suite Black Box implementata da Infocamere;n.a.
251;n.a.;"PROBLEMA: [AgID-JWT-Signature] Il digest nell’header non corrisponde con quello calcolato
DESCRIZIONE: calcolando il digest del body della richiesta http, non si ottiene in alcun modo il valore indicato nell’header della richiesta. Il token quindi risulta sempre non valido perché non riesce a far combaciare il digest.
CONSEGUENZA: ERRORE BLOCCANTE – non è possibile eseguire correttamente il test";Problematiche legate alla Suite Black Box implementata da Infocamere;n.a.
252;n.a.;"PROBLEMA: [AgID-JWT-Signature] il valore dell’header “AgID-JWT-Signature” incoerente con le specifiche
DESCRIZIONE: Nella documentazione si fa riferimento al claim dell’header relativo al token di Agid con la stringa “AgID-JWT-Signature”, mentre la SBBT utilizza “agIDJWTSignature” e si aspetta che le risposte abbiano “agidJWTSignature”. 
CONSEGUENZA: ERRORE BLOCCANTE – non è possibile eseguire correttamente il test";Problematiche legate alla Suite Black Box implementata da Infocamere;n.a.
253;n.a.;"PROBLEMA: [AgID-JWT-Signature] Tipo di referenza al certificato sbagliato nel JWT
DESCRIZIONE: citando la documentazione, nel JWT dev’essere presente uno dei seguenti claim per referenziare il certificato X.509:
•	x5u (X.509 URL)
•	x5c (X.509 Certificate Chain)
•	x5t#S256 (X.509 Certificate SHA-256 Thumbprint) 
Purtroppo la SBBT produce un JWT che ha un claim “x5u” con valore “X.509 Certificate Chain” (e quindi c’è un mismatch tra il nome del claim e il tipo di valore atteso). 
CONSEGUENZA: ERRORE BLOCCANTE – non è possibile eseguire correttamente il test";Problematiche legate alla Suite Black Box implementata da Infocamere;n.a.
254;n.a.;DOMANDA: Nel flusso operativo si nota che, a seguito della notify_receipt il BO deve indicare i tempi per il procedimento. Come mai è il BO a definire i tempi? Questi tempi, non sono dettati da normativa e pertanto persistiti dentro il CATALOGO?;"Il BO svolge il ruolo di orchestratore dei procedimenti SUAP. Il campo Times definito all'interno dell'InstanceDescriptor deve essere definito dalla componente BO, la quale, si assicura che i tempi concessi alle varie amministrazioni coinvolte sui procedimenti SUAP rispettino i tempi definiti dalla norma per la gestione degli stessi.
Si precisa che gli attributi del campo Times rappresentano i tempi limiti concessi per gestire le varie lavorazioni sui procedimenti. I tempi amministrativi devono rispettari quelli dettati dalla norma.";n.a.
255;n.a.;"DOMANDA: Quando il BO dialoga con gli ET e viceversa gli URL vengono reperiti dal catalogo ma per fare delle chiamate conformi a PDND i token vanno creati dopo aver autorizzato un client alla fruizione del sistema. La domanda è: il token che usa il BO verso gli ET deve essere creato:  
a.	usando i parametri del client del BO verso il Catalogo  
b.	creando un client tramite il comune sponsor del BO verso il comune sponsor del ET  
c.	ogni comune deve creare un client di fruizione verso il servizio dell’ente sponsor del ET 
d.	ogni comune deve esporre un servizio BO ed ogni ente terzo deve creare un client verso tutti i servizi BO
";Valutazione strategica circa la gestione delle chiavi simmetriche e dei token PDND. E' necessario coinvolgere PagoPA per affrontare tale tematica.;n.a.
256;n.a.;"Sono troppe le criticità di popolamento del catalogo ragione per cui forniremo soltanto un elenco per punti esemplificativo:
•	Organizzazione del dato NON GERARCHICA
o	Navigazione impossibile
o	Mappatura sulle norme regionali impraticabile
•	Riferimenti normativi incoerenti (sempre facenti riferimento alla L241)
•	Numerosi e macroscopici errori sul regime amministrativo attribuito al procedimento
•	UseCase description e Proceeding description identici (quindi non riconoscibili)
•	Mancanza di numerosi procedimenti (e moduli) approvati con norme nazionali

L’attività di correzione è stata ritenuta talmente onerosa da decidere di sospenderla fino al raggiungimento di un livello qualitativo accettabile.";Non di pertinenza AgID. Necessario intervento di InfoCamere in qualità di gestore del Catalogo.;n.a.
257;e6a076448aef4c0b89c304de1a6ed612;"abbiamo notato che il file 02_entities/ent_scia_capacita_ricettiva_v1.0.3.xsd prevede versione ""1.1""
Ad una prima analisi sembrerebbe l'unico file ad usare tale versione.
Dato che la versione 1.1 è molto meno supportata nativamente dai vari linguaggi di programmazione (es. C#), si chiede se è voluto, quindi i contenuti dell'XML sono tali per cui è necessaria la versione 1.1, oppure se è un ""errore"" e quindi può essere modificato a runtime nella versione 1.0 o, meglio, se è prevista la modifica di tale XSD impostando la versione 1.0";"AgID non ha più competenza sugli schemi XSD, pertanto, si rimanda al tavolo della semplificazione in qualità  di soggetto preposto alla formalizzazione della modulistica standardizzata e i relativi schemi XSD.

Qualora vi sia la necessità di ulteriori chiarimenti, la invitiamo a contattarci tramite il canale di messaggistica del ticket.
Le comunichiamo inoltre che, in assenza di ulteriori richieste, il presente ticket sarà chiuso automaticamente dal sistema entro 7 giorni lavorativi.";n.a.
258;6351d4b19efa49debb4bba0ab7a01dfa;"Interrogando la PDND con le API Interoperabilità, non ci risultano essere presenti il PurposeID e il ClientID riportati nel payload del bearer token JWT ritornato dalla Black Box di Test. Non li troviamo né nell'ambiente PDND di produzione né in quello di collaudo.
Ci potete dare delucidazioni in merito? Come dobbiamo procedere?";"Considerata la natura della richiesta, si invita ad aprire la segnalazione a InfoCamere in qualità di gestore della piattaforma per le Black Box.

Qualora vi sia la necessità di ulteriori chiarimenti, la invitiamo a contattarci tramite il canale di messaggistica del ticket.
Le comunichiamo inoltre che, in assenza di ulteriori richieste, il presente ticket sarà chiuso automaticamente dal sistema entro 7 giorni lavorativi.";n.a.
259;6b8f50e323384ef29c7010b4af308b12;"Consultando il paragrafo 8.5.4 delle specifiche tecniche ( https://github.com/AgID/specifiche-tecniche-DPR-160-2010/blob/approved01/specifiche_navigabili/08_e-service%20del%20SSU/08_05/08_05_04.md ) in merito alla politica di ritrasmissione emerge un'anomalia: vengono previste come situazioni anomale il timeout e un numero limitato di codici di errore HTTP (503 o 500 con parametro “code” del body JSON pari a “ERROR_500_007”). Che succede se abbiamo una risposta diversa tipo 500 senza body JSON ""ERROR_500_007"" o altri codici di errore 5XX/4XX?
Non dobbiamo ritrasmettere?
Un'altra domanda: lì parla di effettuare il primo tentativo di ritrasmissione dopo 2 ore. Non è un tempo troppo elevato per il primo tentativo di ritrasmissione?";"Le Specifiche Tecniche sono state redatte coinvolgendo un team di esperti informatici al fine di definire le presenti linee guida legate alle politiche di ritrasmissione e alla gestione degli errori. 
I codici di errore considerati bloccanti nel contesto SUAP sono quelli indicati nel paragrafo 8.5.4, poichè sono errori legati al server ricevente che deve rispondere ad una richiesta inviata dal client mittente.

Qualora vi sia la necessità di ulteriori chiarimenti, la invitiamo a contattarci tramite il canale di messaggistica del ticket.
Le comunichiamo inoltre che, in assenza di ulteriori richieste, il presente ticket sarà chiuso automaticamente dal sistema entro 7 giorni lavorativi.";"Richiedente
Capisco la scelta ma potrei avere altri problemi non legati alla parte software gestita dal server ricevente ma altri problemi software, hardware o, genericamente, al protocollo HTTP"
260;n.a.;Poichè nella nuova architettura logica di interoperabilità viene omessa definitivamente la trasmissione della documentazione via PEC, gli “scambi” che avvengono per tramite del catalogo SSU sono registrati tramite log e gli stessi sono opponibili in giudizio?;"Gli audit del Catalogo hanno un valore legale come indicato nell'articolo 76 del CAD:
""Gli scambi di documenti informatici nell’ambito del SPC, realizzati attraverso la cooperazione applicativa e nel rispetto delle relative procedure e regole tecniche di sicurezza, costituiscono invio documentale valido ad ogni effetto di legge""";n.a.
261;n.a.;Come si inquadra SEND nella nuova architettura di interoperabilità per la notifica degli atti e provvedimenti?;SEND è un servizio gestito e implementato da PagoPA per l'AppIO. Eventuali integrazioni future, gestibili al di fuori delle Specifiche Tecncihe, con tale applicazione possono essere chiarite e affrontate contattando direttamente PagoPA. ;n.a.
262;n.a.;In corrispondenza della send_instance a BO SUAP o a ComUnica, il general_index quali elementi deve contenere obbligatoriamente tra ricevuta.xml, suap.xml e suap_rea_start/update/end.xml e comunica_cui.xml? Se ricevuta.xml è obbligatorio, occorre indicare obbligatoriamente al suo interno il numero di protocollo associato alla pratica SUAP? Comunica_cui.xml da chi viene generato (anche perchè nelle specifiche è indicato uno schema raggiungibile da un url inesistente).;"Il GeneralIndex deve contenere almeno la ricevuta.xml perché tale documento viene rilasciato dal FO SUAP e viene inviato al BO mediante la notify_receipt. 
Nella descrizione dei documenti del GeneralIndex sono presenti i link offerti da ""impresainungiorno"" per recuperare i relativi documenti (ricevuta.xml -> https://www.impresainungiorno.gov.it/documents/155997/157492/SUAP-ricevuta-1.1.4.xsd/58b9d8e8-2b76-4b8b-adee-0cf9c2bbe04a). Nel presente file il protocollo è stato definito nei componenti IntestazioneComunicazione e IntestazioneRicevuta, i quali risultano essere obbligatori perchè manca la definizione ""minOccurs=0"" e di default gli attributi XSD sono definiti con ""minOccurs=1"".
Si invita a recuperare gli altri documenti al fine di verificare la struttura prevista per Comunica_cui, suap_rea_start/update/end che vengono rilasciati dal sistema camerale qualora il presentatore avvia una pratica SUAP mediante la piattaforma ComUnica. ";n.a.
263;n.a.;"Deleghe su PDND:
immaginiamo che la piattaforma SUAP di un fornitore, che è stata pubblicata su PDND da una PA ""sponsor"", possa essere utilizzata da altre PA solo dopo che le stesse abbiano delegato tale PA sponsor alla pubblicazione degli e-service delle componenti SUAP per loro conto. Su PDND la delega  implica il ruolo di responsabile del trattamento dati (viene richiesta una conferma in fase di inserimento della delega) da parte della PA sponsor verso tutti le PA deleganti, con conseguente relativa contrattualizzazione.
E' corretto, oppure il ruolo di responsabile del trattamento dati potrebbe essere assunto (come già attualmente) solo dal fornitore della piattaforma?
Altrimenti la PA sponsor dovrebbe assumersi tutti gli oneri derivati dalla gestione dei contratti, oltre alle relative responsabilità";Per rispondere a tale tematica, è necessaria l'interazione diretta con un referente di PagoPA, gestore della piattaforma PDND. Si invita ad aprire una segnalazione tramite i loro canali di supporto o richiedere al DFP l'organizzazione di un incontro dedicato.;n.a.
264;n.a.;Nel sequence diagram generale, al punto 21, il backoffice suap imposta i tempi del procedimento tramite api /update_times verso il catalogo. L’api richiede l’oggetto “times” che suppongo sia lo stesso dell’istanza con l’aggiunta del parametro start. Il backoffice suap dove recupera l’oggetto “times” relativo all’istanza avviata? Si deve recuperare precedentemente al punto 21 l’instance descriptor dal catalogo?;"Il BO mediante la chiamata ""request_update_times"" (passo 21) aggiorna il campo Times dell'InstanceDescriptor. Mediante tale chiamata imposta gli attributi che determinano i tempi massimi entro i quali i vari soggetti coinvolti sul procedimento possono trasmettere eventuali richieste o gli esiti. 
Al passo 3 il BO riceve tramite send_instance i riferimenti alle istanze presentate e tramite il CUI può recuperare dal Catalogo l'InstanceDescriptor.
In ogni caso, il BackOffice può recuperare l'InstanceDescriptor in qualsiasi momento attraverso il CUI, tramite il servizio esposto in CatalogoSSU_to_BO";n.a.
265;n.a.;Nel sequence diagram generale, via comunica al punto 7, il frontoffice invia l’istanza del procedimento a ComUnica, l’api /send_instance richiede un parametro “instance_code_comunica”, dove si ottiene? ;"Nel workflow-scia-in-comunica è possibile analizzare che a seguito di un avvio sul sistema ComUnica, questa componente avvia delle pratiche in parallelo coinvolgendo vari soggetti: INAIL, Agenzia delle Entrate, Registro delle Imprese e il SUAP. Nella comunicazion tra ComUnica e il SUAP è presente tale messaggio ""Avvio pratica SUAP CF + codice univoco pratica Comunica"". In questa fase, durante il reindirizzamento del presentatore da Comunica al SUAP, il sistema Comunica segnala tale codice al SUAP. ";n.a.
266;n.a.;Nel documento openapi dell’eservice front-office verso comunica è presente un endpoint /fo-portal-ref, esiste una documentazione sui dati che devono essere erogati?;"l'URL restituita dal path /fo-porta-ref è esclusivamente presente in fo_to_cu, per restituire l'URL del front-office SUAP su cui effettuare il reindirizzamento su quest'ultimo partendo da ComUnica.
I dati restituiti dal servizio erogati in risposta sono l'URL del front-office SUAP (es: foportal.it/xyz) e il token di sicurezza per identificazione del ComUnica da concatenare all'URL come path parameter (es: https://foportal.it/xyz/<secretToken>).";n.a.
267;n.a.;Il parametro array usecase_proceedings dell’instance descriptor, deve contenere tutte le fattispecie e gli endo procedimenti attivati primari e secondari? ;Si, corretto. Usecase_proceedings contiene la lista delle fattispecie attivate per il procedimento SUAP. Le fattispecie primarie e secondarie sono esse stesse fattispecie (usecase_proceeding) e la dipendenza tra loro è definita dall'entità endoproceeding gestito e recuperabile dal Catalogo.;n.a.
268;n.a.;"Quesito su Asseverazione
Nel caso di più Comuni che utilizzano la nostra componente, dobbiamo ripetere l’asseverazione per ogni comune o vale quella fatta tramite la PA Sponsor?";L'asseverazione tecnica di una componente informatica avviene una volta. Qualora una componente viene accreditata da una PA(A), un'altra PA(B) può utilizzare la soluzione di A in qualità di PA Sponsor. Si precisa però che la PA(B) dovrà provvedere ad accreditarsi a Catalogo, indicando come componente quella offerta dalla PA Sponsor, e dovrà accreditarsi sulla PDND per l'erogazione e la fruizione dei servizi.;n.a.
269;n.a.;"Firme CADES per MDA  
- Ci confermate che la firma CADES dell’MDA non è attualmente prevista dal sistema?  
- Ci confermate che le azioni per integrarla richiedono l’approvazione della proposta dal Gruppo  Tecnico, il quale si occupa di aggiornare le Specifiche Tecniche, e che questa avverrà con la  versione approved02 delle Specifiche Tecniche?  ";"Si conferma che attualmente non è previsto come mime-type ""application/pkcs7-mime"" che consente la firma CADES. Si precisa che tale modifica è in lavorazione nei branch di aggiornamento per l'approved02.";n.a.
270;n.a.;"Pareri positivi  
- Ci confermate che la prassi applicata da alcuni uffici che prevede la possibilità di esprimere un  parere positivo per permettere una chiusura delle istanze più snella non sarà permessa  malgrado il parere positivo non sia richiesto dalla normativa ma nemmeno vietato dalla stessa?  
- Ci confermate anche che questa funzionalità non è ancora stata presa in considerazione dal  Gruppo Tecnico?  ";"Le presenti Specifiche Tecniche sono state elaborate mediante il coinvolgimento di esperti amministrativi al fine di definire i flussi operativi in carico alle PA. Il flusso SCIA non prevedere l'inoltro degli esiti positivi e tale definizione è stata condotta mediante l'analisi normativa della legge 241/90.
Non sono attualmente previsti aggiornamenti in merito.";n.a.
271;n.a.;"Integrazione documenti non presentati  
- Ci confermate che le specifiche tecniche non prevedono una funzione per richiedere  l’integrazione di documenti non presentati inizialmente, ma solo per integrare o conformare  documenti già trasmessi?  
- Ci confermate anche che queste funzionalità non sono ancora state prese in considerazione  dal Gruppo Tecnico?  ";Si conferma che attualmente non è possibile richiedere l'integrazione di un documento non gestito nel procedimento SUAP già avviato. Tale problematica è stata già sottoposta al Gruppo Tecnico e i suoi membri hanno avviato delle analisi per valutare le azioni correttive da applicare in merito.;n.a.
272;n.a.;"Accordi particolari e specifiche tecniche  
- Soluzioni che prevedono degli accordi informali fra chi sviluppa soluzioni SUAP che sono al di  fuori delle specifiche tecniche ma che sono necessarie per il corretto funzionamento del  sistema sono state fortemente sconsigliate al tavolo della community SUAP-SUE perché non  garantiscono una reale interoperabilità. Ci confermate che questo approccio sia da evitare e che sono sempre necessarie le modifiche  alle specifiche tecniche? ";"Non è chiaro lo scenario su cui si basa la presente affermazione.
In termini generali non è condivisibile l'approccio di attuare soluzioni chi siano ritenute fuori dal perimetro delle Specifiche Tecniche. Eventuali azioni correttive devono essere attuate tramite modifiche alle Specifiche, condivise e valutate dal Gruppo Tecnico. Ci auspichiamo che il processo di validazione delle soluzioni sia condotta in maniera più celere e in maniera semplificata al fine di consentire una rapida azione di intervento.";n.a.
273;n.a.;"Enti sesti  
- Ci confermate che se dobbiamo coinvolgere X enti che non hanno un procedimento e indire  con loro una conferenza dei servizi (sincrona o asincrona) dobbiamo ricorrere a sistemi extra Catalogo come la PEC?  
- Ci confermate che le richieste di pareri, richieste e valutazioni a enti esterni ma che non hanno  un modulo e un procedimento debbano essere effettuate con sistemi extra Catalogo come la  PEC?  ";"L'analisi condotta per la definizione delle Specifiche Tecniche è stata condotta mediante il coinvolgimento di un gruppo amministrativo e tecnico.
Gli scambi previsti dalle Specifiche coinvolgono i SUAP e gli Enti Terzi coinvolti sui procedimenti in qualità di amministrazioni competenti.
Eventuali interazioni con altri soggetti non contemplati dalle Specifiche vengono rimandate alle singole amministrazioni, le quali hanno il compito di svolgere le istruttorie e fornire un esito finale al SUAP.
";n.a.
274;n.a.;"Procedimenti con amministrazione competente diversa da SUAP  
Ci fate un esempio del flusso di lavoro per procedimenti con amministrazioni competenti  diverse dal SUAP (ad esempio “NIA Sanitaria”)?  
In questi procedimenti il SUAP può intervenire ed esprimere pareri, richieste e valutazioni?";"Si precisa che tutte le amministrazioni competenti diverse dal SUAP sono tutti gli Enti Terzi. I SUAP, in particolare i Back-Office, hanno il compito di inoltrare le istanze ai vari Enti Terzi coinvolti sul procedimento SUAP, raccogliere i pareri da quest'ultimi e di inoltrare le conclusioni e le eventuali richieste di integrazione al presentatore mediante il Front-Office SUAP. 
Il parere finale e le richieste inoltrate al Front-Office vengono elaborate dal Back-Office in funzione delle indicazioni fornite dagli ET.

I controlli automatici formali vengo svolti dai FO in fase di compilazione delle istanze, quindi eventuali valori errati o eventuali campi vuoti dovranno essere verificati già dallo stesso. Qualora vi siano dei campi che non possono essere verificati (es. un campo non obbligatorio riporta una valore ""vuoto"" ma ritenuto indispensabile per i SUAP), il BO ha il compitto di effettuare ulteriori controlli formali sulle istanze presentate e richiedere delle azioni correttive. 
Qualora le istanze vengano valutate come non ammissibili dal Back-Office (admissibility KO - sequence-diagram General) , questo lo segnalerà al Front-Office che notificherà tale problematica al presentatore mediante un rigetto.

I controlli sostanziali poi vengono effettuati dagli ET, poichè loro hanno competenze specifiche sui procedimenti per cui sono stati coinvolti. Pertanto, un'istanza verrà sottoposta a varie fasi di controllo che vedono coinvolti il FO SUAP, il BO SUAP e gli ET, ognuno per le rispettive competenze.

";n.a.
275;n.a.;"Versione Specifiche Tecniche  
- Ci confermate che ufficialmente la versione delle specifiche tecniche in uso da un punto di  vista normativo dovrebbe essere la “main”?  
- Ci confermate che, malgrado quanto detto sopra, le specifiche tecniche su cui dobbiamo  progettare sono quelle indicate come approved01?  
- Quando è prevista l’ufficialità per l’approved01? 
- Ci confermate che l’approved01 è stata modificata per integrare delle variazioni fondamentali  per la gestione del riferimento dell’ente terzo che invia una richiesta al BackOffice SUAP? 
- Ci confermate che le specifiche tecniche approved02 non usciranno prima della scadenza del  25 luglio?  
- Ci confermate che nell’approved02 sono presenti modifiche fondamentali come l’integrazione  della firma CADES per l’MDA, l’adeguamento delle richieste di integrazione ";"Si conferma che il branch di riferimento per lo sviluppo dei componenti dell'ecosistema SSU è l'approved01 (https://www.suapsue.gov.it/news/?news_id=26).
Nel presente branch sono state introdotte le modifiche per consentire il recupero dei riferimenti degli ET che hanno inviato al BO gli esisti e le richieste di integrazione/cdss. 

Al momento il branch in fase di aggiornamento è approved02 per il quale non è possibile prevedere una data di rilascio ma si conferma che non è prevista prima del 25 luglio 2025. Tutte le modifiche sono state gestite tramite issue GitHub, tramite il quale è possibile verificare quali modifiche sono gestite tramite approved01 e quali tramite approved02. La gestione della firma CADES è un funzionalità attualmente in fase di definizione.";n.a.
276;n.a.;"Criticità nell’utilizzo di un API Gateway a standard MODI
L’introduzione della PDND e delle Linee Guida di Interoperabilità ha reso necessario l’adozione di sistemi centralizzati per l’erogazione di API da parte della PA e allo stesso tempo per la fruizione di API pubblicate da altre PA.
Tali sistemi sono nello specifico degli API Gateway che rispettano lo standard MODI e che si interfacciano con la PDND per la gestione dei processi autorizzativi.
In tale scenario l’utilizzo di tale gateway per la gestione delle API del progetto SSU sia in termini di erogazione che di fruizione permetterebbe di offrire una modalità comune e ben definita a tutte le PA che necessitano di raggiungere una compliant normativa sia in termini di standard MODI che di progetto SSU.
Per raggiugere tale obiettivo è necessario rivedere alcuni punti delle specifiche tecniche in modo tale da poter riutilizzare quanto già in essere per ospitare nell’ecosistema della PAanche l’adeguamento alle specifiche SSU.
Nel dettaglio andrebbero adeguati i descrittori delle API presenti nelle specifiche in modo
tale da raggiungere due obiettivi:
1. Gli oggetti che descrivono i casi di errore nelle varie response dovrebbero rispettare il formato standard RFC 7807 richiesto dalle Linee Guida di Interoperabilità - Raccomandazioni di Implementazione - RAC_REST_NAME_008 . 
2. Gli errori relativi ai controlli sui token di sicurezza e di integrità non dovrebbero sottostare ai codici specifici riportati nei casi di test della BBT.";"Il MODI definisce delle raccomandazioni di implementazione e di standard da applicare sui propri servizi offerti.
L'attuazione di standard differenti è frutto di una valutazione tecnica e funzionale e non risulta essere una violazione normativa.";n.a.
277;n.a.;"Problematiche relative al dialogo SUAP BO con ET
Per quanto riguarda il dialogo tra backoffice suap ed enti terzi, abbiamo rilevato che non è specificato nel metodo send_instance esposto dal generico ET il codice identificativo dell’ ET destinatario di tale send_instance. Tale codice è fondamentale per poter centralizzare la componente software che riceve i messaggi dal backoffice suap la quale potrebbe così discriminare in una logica multi-tenant il corretto destinatario.";"Il BO invia le istanze tramite send_instance all'ET coinvolto in qualità di Amministrazione Competente per una fattispecie del procedimento. Tale informazione viene presa dall'InstanceDescriptor -> usecase_proceedings -> competent_administration. La competent_administration riporta gli attributi ipacode e officecode, utili per identificare l'amministrazione coinvolta.
Una soluzione multi-tenant dovrà recuperare tale informazione al fine di reindirizzare i messaggi verso la specifica amministrazione competente del procedimento.

Chiamate al catalogo:
 - /proceeding/{proceeding_id}/{proceeding_version}/{municipality}/competent-administration
 - /competent-administration/{competent_administration_ipacode}/{competent_administration_code}/{competent_administration_version}/third-party-system";n.a.
278;n.a.;"Anomalie riportate su GitHub e non ancora risolte
Le specifiche rilasciate su github alle quali facciamo riferimento (branch approved01) presentano delle problematiche che saranno sanate su un branch ancora in fase di sviluppo e che potrebbero inficiare la corretta messa in produzione del sistema.
Ad esempio, la gestione della conformazione presenta dei problemi, manca una segnalazione del suap bo verso il suap fo per avvisarlo della cancellazione istanza, manca la possibilità di veicolare l’atto redatto in fase di terminazione istanza, non è possibile allegare documenti firmati in modalità CADES, manca nella sezione allegati dei vari
descrittori il riferimento al tipo di documento presente nel catalogo, manca la possibilità di gestire la comunicazione dei motivi ostativi prevista dall’art.10 bis della L. 241/90, i
workflow descritti per la SCIA condizionata non permettono di gestirla correttamente, nel caso della cdss non è possibile inoltrare oltre all’evento di convocazione alcune informazioni necessarie all’ente terzo. 

Per poter comunque superare le problematiche presenti nell’attuale versione delle specifiche tecniche si rende necessario analizzare ed implementare dei workaround che
dovranno poi essere smantellati con il rilascio dei bug fix. Questo ovviamente comporta  un aggravio nei tempi di rilascio delle componenti interessate. Come pensate di procedere per evitarci questi sviluppi non necessari?";"Il Gruppo Tecnico ha già tracciato le problematiche indicate nella segnalazione e sta già attuando delle azioni correttive in merito. Dal momento in cui queste saranno risolte, la loro approvazione deve sottostare al processo normativo vigente.
Non è condivisibile l'approccio di attuare soluzioni chi siano ritenute fuori dal perimetro delle Specifiche Tecniche. Eventuali azioni correttive devono essere attuate tramite modifiche alle Specifiche, condivise e valutate dal Gruppo Tecnico. Ci auspichiamo che il processo di validazione delle soluzioni sia condotta in maniera più celere e in maniera semplificata al fine di consentire una rapida azione di intervento.
Tale problematica è già stata resa nota alle amministrazioni coinvolte nel processo di validazione e attuazione degli aggiornamenti delle Specifiche Tecniche. ";n.a.
279;n.a.;Perché a fronte di una non procedibilità della pratica, il relativo messaggio di notify non viene inviato al RI come invece viene fatto per tutti gli altri attori (stessa cosa per la cancellazione da parte dell'utente)?;"Si ringrazia per la segnalazione inviata e si precisa che per quanto riguarda la segnalazione di cancellazione da parte dell'utente può avvenire in ogni fase del procedimento SUAP, pertanto, è opportuno integrare la segnalazione al RI per l'evento ""end_by_submitter_cancel_requested"". 
Analogamente per l'evento ""end_by_instance_refused"" è opportuno prevedere l'invio del messaggio di cancellazione poichè il RI ha già ricevuto l'istanza dal momento in cui questa viene presentata dal FO al BO.
Si precisa però che tali operations sono definite all'interno delle OpenAPI, quindi, è un errore che vede coinvolto solamente il sequence-diagram.

";n.a.
280;n.a.;A fronte di una richiesta di correzione del Back-Office (step 30 sequence General) e di una risposta vero il Back-Office (step 36 sequence General)l'istanza del catalogo non viene più allineata. E' corretto?;Il catalogo viene informato della correzione dell’istanza tramite il messaggio di audit allo step 38 del sequence diagram General, che aggiorna lo stato dell’instance descriptor. La fase di correzione dell’istanza presentata non comporta una modifica dei metadati del procedimento ma solo dei documenti associati alle istanze, quindi, non è previsto un aggiornamento dell’instance descriptor.;n.a.
281;n.a.;Gli enumeration presenti nell'evento dei messaggi di audit includono delle sezioni variabili a discrezione del chiamante (esempio: instance_to_[0-9]{1,10}_sended), qual è il significato dei valori inseriti?;"La sezione variabile dei messaggi di audit deve essere compilata con il codice identificativo del Back Office o dell’Ente Terzo, a seconda del tipo di messaggio; nei sequence diagram, i riferimenti sono indicati con i placeholder <BO> o <ET>.";n.a.
282;n.a.;Perché viene utilizzata una retry differente per ogni chiamante? (BO to Enti Terzi -BO to Registro Imprese);"Poiché ogni componente informatica (FO, BO, ET, RI, CU) può richiedere il retry dell'API ad essa esposta. Viene adottata quindi una strategia di retry differenziata in base alla componente informatica chiamante (Es: la retry in BO_TO_ET presenta il campo ""requesterAdministration"" per identificare l'amministrazione richiedente, cosa che non è presente in una retry di FO_TO_BO) ";n.a.
283;n.a.;Abbiamo notato che nella seq. Generale potrebbe mancare il messaggio di istanza procedibile (dopo step 46). E' corretto?;In caso di istanza procedibile non è necessario propagare il messaggio, si informa il presentatore solamente nel caso negativo;n.a.
284;n.a.;In quale preciso step all'interno delle sequence diagram delle specifiche tecniche si realizza il controllo formale del'operatore SUAP ( controllo OK o KO)? Quale e-service viene invocato/esposto?;"Il controllo formale dell'operatore SUAP viene svolto nello step 46 del sequence diagram General; viene utilizzato il path notify dell'OpenAPI ""fo_to_bo"" per comunicare l'eventuale non ammissibilità della pratica. Non è richiesto l'invio di un riscontro positivo legato all'ammissibilità di un procedimento.";n.a.
285;n.a.;In quale preciso step all'interno delle sequence diagram delle specifiche tecniche si realizza l'integrazione per controlli SUAP con fonti dati autorevoli all'interno dell'amministrazione? Quale e-service viene invocato/esposto?;I controlli SUAP delle istanze attuati mediante l'interoperabilità con le fonti dati autorevoli non sono descritti all'interno dei sequence-diagram. Tali controlli possono essere attuati dal Front-Office durante la compilazione della pratica e dai Back-Office per gestire la verifica della pratica e possono essere implementati a discrezione dell'amministrazione. Le Specifiche Tecniche prevedono di attuare queste semplificazioni al fine di attuare il principio di once-only come definiti nel Capitolo 10 (Servizi resi disponibili dalle Amministrazioni certificanti), ma si precisa che non vi sono e-service documentati al riguardo.;n.a.
286;n.a.;In quale preciso step all'interno delle sequence diagram delle specifiche tecniche si realizza la funzione per la verifica di procedibilità ? Quale e-service viene invocato/esposto?;La verifica di procedibilità viene effettuata dall’operatore SUAP, ma non esiste un e-service che restituisca un esito OK o KO della pratica. L’operatore SUAP inserisce l’esito nel back office (BO) allo step 46 del sequence diagram 'General'.;n.a.
287;n.a.;In quale preciso step all'interno delle sequence diagram delle specifiche tecniche si realizza l'integrazione per controlli SUAP con fonti dati autorevoli attraverso PDND: es. REA CCIAA*: 2) invio dato chiave - risposta set di dati correlati al dato chiave ? Quale e-service viene invocato/esposto?;I controlli SUAP delle istanze attuati mediante l'interoperabilità con le fonti dati autorevoli non sono descritti all'interno dei sequence-diagram. Tali controlli possono essere attuati dal Front-Office durante la compilazione della pratica e dai Back-Office per gestire la verifica della pratica e possono essere implementati a discrezione dell'amministrazione. Le Specifiche Tecniche prevedono di attuare queste semplificazioni al fine di attuare il principio di once-only come definiti nel Capitolo 10 (Servizi resi disponibili dalle Amministrazioni certificanti), ma si precisa che non vi sono e-service documentati al riguardo.;n.a.
288;n.a.;Come viene notificata al presentatore la notifica di conclusione del procedimento? Esiste un e-service oppure direttamente sulla web-app?;"La notifica al Presentatore è a cura del Front-End del FO SUAP e deve essere effettuata mediante webapp; le specifiche tecniche definiscono l'interoperabilità tra i componenti coinvolti sui procedimenti SUAP e non definiscono le modalità di interazione col presentatore, lasciandone l’implementazione a discrezione del SUAP.";n.a.
289;n.a.;In stato di post emissione ricevuta, come viene notificata al presentatore la ricezione della correzione dell'istanza del procedimento? Esiste un e-service oppure direttamente sulla web-app?;"La notifica al Presentatore è a cura del Front-End del FO SUAP e deve essere effettuata mediante webapp; le specifiche tecniche definiscono l'interoperabilità tra i componenti coinvolti sui procedimenti SUAP e non definiscono le modalità di interazione col presentatore, lasciandone l’implementazione a discrezione del SUAP.";n.a.
290;n.a.;In stato di post emissione ricevuta, come viene notificata al presentatore la ricezione della regolarizzazione dell'istanza del procedimento? Esiste un e-service oppure direttamente sulla web-app?;"La notifica al Presentatore è a cura del Front-End del FO SUAP e deve essere effettuata mediante webapp; le specifiche tecniche definiscono l'interoperabilità tra i componenti coinvolti sui procedimenti SUAP e non definiscono le modalità di interazione col presentatore, lasciandone l’implementazione a discrezione del SUAP.";n.a.
291;n.a.;Come viene effettuata la funzione di integrazione per lil presentatore? Esiste un e-service oppure direttamente sulla web-app?;"L'implementazione della funzionalità del Front-End FO SUAP che permette il caricamento dei documenti che devono essere integrati è lasciata a discrezione dei SUAP e deve essere effettuata mediante webapp.
Le Specifiche Tecniche definiscono la comunicazione tra FO e BO che deve essere garantita mediante il servizio send_instance come indicato nel sequence-diagram per il trasferimento delle integrazioni.";n.a.
292;n.a.;Come viene effettuata la funzione di presentazione delle istanze al presentatore? Esiste un e-service oppure direttamente sulla web-app?;"L'implementazione della funzionalità di presentazione delle istanze sul Front-End FO SUAP è lasciata a discrezione dei SUAP e deve essere effettuata mediante webapp.
Le Specifiche Tecniche definiscono la comunicazione tra FO e BO che deve essere garantita mediante il servizio send_instance.";n.a.
293;n.a.;Come viene effettuata la funzione di verifica di completezza formale delle istanze al presentatore? Esiste un e-service oppure direttamente sulla web-app?;"L'implementazione della funzionalità di verifica di completezza formale delle istanze sul Front-End FO SUAP è lasciata a discrezione dei SUAP e deve essere effettuata mediante webapp.
Le Specifiche Tecniche definiscono le tecnologie da attuare per garantire il controllo formale automatico mediante la validazione dei dati forniti dal soggetto presentatore.";n.a.
294;n.a.;In quale preciso step all'interno delle sequence diagram delle specifiche tecniche si realizza l'integrazione per controlli SUAP con fonti dati autorevoli attraverso PDND: es. REA CCIAA*: 1) invio dato chiave - risposta dicotomica vero/falso ? Quale e-service viene invocato/esposto?;I controlli SUAP delle istanze attuati mediante l'interoperabilità con le fonti dati autorevoli non sono descritti all'interno dei sequence-diagram. Tali controlli possono essere attuati dal Front-Office durante la compilazione della pratica e dai Back-Office per gestire la verifica della pratica e possono essere implementati a discrezione dell'amministrazione. Le Specifiche Tecniche prevedono di attuare queste semplificazioni al fine di attuare il principio di once-only come definiti nel Capitolo 10 (Servizi resi disponibili dalle Amministrazioni certificanti), ma si precisa che non vi sono e-service documentati al riguardo.;n.a.
295;n.a.;In quale preciso step all'interno delle sequence diagram delle specifiche tecniche si realizza l'integrazione per controlli SUAP con fonti dati autorevoli attraverso PDND: es. REA CCIAA*: 2) invio dato chiave - risposta set di dati correlati al dato chiave ? Quale e-service viene invocato/esposto?;I controlli SUAP delle istanze attuati mediante l'interoperabilità con le fonti dati autorevoli non sono descritti all'interno dei sequence-diagram. Tali controlli possono essere attuati dal Front-Office durante la compilazione della pratica e dai Back-Office per gestire la verifica della pratica e possono essere implementati a discrezione dell'amministrazione. Le Specifiche Tecniche prevedono di attuare queste semplificazioni al fine di attuare il principio di once-only come definiti nel Capitolo 10 (Servizi resi disponibili dalle Amministrazioni certificanti), ma si precisa che non vi sono e-service documentati al riguardo.;n.a.
296;n.a.;Come viene effettuata la funzione di integrazione della compilazione dell'istanza con fonti dati autorevoi? Esiste un e-service?;I controlli SUAP delle istanze attuati mediante l'interoperabilità con le fonti dati autorevoli non sono descritti all'interno dei sequence-diagram. Tali controlli possono essere attuati dal Front-Office durante la compilazione della pratica e dai Back-Office per gestire la verifica della pratica e possono essere implementati a discrezione dell'amministrazione. Le Specifiche Tecniche prevedono di attuare queste semplificazioni al fine di attuare il principio di once-only come definiti nel Capitolo 10 (Servizi resi disponibili dalle Amministrazioni certificanti), ma si precisa che non vi sono e-service documentati al riguardo.;n.a.
297;n.a.;Come viene effettuata la funzione di verifica delle firme elettroniche apposte alle istanze presentate tramite web-app per il presentatore? Esiste un e-service oppure direttamente sulla web-app?;L'implementazione della funzionalità di verifica delle firme elettroniche sul Front-End FO SUAP è lasciata a discrezione dei SUAP e deve essere effettuata mediante webapp.;n.a.
298;n.a.;"Chiarimenti su OpenAPI:
a) in alcuni messaggi di audit verso il catalogo (es: /audit Catalogo SSU to FO) sono previsti messaggi di tipo stringa contenenti un codice numerico del BO/ET, per esempio:
instance_to_[0-9]{1,10}_sended
Non ci è chiaro dove reperire tale codice numerico .
b) l'endpoint che consente di recuperare il riferimento telematico al sistema ET ritorna un array di elementi third_party_system: è previsto che per un determinato ufficio di una amministrazione competente ci possano essere più riferimenti telematici attivi contemporaneamente oppure solo uno può essere attivo in un dato momento?
Nel primo caso, non essendo possibile distinguere, i messaggi previsti dovranno essere inviati a tutti contemporaneamente?";"a) La sezione variabile dei messaggi di audit deve essere compilata con il codice identificativo del Back Office o dell’Ente Terzo, a seconda del tipo di messaggio; nei sequence diagram, i riferimenti sono indicati con i placeholder <BO> o <ET>.

b) il path ""/competent-administration/{competent_administration_ipacode}/{competent_administration_code}/{competent_administration_version}/third-party-system"" ritorna l'elenco delle componenti informatiche registrate per una amministrazione competente. Per ogni componente sono presenti le date di validità per identificare la componente attiva nel momento dello scambio. ";n.a.
299;n.a.;"L'operazione di ""retry"" influisce o dovrebbe influire sullo stato del procedimento e/o sulle tempistiche ? Visto che necessita di un'interazione umana.";Le operazioni di retry vengono attuate nel caso in cui durante la fase di comunicazione tra due componenti si verifica un errore di comunicazione. L'operatore può richiedere la ritrasmissione dell'operazione indicando l'errore riscontrato. Tale operazione non ha un effetto sui tempi del procedimento. Lo stop-start dei tempi viene effettuato solo per le richieste di integrazione/conformazione/cdss.;n.a.
300;n.a.;"Dalle specifiche Tecniche (il pdf su https://github.com/AgID/specifiche-tecniche-DPR-160-2010/tree/approved01/specifiche_approvate ):

		4.1) Test Case FO_TC_090: BackOffice SUAP -> FrontOffice SUAP Operation notify 
		Gli step specificati non corrispondono 98,106,115 a quelli del sequence diagram DomandaAutorizzazione-001 (https://github.com/AgID/specifiche-tecniche-DPR-160-2010/blob/approved01/sequence-diagram/DomandaAutorizzazione-001.mermaid)
		Va considerato un altro branch o ci sarà un ulteriore rilascio ?

		4.2) Test Case FO_TC_001 COMUNICA -> FrontOffice SUAP  operation notify 
		Processo al passo 14 del sequence diagram General-001 è notify_receipt ";"4.1) i passi indicati sono cambiati nel corso delle evoluzioni delle Specifiche Tecniche. Tali riferimenti puntuali sono stati corretti nella lista delle BBT previste per le verifiche tecniche.

4.2) si tratta di un errore di digitazione. Il path verificato è notify_receipt.";n.a.
301;n.a.;I moduli associati ai procedimenti si possono configurare solo nella versione HO ?;Non di pertinenza AgID. Necessario intervento di InfoCamere in qualità di gestore del Catalogo.;n.a.
302;n.a.;"Le tempistiche (oggetto Times) da inviare al request_cui sono quelle che vanno scaricate da /proceedings-administrative-regimes ? 
Devono essere inserite nel catalogo dall'amministrazione ? O sono pre-calcolate o pre-configurate a partire dalla durata del procedimento  ?
 E' possibile creare nel catalogo nuovi regimi amministrativi, non essendo previsti regimi specifici della nostra Legge regionale quali ad esempio il procedimento autocertificato a 30 giorni?";"Il BO mediante la chiamata ""request_update_times"" (passo 21 sequence-diagram General) aggiorna il campo Times dell'InstanceDescriptor. Mediante tale chiamata imposta gli attributi che determinano i tempi massimi entro i quali i vari soggetti coinvolti sul procedimento possono trasmettere eventuali richieste o gli esiti. 
Al passo 3 il BO riceve tramite send_instance i riferimenti alle istanze presentate e tramite il CUI può recuperare dal Catalogo l'InstanceDescriptor.
In ogni caso, il BackOffice può recuperare l'InstanceDescriptor in qualsiasi momento attraverso il CUI, tramite il servizio esposto in CatalogoSSU_to_BO.

Si precisa che non è possibile creare un nuovo regime amministrativo. Se necessario va segnalata tale problematica al Gruppo Tecnico mediante i referenti regionali presenti per affrontare tale situazione.";n.a.
303;n.a.;E' possibile allegare ad un procedimento più di un modulo?;Un procedimento deve essere associato uno e un solo modulo, così come definito nel modello-concettuale-catalogo-SSU;n.a.
304;n.a.;E' possibile collegare un medesimo procedimento a più enti?;Un procedimento deve essere associato ad un solo Ente (Ufficio) come amministrazioni competenti, così come definito nel modello-concettuale-catalogo-SSU;n.a.
305;n.a.;E' possibile che ad un procedimento non sia collegato nessun modulo?;Un procedimento deve essere associato uno e un solo modulo, così come definito nel modello-concettuale-catalogo-SSU;n.a.
306;n.a.;Per evitare accreditamenti lenti, incompleti o parziali di Enti terzi, è possibile che la regione XXX trasferisca come default modificabile gli accreditamenti degli Enti terzi che utilizzano la propria piattaforma?;Non di pertinenza AgID. Necessario intervento del DFP.;n.a.
307;d34e34db96c14a5f9254acd169ccda3d;"Abbiamo necessità di un chiarimento lato componente FO SUAP sulla valorizzazione del campo ""ref"" che è per la chiamata request_cui, in InstanceDescrptor/usecase_proceedings/instance e InstanceDescrptor/usecase_proceedings/attachments; e è presente per la chiamata send_instance esposta dal BO SUAP, nell' InstanceIndex.

Prima domanda: i due ""ref"" sono la stessa cosa? cioè nel send_instance si riporta il ref definito al passo precedente di ""request_cui"".
Seconda domanda: Come deve essere valorizzato il ref? Si può usare una codifica il cui significato è noto solo alla componente di FO SUAP? Potete fornirci un esempio in InstanceIndex associato a un'istanza sulla fattispecie USEC-0001308 o su un altro caso.";"Il ref presente nell'attachment dell'InstanceDescriptor identifica la risorsa specifica. La send_instance invia tutti i riferimenti alle risorse gestite in un procedimento SUAP, pertanto, il ref nel send_instance deve combaciare col ref della risorsa corrispondente. A tale risorsa viene associato anche il resource_id che verrà usato poi per il ricupero del documento.
Il ref di una risorsa può assumere un qualsiasi valore, si ricorda che però tale attributo identifica un documento che dovrà essere gestito da altri soggetti durante le fasi di scambio. 

Di seguito un esempio di InstanceDescriptor (con dei placeholder per le date).
Analizzando dei dati in nostro possesso non abbiamo trovato la fattispecie USEC-0001308, però l'esempio di seguito si basa sulla USEC-0001410.
{
  ""version"": 0,
  ""municipality"": ""084001"",
  ""legal_person"": ""98202900800"",
  ""instance_status"": [
    {
      ""state"": ""started"",
      ""timestamp"": <timestamp01>
    }
  ],
   ""times"": {
    ""start"": <start01>,
    ""max_gg_proc"": -1,
    ""max_gg_correction"": 5,
    ""max_gg_admissibility"": 5,
    ""max_gg_int_resp"": 15,
    ""max_gg_int_req"": 15,
    ""max_ggconcl_send"": 25
  },
  ""administrative_regime"": {
    ""id"": ""SCIA"",
    ""version"": ""00.00.00""
  },
  ""usecase_proceedings"": [
    {
      ""code"": ""USEC-0001410"",
      ""version"": ""00.00.00"",
      ""competent_administration"": {
        ""ipacode"": ""IPA_LOC_6"",
        ""officecode"": ""code_LOC_6"",
        ""version"": ""00.00.00"",
        ""description"": ""Ente Comune fittizio locale""
      },
       ""instance"": {
        ""ref"": ""FORM_STD_NON_STRUTTURATO"",
        ""filename"": ""Form di default non strutturato"",
        ""hash"": ""5e71d4ffc3a0723b1bcca206fd14c0e217f6d9beb33a5b327ea251d3a54df5af"",
        ""alg_hash"": ""S256"",
        ""mime_type"": ""application/pdf""
      },
      ""attachments"": [
       {
         ""ref"": ""ATTAC-0002502"",
         ""filename"": ""ALLEGARE DICHIARAZIONE SUL POSSESSO DEI REQUISITI DA PARTE DEGLI ALTRI SOCI E COPIA DOCUMENTO DI IDENTITA'' IN CORSO DI VALIDITA''  - Somministrazione"",
         ""hash"": ""76942e01fb6edcf032682df1157060b5302e3918bdc3eb3dc4426b2e55e93b2c"",
	""alg_hash"": ""S256"",
	""mime_type"": ""application/pdf""
       }
    }
  ]
}

Qualora vi sia la necessità di ulteriori chiarimenti, la invitiamo a contattarci tramite il canale di messaggistica del ticket.
Le comunichiamo inoltre che, in assenza di ulteriori richieste, il presente ticket sarà chiuso automaticamente dal sistema entro 7 giorni lavorativi.";"Richiedente
Innanzitutto grazie per il riscontro. Aggiungiamo 3 osservazioni:
1)Quindi per il ref è suggerito che si usi l'id allegato/modulo che viene assegnato nel CatalogoSSU ma non è un obbligo. Corretto?
2) L'id fattispecie che avevamo indicato lo avevamo preso navigando il CatalogoSSU (human) è lì risulta che esiste USEC-0001308 ""Segnalazione Certificata di Inizio Attività per l'esercizio di vicinato nel settore alimentare"" (addirittura con 2 versioni) e agganciato a PROC-0001228 ""SCIA per apertura esercizio di commercio di vicinato alimentare"". Non so come mai a voi non risulti. Vi alleghiamo scheramata.
3) Ultima osservazione, l'instanceDescriptor riportato nella vostra risposta non è un json well formed (c'è una parentesi ] } invertite) e non rispetta la specifica json-schema/instance-descriptor-schema.yaml del branch approved-01 (https://github.com/AgID/specifiche-tecniche-DPR-160-2010/blob/approved01/json-schema/instance-descriptor-schema.yaml). In particolare l'esempio non rispetta instance.mime_type
instance:
""$id"": ""#root/usecase_proceedings/instance""
[..]
properties:
[..]
mime_type:
type: string
enum:
- application/xml
E' un errore nell'esempio o ci sono indicazioni diverse da seguire?
Grazie

Operatore
1) Si, è corretta l'affermazione
2) L'esempio inviato è stato elaborato analizzando una struttura dati condivisa in passato da InfoCamere. Non avendo accesso ai servizi Human Oriented non è stato possibile utilizzare i dati più aggiornati.
3) Gli errori segnalati sull'InstanceDescriptor risultano essere errori sintattici dovuti da un errori di digitazione poichè l'esempio è stato elaborato manualmente e non tramite un sistema. "
308;e28f3a182c8144e0b357d83c29c924b5;"Non so se questa domanda devo porla a voi o a altri soggetti: l'allineamento della versione approved02 con la versione approved01 e gli aggiornamenti dell'approved02 sono previsti o verranno effettuati a ridosso dell'approvazione dell'approved02 (o comunque in seguito al passaggio ufficiale all'approved01)?
Chiedo questo perchè vorrei studiare l'approved02 anche per capire la direzione che dovrò seguire con la progettazione in ottica futura e mi sono accorto che alcune cose non sono allineate (ad esempio la mancanza degli state diagram ma non so se ci sono anche differenze più marcate).";"Attualmente è prevista l'implementazione solo secondo quanto indicato nel branch approved01 e ad oggi non ci sono previsioni circa l'approvazione del nuovo branch. Quando verranno formulate delle pianificazioni in merito, queste verranno condivise a tutti i soggetti coinvolti mediante gli opportuni canali di comunicazione.

Qualora vi sia la necessità di ulteriori chiarimenti, la invitiamo a contattarci tramite il canale di messaggistica del ticket.
Le comunichiamo inoltre che, in assenza di ulteriori richieste, il presente ticket sarà chiuso automaticamente dal sistema entro 7 giorni lavorativi.";n.a.
309;d51ea2da67234ceb96c992d166a62deb;"1. Persistenza dei file XML (es. SUAP.XML, SUAPENTE.XML)
Nella documentazione disponibile non risulta specificato se tali file saranno ancora utilizzati nel nuovo flusso. Potete confermare se i file XML attualmente in uso verranno mantenuti ?

2. Corrispondenza tra instance_index e instance_descriptor
Dopo la chiamata POST /send_instance, la componente Ente Terzo recupera i dettagli completi dell’istanza tramite il servizio GET /instance_descriptor/{cui_uuid}. I metadati (come filename, mime_type, form) vengono estratti da usecase_proceedings[].instance e attachments[], mentre i documenti sono recuperati tramite GET /instance/{cui_uuid}/document/{resource_id}.
Non abbiamo trovato nella documentazione un’esplicita conferma della corrispondenza tra i valori code, ref, hash, alg_hash presenti nel instance_index e quelli disponibili nel instance_descriptor.
Potete confermare che tali dati coincidano esattamente e che sia corretto utilizzare il campo ref come chiave per il reperimento dei metadati dei documenti tramite il instance_descriptor?

3. Invio di più documenti nel caso send_conclusions
Nel caso dell’invio delle conclusioni (send_conclusions con positive_outcome), la documentazione fa riferimento ad un unico resource_id, ovvero l'ID della risorsa ""documento di parere positivo"", univoco per erogatore e CUI.UUID.

Come deve essere gestito l’invio di più documenti all’interno dello stesso flusso?
Qual è il campo da utilizzare per fornire il nome del documento?

Inoltre, nella descrizione della risposta 200 per GET /instance/{cui_uuid}/document/{resource_id} si afferma che ""la risorsa richiesta è codificata in base64, il mime type è specificato nel descrittore dell’istanza"". Tuttavia, nei diagrammi forniti, Ente Terzo non interagisce direttamente con il descrittore dell’istanza se non per interrogazioni, non essendo previsto un aggiornamento diretto.

4. Esempi JSON e interazione con PDND
In attesa della piena operatività con i servizi della PDND, chiediamo gentilmente di poter ricevere esempi JSON di risposta dei principali servizi REST descritti nelle specifiche tecniche, per agevolare lo sviluppo e il collaudo.

5. Transizione dal servizio SOAP
Vi chiediamo chiarimenti sulle modalità previste per la migrazione dall’attuale servizio SOAP ai nuovi servizi REST.
È prevista una fase di coesistenza tra i due sistemi, oppure si passerà in modo definitivo al nuovo modello a partire da una data stabilita?
Come verranno gestite le pratiche già in essere al momento del passaggio al nuovo sistema? Verrà costruito il CUID ? Si partirà dal codice pratica SUAP attualmente in uso o verrà adottata una logica differente?""";"1) Il file SUAP.XML è riportato come un possibile file che verrà gestito nel GeneralIndex, ovvero la lista di documenti trasversali dei sistemi SUAP. Non abbiamo indicazioni in merito al file SUAPENTE.XML. Per avere ulteriori dettagli sui moduli che dovranno essere gestiti si invita a contattare InfoCamere.

2) L'indice istanza (InstanceIndex) contiene la lista di documenti associati ad una istanza resa disponibile da una componete (ad esempio Front-office SUAP a Back-office SUAP) che sono identificati univocamente da un proprio resource_id. Il resource_id è un identificativo univoco nel dominio della componente,  quindi è l'unica chiave che permette il recupero di un documento dell'istanza reso dispoponibile dai componenti SUAP ed ET. La resource_id è strettamente legato al ""ref"" della risporsa presente nel istance-description, ovvero il riferimento in relazione al CUI dell'istanza. Tale attributo ""ref"" presente sull'instance-index deve corrispondere presenti  nell'InstanceDescriptor:
 - ""activity_model"" (usecase_proceedings.instance.activity_model);
 - ""attachments"" (usecase_proceedings.attachments).
Così facendo, si crea un legame tra un documento e l'istanza a cui è associato tramite il quale viene garantito l'accesso a tale risorsa tramite il servizio ""/instance/{cui_uuid}/document/{resource_id}"".

3) La send_conclusions permette di inviare un solo documento, il quale verrà identificato e recuperato dalla componente ricevente mediante il suo resource_id. Le Specifiche non consentono di inviare più documenti nel caso dell'invio delle conclusioni. Si precisa inoltre che attualmente il nome del file non è previsto ma sono in corso degli adeguamenti in merito. 
I metadati del documento delle conclusioni (mime_type, hash, ...) vengono inviati direttamente dalla componente nella chiamata send_conclusions. 

4) Le Specifiche Tecniche offrono una piattaforma GitHub per recuperare il codice delle OpenAPI (https://github.com/AgID/specifiche-tecniche-DPR-160-2010/tree/approved01). Si invita ad usare Swagger Editor (https://editor.swagger.io/) o qualunque altro plugin affine per analizzare le interfacce e testare eventuali richieste e risposte attese. 

5) Si precisa che i servizi definiti sulle Specifiche Tecniche devono essere implementati secondo l'approccio REST. Le Specifiche non definiscono approcci o strategie per gestire eventuali transitori dai vecchi sistemi a quelli nuovi. Dal momento del ""go-live"" le nuove pratiche dovranno essere gestite sul nuovo sistema e le vecchie dovranno essere chiuse mediante la precedente infrastruttura.

Qualora vi sia la necessità di ulteriori chiarimenti, la invitiamo a contattarci tramite il canale di messaggistica del ticket.
Le comunichiamo inoltre che, in assenza di ulteriori richieste, il presente ticket sarà chiuso automaticamente dal sistema entro 7 giorni lavorativi.";"Richiedente
Vi inoltriamo i feedback del mittente originario comune di XXX in merito alle risposte ai punti 3 e 4:
""3. il fatto che l'Ente Terzo possa inviare al SUAP un solo documento crea una marea di problemi ai SUAP ed agli Enti Terzi; immaginate, ad esempio. la nota di trasmissione con allegato il verbale della Conferenza di Servizi oppure un documento firmato digitalmente con la sua copia pdf recante i dati di protocollazione in uscita dall'Ente; se non potete voi segnalare direttamente questa criticità, indicateci l'indirizzo URL o mail al quale possiamo inviare la specifica segnalazione con urgenza.
4. non ci sono stati forniti gli esempi che ci servono ma si rimanda alla documentazione github dove non è presente quanto chiediamo; vi invitiamo a verificare con cortese sollecitudine in quanto la mancanza di tali esempi non consente il proseguimento del lavoro di implementazione, mettendo così in forte difficoltà lo scrivente SUAP XXX e l'Ente Terzo Comune di XXX che, giova ricordare, sono stati individuati dall'avviso quale ""caso particolare"" per la complessità, per l'interoperabilità spinta attualmente attiva e per il numero di pratiche movimentate che non trovano confronto con altri SUAP decisamente più piccoli.""

Operatore
3) Si precisa che le presenti Specifiche Tecniche sono state redatte coinvolgendo un gruppo di esperti tecnici e amministrativi che hanno disegnato i flussi e le funzionalità descritte negli artefatti tecnici. Considerata la criticità evidenziata nella richiesta, provvederemo a segnalarla al Gruppo Tecnico che la prenderà in carico per valutara ed eventualmente gestirla. 
4) Come indicato nella prima risposta, gli esempi sono disponibili negli artefatti tecnici nel repository GitHub. Le openAPI sono corredate di descrizioni ed esempi esplicativi. A supporto di tutto ciò, il software Swagger permette di mostrare le OpenAPI mediante una interfaccia interattiva dove l'utente può prendere visione delle chiamate che possono essere effettuate e i ritorni attesi.

Operatore
Confermiamo che la procedura di send_conclusion prevede l'invio di un unico documento contenente tutte le informazioni necessarie a motivare l'esito riportato. Qualora dovessero essere gestiti più documenti, questi dovranno essere consolidati in un unico file, al fine di garantire un'unica fonte che riporti chiaramente le ragioni dell'esito finale
"
310;f1d38152b3b241169809bf1fe8427300;"Se l'ET riceve dal BO SUAP una pratica ma poi nel tempo l'endpoint cambia, ad esempio per via di una migrazione ad altro sistema di gestione del SUAP, l'ET a chi invia l'esito o qualunque altra richiesta? Al BO originale o al nuovo?
In sostanza, fa fede SOLO quello che mi dichiara il Catalogo come codice ISTAT nella municipality nell'InstanceDescriptor, da cui poi risalgo al BO di riferimento ?
In tal caso ci sarà quindi una migrazione delle pratiche tra BO vecchio e nuovo, in modalità trasparenti rispetto all'ET?
Oppure il Catalogo mantiene attivi i 2 BO per un certo periodo di tempo?";"Le Specifiche Tecniche non definiscono strategie per gestire eventuali transitori e migrazioni tra due sistemi. Tuttavia, la componente informatica di un'amministrazione competente riporta come attributi ""date_from"" e ""date_to"" al fine di restituire le componenti offerte dalla stessa amministrazionie e identificare quale tra esse sono operative nel momento dello scambio. Pertanto, potrebbero essere attivi nello stesso momento due componenti informatiche della stessa amministrazione. 
Si precisa inoltre che le istanze già avviate devono essere gestite e chiuse nei vecchi sistemi poichè non sono previsti strumenti di migrazione delle istanze già presentate.

Qualora vi sia la necessità di ulteriori chiarimenti, la invitiamo a contattarci tramite il canale di messaggistica del ticket.
Le comunichiamo inoltre che, in assenza di ulteriori richieste, il presente ticket sarà chiuso automaticamente dal sistema entro 7 giorni lavorativi.";"Richiedente
Se sul Catalogo sono attive più componenti informatiche, come si discrimina a quel punto la competenza di ogni istanza?
Poichè scrivete che le istanze già avviate devono essere gestite e chiuse nei vecchi sistemi, ha senso allora che l'ET memorizzi sempre l'endpoint del BO SUAP da cui ha ricevuto l'avvio per ciascuna pratica, in modo da essere certo a chi inviare l'esito/richiesta integrazione/ecc.
Corretto?

Operatore
Si conferma che la soluzione indicata può essere valida, tuttavia, si suggerisce di tenere traccia anche delle date di validità e un controllo su di esse al fine di essere sicuri che l'endpoint sia ancora attivo al momento della chiamata alla componente ricevente.

Richiedente
La data di validità da dove si recupera?
In caso l'endpoint non fosse più attivo, come deve comportarsi l'ET ?

Operatore
Le date di validità della componente sono indicate negli attributi ""date_from"" e ""date_to"".
Qualora l'endpoint della componente non fosse più attivo, l'ET deve essere in grado di recuperare il nuovo endpoint della nuova componente software della stessa amministrazione con cui stava interoperando durante la gestione del procedimento."
311;b2dcbdc67c604bb5b2aa64a53c08b9af;"Ritorno su questa domanda perché sto cercando di risolvere i test previsti nella blackbox. In particolare il test che non riesco a validare è il BO_TC_129 che verifica l’header if-match

Nella risposta al ticket del 10 aprile indicate:

La componente BO verificherà per la richiesta GET che l'hash della risorsa corrisponda con quella passata nella richiesta.


Non mi è chiara la risposta. Ovvero se viene richiesta una risorsa tramite il suo resource_id, come fa il chiamante a sapere a priori l’hash della risorsa da richiedere? Forse generate l’hash del solo resource_id?

Tornando al caso concreto del file avvio_vicinato.xml oggetto del test, l’hash corretto (header if-match) guardando il vostro report (BO_TC_121) sembrerebbe essere 76942e01fb6edcf032682df1157060b5302e3918bdc3eb3dc4426b2e55e93b2c

Corretto?

Mi indicate come generate l’hash da utilizzare per il parametro if-match?";"L'hash della risorsa identificata dal suo resource_id viene passato negli scambi dove vengono inoltrati i documenti o direttamente nell'InstanceDescriptor se si tratta di allegati (attachment) o moduli (form). Inoltre si precisa che negli scambi è presente anche l'attributo ""alg_hash"" che definisce l'algoritmo che è stato utilizzato per generare l'hash corrispondente. 

Qualora vi sia la necessità di ulteriori chiarimenti, la invitiamo a contattarci tramite il canale di messaggistica del ticket.
Le comunichiamo inoltre che, in assenza di ulteriori richieste, il presente ticket sarà chiuso automaticamente dal sistema entro 7 giorni lavorativi.";n.a.
312;ea0c84378ff54b869bbdfee8098d9dae;"	
Nel caso di ET che rappresenta l'intera Regione XXX, come determino il SUAP di riferimento visto che questo è a livello comunale?
Regione XXX non ha infatti stabilito di usare un ""hub regionale"", nel qual caso ci sarebbe un unico SUAP regionale, credo.";"I procedimenti sono identificati da ""evento della vita"", ""tipologia"" e ""comune"", dove quest'ultimo viene usato per individuare l'ambito territoriale e l'amministrazione competente. L'amministrazione competente identificata tramite ipacode e officecode avrà due componenti, quella amministrativa (competent_administration) e quella informatica (third_party_system), ad essa collegata. La componente amministrativa  sarà associata a livello territoriale nel catalogo mediante l'entità ""competent_administration_territorial_scope"").
Il SUAP identificherà così gli ET da coinvolgere partendo dal procedimento associato ad una fattispecie e dal suo ambito territoriale. 

Facendo un esempio: registro la componente amministrativa (ipacode e officecode) e la relativa componente informatica per l'ufficio della Regione Piemonte sita a Torino. I procedimenti di competenza della Regione sul territorio di Torino verranno gestiti presso tale ufficio il quale dialogherà con i BO registrati nel comune di Torino.

Qualora vi sia la necessità di ulteriori chiarimenti, la invitiamo a contattarci tramite il canale di messaggistica del ticket.
Le comunichiamo inoltre che, in assenza di ulteriori richieste, il presente ticket sarà chiuso automaticamente dal sistema entro 7 giorni lavorativi.";"Richiedente
Che differenza c'è allora tra gli oggetti territorial_scope e municipality?

Operatore
La ""municipality"" rappresenta l'identificativo del comune in cui l'istanza è stata presentata ed è necessario a determinare l'ambito territoriale del procedimento. L'attributo ""municipality"" è utilizzato per recuperare il/i procedimento/i applicato nello specifico Comune.
L'ambito territoriale, ovvero il ""territorial_scope"", contenuto all'interno di un procedimento indica l'ambito di ricerca a livello territoriale dello stesso.  Identificato dal codice ISTAT a 6 cifre, tale codice può assumere il valore ""000000"" per ricondurre un procedimento con inquadramento a livello Nazionale, alternativamente, i codici assumeranno le seguenti forme in relazione all'ambito territoriale in cui il procedimento si applica:
  - XX = codice istat 2 cifre regione = REGIONE;
  - XXX = codice istat 3 cifre provincia = PROVINCIA;
  - XXXXXX = codice istat 6 cifre comune = COMUNE.
Il codice identificativo dell'ambito territoriale viene utilizzato per la ricerca del procedimento più prossimo al Comune. In breve, dato un Comune, per la coppia evento della vita e tipologia procedimento, si selezionano:
- il procedimento se definito su base comunale;
- altrimenti, il procedimento se definito su base provinciale;
- altrimenti, il procedimento se definito su base regionale;
- altrimento, il procedimento definito su base nazionale."
313;f1e62e00474b45cda7d6364e2fdf4898;"Sviluppando gli eservice ho notato alcune divergenze negli yaml, alcuni puramente formali ma altri sostanziali. Analizzando i retry di bo_to_et ho notato che GIUSTAMENTE ha fra i required i 3 campi (cui, operation e requester_administration) mentre le retry di bo_to_fo e bo_to_ri non hanno nessuna properties fra i required.
Si tratta di un errore?
Se sì quando sarà risolto? Dobbiamo attendere l'approved02?
Sviluppiamo client e service controllando queste casistiche anche se non esplicitate dalle openAPI?";"Si conferma che la retry esposte per FO e RI non riportano il vincolo required per gli attributi indicati. Provvederemo a sistemare il problema ma sarà disponibile nel branch approved02. Si consiglia di effettuare i controlli sulle componenti per garantire la corretta chiamata di retry.

Qualora vi sia la necessità di ulteriori chiarimenti, la invitiamo a contattarci tramite il canale di messaggistica del ticket.
Le comunichiamo inoltre che, in assenza di ulteriori richieste, il presente ticket sarà chiuso automaticamente dal sistema entro 7 giorni lavorativi.";n.a.
314;647b5066aa9d4051a36c8427c01b87c6;"La nostra amministrazione utilizza applicativi di back-office differenti che gestiscono istanze attivate presso i SUAP comunali.
Nel sistema proposto dai fornitori, per cui ogni sistema dispone di un proprio connettore che monitora le istanze interfacciandosi con il SSU, sia in ricezione che invio delle comunicazioni, è emersa una criticità riferita alla necessità di garantire coerenza della gestione documentale, evitando duplicazioni nelle registrazioni delle istanze attivate dai SUAP in entrata.
Secondo la logica di processo della gestione documentale, una comunicazione proveniente dal SUAP inerente ad un procedimento unico (associato a codice CUI) viene registrata al protocollo dell’ente ricevente una sola volta con smistamento verso le UO Responsabili per competenza.
Nell’ipotesi in cui una stessa istanza abbia necessità di ricevere più valutazioni/pareri/autorizzazioni ecc., di competenza dello stesso ente e i subprocedimenti connessi siano gestiti internamente da applicativi di BO differenti, potrebbe crearsi, scegliendo una architettura applicativa per cui ognuno di essi provvede con il proprio connettore a ricevere le istanze da catalogo SSU in autonomia, la condizione per cui tutti gli applicativi, tramite Web Services interni, richiedano a quello di protocollo, la registrazione in entrata della medesima istanza/comunicazione unica attivata dal SUAP, creando delle duplicazioni delle registrazioni non corrette.
Inoltre, nel caso in cui il sistema unico non sia ancora maturo nei dati a catalogo (implementazione completa di tutti i procedimenti di competenza a livello provinciale e delle UO competenti, oltre la sola AOO), si potrebbe determinare una impossibilità per i sistemi di BO in uso, leggendo descrittori non completi di tutti i dati utili, di individuare con certezza la propria competenza applicativa, andando di conseguenza a ricevere e registrare anche ove questo non sia necessario
In sede di valutazione sugli scenari più adeguati, una configurazione applicativa che appare coerente e resistente agli errori, garantendo una cooperazione applicativa non caotica tra sistemi (necessariamente adeguati agli stessi standard previsti dalle specifiche tecniche, per essere in condizioni di poter dialogare tra loro senza corrompere le informazioni), è quella secondo cui uno solo degli applicativi viene deputato alla gestione dei flussi in entrata (in questo caso la scelta, come conseguenza logica, è sul SW di gestione del protocollo e smistamento), smistando le istanze con connettori interni secondo decodifica ad es. dei codici IPA, ove disponibili, oppure manualmente dagli operatori di protocollo.
Per quanto riferito ai flussi in uscita invece, una gestione asincrona delle comunicazioni, per cui i flussi sono gestiti direttamente dai singoli BO tramite i propri connettori, sembra essere una soluzione coerente ed efficiente in modo che ogni BO possa anche contribuire ad integrare i dati del sistema e dei descrittori.
Si chiede pertanto un supporto tecnico e, se possibile, un eventuale confronto per meglio orientarci nella definizione delle scelte di implementazione e sviluppo del progetto.";"L'architettura SSU è composta da una componente Front-Offiche che offre una piattaforma ad un presentatore al fine di compilare le istanze, una componente Back-Office che ha il compito di effettuare delle verifiche e svolgere un ruolo da orchestratore delle istanze SUAP e infine ci sono gli Enti Terzi che devono avviare le loro istrutturie di competenza ed esprimere dei pareri.
Si precisa inoltre che i pareri degli Enti Terzi possono essere inviati, per ogni fattispecie dei procedimenti SUAP, ad una componente Back-Offiche che ha il compito di raccogliere tutti gli esiti, nonchè tutte le eventuali richieste, al fine di inoltrare al presentatore, mediante il Front-Office, i riscontri sul procedimento avviato.

Al fine di poter gestire in modo adeguato la vostra segnalazione, siamo a disposizione per un supporto diretto al fine di identificare la soluzione più adeguata nel rispetto delle Specifiche Tecniche.

Qualora vi sia la necessità di ulteriori chiarimenti, la invitiamo a contattarci tramite il canale di messaggistica del ticket.
Le comunichiamo inoltre che, in assenza di ulteriori richieste, il presente ticket sarà chiuso automaticamente dal sistema entro 7 giorni lavorativi.";n.a.
315;656f80c8447642b8a860b54e22ada247;"Il mime type dell'atto amministrativo da allegare per la convocazione della Conferenza dei Servizi Sincrona nello yaml è di tipo stringa senza alcun controllo. Ci confermate che rimarrà così o dobbiamo ipotizzare che possano esserci dei controlli in futuro così come avviene con gli altri mime type?
mime_type:
title: ""indica il formato dei dati previsto per l'atto amministrativo""
type: string
minLength: 1";"Non sono previste ulteriori considerazioni in merito al mime_type dell'atto amministrativo allegato alla convocazione della conferenza dei servizi sincrona. 

Qualora vi sia la necessità di ulteriori chiarimenti, la invitiamo a contattarci tramite il canale di messaggistica del ticket.
Le comunichiamo inoltre che, in assenza di ulteriori richieste, il presente ticket sarà chiuso automaticamente dal sistema entro 7 giorni lavorativi.";n.a.
316;34a2613893414c2cbe5532b4de3a7d67;"Domanda per tecnici/programmatori:
Stiamo sviluppando un eclient che invoca il request_cui, inviando l'instanceDescriptor in allegato riceve la seguente risposta:
{
""code"": ""ERROR_400_001"",
""message"": ""incorrect request input""
}
Abbiamo fatto anche prove sostituendo 0 o """" al null degli attributi del CUI ma la risposta è la stessa.
Se togliamo completamente il cui (o mettiamo ""cui"": null) riceviamo invece la stessa risposta ma con l'iniziale maiuscola:
{
""code"": ""ERROR_400_001"",
""message"": ""Incorrect request input""
}
Non sappiamo se la lettera maiuscola può aiutarvi nella ricerca di una soluzione.";"Il  ""request_cui"" è un servizio esposto dal Catalogo al Front-Office, per tale motivo, si invita ad inviare tale segnalazione ad InfoCamere per risolvere eventuali problemi di integrazione col Catalogo SSU.

Qualora vi sia la necessità di ulteriori chiarimenti, la invitiamo a contattarci tramite il canale di messaggistica del ticket.
Le comunichiamo inoltre che, in assenza di ulteriori richieste, il presente ticket sarà chiuso automaticamente dal sistema entro 7 giorni lavorativi.";n.a.
317;n.a.;"[ Instance descriptor ]
come si costruisce l'instance descriptor corretto?  Immaginando di lavorare sul procedimento 1283:

I seguenti attributi li valorizza direttamente il FrontOffice

1        municipality         la sceglie l'utente
2        version         partiremo da 1
3        times         valorizziamo  ""start"":""2025-09-04"",

A questo punto dobbiamo assemblare anche le seguenti informazioni:
il regime amministrativo, usecase_procedings, forms, xsd, schematron, competent-administration
 
sono corrette le seguenti chiamate?

4        Regime amministrativo         GET /proceedings-administrative-regimes/1283
5        usecase_procedings           GET /proceeding/1283/00.00.00/usecase-proceedings
6        Foms          GET /proceedings-forms/1283
7        Xsd         GET /forms-xsds/{id_form_list}
 passandogli tuti gli id-forms recuperati dalla chiamata 5
8        Schematron         GET /forms-schematrons/{id_form_list} 
 passandogli tuti gli id-forms recuperati dalla chiamata 5
9        competent-administration         GET /proceeding/1283/00.00.00/003001/competent-administration
";"Di seguito i passaggi principali per la costruzione dell'instanceDescriptor:
1- recupero degli eventi della vita e della tipologia del procedimento amministrativo a partire dalla municipality invocando il path dell'OpenAPI meta ""/typologies-lifeevents?municipality={comune} ""
2- recupero del procedimento SUAP invocando il path dell'OpenAPI meta "" /proceedings?typology={typology}&lifeevent={lifeevent}&municipality={comune}""
3- recupero della fattispecie invocando il path dell'OpenAPI meta ""/proceeding/{proceeding_id}/{proceeding_version}/usecase-proceedings""
4- recupero di eventuali endoprocedimenti invocando il path dell'OpenAPI meta ""/usecase-proceedings/{usecase_proceedings_id}/{usecase_proceedings_version}/usecase-proceedings""
5- recupero del regime amministrativo (workflow): per ogni endoprocedimento recuperato a partire dalla fattispecie, il sistema deve recuperare l’elenco degli oggetti Times e Regimi Amministrativi associati alle fattispecie. Per determinare il Regime Amministrativo dell’Instance Descriptor, l’operatore di Front-Office dovrà identificare il regime più stringente. Il path da invocare è ""/proceedings-administrative-regimes/{id_proceeding_list}"" dell'OpenAPI meta
6- recupero dei form (moduli) invocando il path dell'OpenAPI meta ""/proceeding/{proceeding_id}/{proceeding_version}/form""
7- se il modulo è strutturato vanno recuperai i relativi validatori xsd e schematron invocando i seguenti path dell'OpenAPI meta ""/form/{form_id}/{form_version}/xsd"" e ""/form/{form_id}/{form_version}/schematron""
8- recupero degli allegati per ogni fattispecie invocando il path dell'openAPI meta ""/proceeding/{proceeding_id}/{proceeding_version}/attachments""
9- se gli allegati sono strutturati vanno recuperati i relativi validatori xsd e schematron invocando i seguenti path dell'OpenAPI meta ""/attachment/{attachment_id}/{attachment_version}/xsd"" e ""/attachment/{attachment_id}/{attachment_version}/schematron""
10- recupero dell'amministrazione competente invocando il path dell'OpenAPI meta ""/proceeding/{proceeding_id}/{proceeding_version}/{municipality}/competent-administration """;n.a.
318;n.a.;"[BLACK BOX]
il test viene eseguito su un procedimento che indichiamo noi o un procedimento scelto a caso? 
";Il test deve essere effettuato sul procedimento indicato nel Welcome kit fornito per effettuare i Black Box Test;n.a.
319;n.a.;"[ TEST_ERROR_503_001 ]
FO_TC_002
FO_TC_012
..
il test verificherà anche il caso in cui il nostro servizio Rest non sia raggiungibile o eventuali casistiche a valle del servizio Rest?
Giusto per capire se dobbiamo anche prevedere ( per il test ) di configurare un server nginx 
";I test di tipo 500 e 503 sono stati rimossi nel branch approved01 al fine di semplificare le BBT e non dover gestire eventuali disservizi dei server o forzare errori interni.;n.a.
320;n.a.;"[ TEST CASE  Relativi ai Token ]
FO_TC_005
FO_TC_007
...
Relativamente ai Token AgID-JWT-Signature e Pdnd (che immaginiamo sia sempre un token jwt ) 
Sono giustamente previsti i test di validazione dei token. Come otteniamo le chiavi pubbliche necessarie?
";"Al momento della richiesta di fruizione, l’ente dovrà condividere gli URL del servizio. Successivamente, IC approverà la fruizione e verranno resi disponibili i servizi necessari per la richiesta del JWT.

In ogni caso, per i test con BBT saranno forniti dei token da utilizzare all’interno del Welcome Kit. Questi token dovranno essere configurati nel sistema dell’ente come validi.";n.a.
321;n.a.;"[ TEST CASE Relativi al CUI ]
FO_TC_008 
FO_TC_020
...
quando un CUI è valido? 
Noi ci apprestiamo a validare le seguenti condizioni:

1- il context è una stringa e non deve contenere cifre numeriche?
2- la data non può essere precedente alla richiesta del cui
3- la data non può essere domani
4- il progressivo deve essere >0
5- il cui_uuid NOT_NULL
6- La struttura del CUI deve contenere tutti e quattro i field not null
";"I test indicati sono stati rimossi perchè le BBT non verificano più i codice di errore di tipo HTTP 500. 

Il CUI è valido se rispetta quanto dichiarato nel json-schema consultabile al seguente link di GitHub: https://github.com/AgID/specifiche-tecniche-DPR-160-2010/blob/approved01/json-schema/cui-schema.yaml
E' corretto inserire i controlli a livello applicativo (ad es. la data non può essere una data futura...) come precisato nella segnalazione.";n.a.
322;n.a.;"[ TEST CASE richiesta correzione/integrazione ]
FO_TC_046
FO_TC_058
FO_TC_046
FO_TC_110
FO_TC_111
I test case verificano che le richieste di correzione/integrazione siano valide.
Noi supponiamo le richieste debbano fare riferimento un CUI esistente e ancora in lavorazione cioè in uno stato ancora modificabile per esempio ""Presented"" che debba contenere almeno un elemento da correggere/integrare
";"I test indicati sono stati rimossi perchè le BBT non verificano più i codice di errore di tipo HTTP 500. 
 
Confermiamo ad ogni modo che è corretto verificare che l'instanceDescriptor si trovi in uno stato coerente con il tipo di operation testata. Il Welcome Kit è stato definito tenendo in considerazione delle precondizioni e degli oggetti negli stati corretti al fine di verificare con esattezza la buona riuscita del test.";n.a.
323;n.a.;"[ TEST CASE Rappresentation corretta ]
FO_TC_033
FO_TC_035
si riferisce alla corretta corrispondenza tra il tipo del documento richiesto xml, pdf ecc ed  il mime-type ? 
";"I test case FO_TC_033 e FO_TC_035 fanno riferimento alla corretta corrispondenza tra l'hash del documento richiesto e il valore inserito all'interno dell'if-match.

Nel caso di FO_TC_033 deve essere inserito un valore di if-match differente dall'hash del documento richiesto, al fine di verificare che la risposta attesa sia una Response HTTP 428.

Per comprendere meglio le tabelle BBT è consigliabile controllare anche le tabelle delle tipologie di errore presente al capitolo 8.6 delle Specifiche Tecniche";n.a.
324;n.a.;"Funzionamento della BBT
Quesiti su configurazione dei test
In merito alla configurazione della BBT per l’esecuzione dei test, vorremmo delle delucidazioni circa i valori da utilizzare per la configurazione del metodo getValidationTestInstance.
I quesiti sono i seguenti:
Il campo “componentName” come va valorizzato?
I campi “officeUO” e “officeAOO” come vanno valorizzati? Vanno specificati i riferimenti Regionali o di uno dei Comuni gestiti da Regione?
Il campo “user” come va valorizzato?
I campi “city” e “address” come vanno valorizzati?
Il campo “piva_fornitore” come va valorizzato?";La presente segnalazione deve essere risolta da InfoCamere in qualità di gestore della piattaforma per i Black Box Test.;n.a.
325;n.a.;"Relativamente alla compilazione della REQUEST_CUI, selezionando uno usecase (es: USEC-0001500), sono
associati più regimi amministrativi. Pertanto la sezione ""usecase_proceedings"" del REQUEST_CUI deve avere più
nodi figli. Questo comporta la compilazione del campo ""code"" per più volte sempre con lo stesso valore (USEC0001500) ?
Inoltre, la sezione TIMES è presente una sola volta, ma essendo in relazione al regime amministrativo può assumere
più valori distinti. Con quale di questi va compilata la sezione TIMES?";"L'attributo ""code"" presente a livello di ""usecase_proceedings"" all'interno dell'InstanceDescriptor è riconducibile all'ID della relativa fattispecie gestita nel Catalogo. La dipendenza tra due fattispecie, ovvero, una primaria con la relativa secondaria, viene mappata mediante l'entità ""endoproceeding"", sempre gestito nel Catalogo.
I tempi procedimentali sono indicati nel Catalogo a livello di fattispecie, sulla base di questi il BO SUAP crea l'oggetto Times presente nell'InstanceDescriptor per determinare i tempi di gestione dell'intero procedimento SUAP.";n.a.
326;n.a.;"Con quale valore va compilato il campo ""instance_description_version"" presente in alcuni e-service?";La versione dell'InstanceDescriptor è un intero e si suggerisce di partire sempre dalla versione 1. Tale valore verrà incrementato dal Catalogo ad ogni variazione di stato.;n.a.
327;n.a.;"Con quali valori vanno compilati i campi ""code"", ""ref"" e ""resourceid"" appartenenti all'oggetto ""instance_index"" presente in alcuni e-service?";"code: l'attributo riporta il codice della fattispecie a cui il documento è associato
ref: l'attributo riporta il ref del documento (attachment o instance) gestito nell'InstanceDescriotor. 
resource_id: l'attributo riporta il riferimento mediante il quale una componente può richiedere la risorsa mediante la chiamata ""/instance/{cui_uuid}/document/{resource_id}""";n.a.
328;n.a.;"Anche l'eservice REA per Backoffice SUAP ha smesso di funzionare. E' stato aperto un ticket per segnalare il
problema a cui è stato risposto ""il problema riscontrato riguarda la validazione del token JWS. In particolare, al fine di
evitare un forte accoppiamento tra le componenti, la chiave pubblica utilizzata per verificare la firma dei token deve
essere depositata su PDND ed essere recuperabile attraverso le opportune API di interoperabilità. Ai fini della
risoluzione della problematica, siamo a condividerLe il link alla issue mediante il quale è possibile richiedere lo switch
verso INTEGRITY_REST_02 https://github.com/AgID/specifiche-tecniche-DPR-160-2010/issues/164"".";Come indicato nella risposta di InfoCamere, il pattern di sicurezza da utilizzare è INTEGRITY_REST_02. Per gestire tale problematica è stata aperta una issue e il Gruppo Tecnico concorda nell'utilizzare tale pattern di sicurezza alla sua ultima versione attuale. Seguiranno comunicazioni ufficiali in merito ma al momento procediamo mediante tali segnalazioni durante gli incontri con le Community.;n.a.
329;n.a.;"Provando ad utilizzare l'API send_instance per l'invio verso Comunica, la chiamata ora viene accettata, ma riceviamo l'errore seguente:
{ \""type\"": \""https://govway.org/handling-errors/400/InteroperabilityInvalidRequest.html\"", \""title\"": \""InteroperabilityInvalidRequest\"", \""status\"": 400, \""detail\"": \""Received request is not conform to the required interoperability profile\"", \""govway_id\"": \""355fe7ff-03ef-11f0-a1d2-005056a2d0d3\"" }
Come prima risposta ci era stato detto che l'errore ottenuto è causato dalla validità del JWS (campo exp impostato a 24h, invece di pochi minuti).
Cambiando il campo exp però otteniamo due errori diversi. Allego 2 esempi completi.

----- ESEMPIO 1 : iat = time() ed exp dopo un minuto.
iat = time()
exp = iat + 60

Agid-JWT-Signature:
eyJ0eXAiOiJKV1QiLCJhbGciOiJSUzI1NiIsImtpZCI6IkljekZZNWVHNE1GdXUybFR6ZGN6eDBzUERVWno1SkN2dWhSeVh0UmFFUG8ifQ.eyJpc3MiOiI2NmNiYjdkOS00MGVlLTQ2NDItOGI0MC0yZmUwYzNlOGI5MjciLCJzdWIiOiI2NmNiYjdkOS00MGVlLTQ2NDItOGI0MC0yZmUwYzNlOGI5MjciLCJhdWQiOiJodHRwczovL3NlcnZpeml3ZWIuY2wuaW5mb2NhbWVyZS5pdC9tb2RpL3Jlc3QvaW4vaW5mb2NhbWVyZS9nZXN0aW9uZS1pc3RhbnphLWNvbXVuaWNhLXN1YXAvdjEiLCJpYXQiOjE3NDU4NDQzOTksImV4cCI6MTc0NTg0NDQ1OSwianRpIjoiYjY3ZTU5ZjBjODY0NGY0OGJkZjk2MWVjY2Q0OTU1NzIiLCJzaWduZWRfaGVhZGVycyI6W3siZGlnZXN0IjoiU0hBLTI1Nj1nRTBsQUtFQTZxWlVOZTBzSmQ2SHJ3K1M1cnQ0RUlEUzVmMVpsQSs5bjRRPSJ9LHsiY29udGVudC10eXBlIjoiYXBwbGljYXRpb24vanNvbiJ9XX0.C1F34TtiGlxjjLOhQ5eMZYuVcJvIGwsQ3M0JOCZ64kpbFi3CYozM4sJgJ1aJDMXMr5JDUh570u9LXv1Mk7T0IONfEKeAyLTvTS1nNqZdPm5B9E0zoEBYYqRCKrX_LSkjUdIwY2rG3EX9HChGn6u8joz__mrlCF2byFW1ISnStzIyW67XUF-gyREpLt2gbag_ctvdtq3soEzaO_sKpqQ4_DVub9V5x7WRmoElHVxj46OCq6vp55-gGQuvhK6VZSi7RIDnvFfXPQc4RYRQEQrAtuMkCU2WJehZUZBq0cnu1LEnG0DtSO5vYm8oKQGyzGt1xgouEtk3KAGTyHktZyR_gg

Risultato:
{
    ""code"": ""ERROR_400_001"",
    ""message"": ""Incorrect request input.""
}

CURL COMPLETO:
curl --location 'https://serviziweb.cl.infocamere.it/modi/rest/in/infocamere/gestione-istanza-comunica-suap/v1/send_instance' \
--header 'Content-Type: application/json' \
--header 'Digest: SHA-256=gE0lAKEA6qZUNe0sJd6Hrw+S5rt4EIDS5f1ZlA+9n4Q=' \
--header 'Agid-JWT-Signature: eyJ0eXAiOiJKV1QiLCJhbGciOiJSUzI1NiIsImtpZCI6IkljekZZNWVHNE1GdXUybFR6ZGN6eDBzUERVWno1SkN2dWhSeVh0UmFFUG8ifQ.eyJpc3MiOiI2NmNiYjdkOS00MGVlLTQ2NDItOGI0MC0yZmUwYzNlOGI5MjciLCJzdWIiOiI2NmNiYjdkOS00MGVlLTQ2NDItOGI0MC0yZmUwYzNlOGI5MjciLCJhdWQiOiJodHRwczovL3NlcnZpeml3ZWIuY2wuaW5mb2NhbWVyZS5pdC9tb2RpL3Jlc3QvaW4vaW5mb2NhbWVyZS9nZXN0aW9uZS1pc3RhbnphLWNvbXVuaWNhLXN1YXAvdjEiLCJpYXQiOjE3NDU4NDQ2MzMsImV4cCI6MTc0NTg0NDY5MywianRpIjoiZjRhNWY1ODY3OTFmYzEzNWQ5ODg3ZmNiN2M3ODc4MmYiLCJzaWduZWRfaGVhZGVycyI6W3siZGlnZXN0IjoiU0hBLTI1Nj1nRTBsQUtFQTZxWlVOZTBzSmQ2SHJ3K1M1cnQ0RUlEUzVmMVpsQSs5bjRRPSJ9LHsiY29udGVudC10eXBlIjoiYXBwbGljYXRpb24vanNvbiJ9XX0.lxhp1G2LQYNfXfag-7D3Hkc7DVFZ3QvcWW7EBBn9Nv5A6RV2Y3vHKJ2Mg5z8TFmNV2ik6GApfLQp8qPWNkdOpK8laSrQAvFr9X2w0JmfT0oPF6pfSUR6cFkiuJdUAWFO25nbatRAYteAPpKgKNfv4K4Bp_CnFSRL3bJhfc5enRY1kK-d-XMXc_pC8J_IHIanerH_NlMiMAmN8atC9oVRx00DsKTQZxQLyCMF5rQR_g5PY9y6TNDghSr_bv5kyKueUX6S5jkkDYWTeCTZS5vaWZvvB127_x9JPQr-UGz9UfzjPdSh1dW0MsrpNvoyCfT7tlUp28Fdsbh4gg2zKNX7cQ' \
--header 'Authorization: Bearer eyJhbGciOiJSUzI1NiIsInVzZSI6InNpZyIsInR5cCI6ImF0K2p3dCIsImtpZCI6ImNkYjUyNTMyLWRkOTQtNDBlZi04MjRkLTljNTViMTBlNmJjOSJ9.eyJqdGkiOiI2NDQ3YWRhZC1lYmYyLTQ5OTUtOTI4NC04ZDI4M2ZjNTc3ZDIiLCJpc3MiOiJ1YXQuaW50ZXJvcC5wYWdvcGEuaXQiLCJhdWQiOiJodHRwczovL3NlcnZpeml3ZWIuY2wuaW5mb2NhbWVyZS5pdC9tb2RpL3Jlc3QvaW4vaW5mb2NhbWVyZS9nZXN0aW9uZS1pc3RhbnphLWNvbXVuaWNhLXN1YXAvdjEiLCJjbGllbnRfaWQiOiI2NmNiYjdkOS00MGVlLTQ2NDItOGI0MC0yZmUwYzNlOGI5MjciLCJzdWIiOiI2NmNiYjdkOS00MGVlLTQ2NDItOGI0MC0yZmUwYzNlOGI5MjciLCJpYXQiOjE3NDU4NDM5NjEsIm5iZiI6MTc0NTg0Mzk2MSwiZXhwIjoxNzQ1OTMwMzYxLCJwdXJwb3NlSWQiOiJhOWNiNzliNy1mZTZiLTQyNDgtOGJmMC1kYTNmMmMzZTQ2NDcifQ.i5c2p3dJ6Cy_DyqTWu4KDot0Fb9_J4MajVdRCUqwAPguSVjacbYqscw-1ZlXbuqya2RBqhE3E-PACQbKWjv52TmDBcKEWvEpcY7-nfpgxtVuAuzFOG82AuRt4E-u_XcmFaYDTy-JMMRcC9xscANMq335tsWCvzl57coIaRCkTMfj9XAbJo31QrmeebUWqChKDSn46sQ0q6UN2hZw9jbupohheSMvtk0NpLbwuE8DwfSOP4DPu0FeKGSIyAe9SRsNLIR6ZiJ5mcteiDVbmv0pErl4WIlkp2ZboGw6-lYmr_hBCwuxGmlV47as8LCGIyM-tc_4ZbEZU301CplFsyW93w' \
--data '{""cui"":{""context"":""SUAP"",""data"":""2025-04-28"",""progressivo"":""1750"",""uuid"":""aff8666b-9b46-4628-a259-03235794b776""},""instance_descriptor_version"":0,""instance_index"":[{""code"":""USEC-0001321"",""ref"":""10325"",""resource_id"":""102006"",""hash"":""4cfcb886698b6e2352a9f7fc6029bb92ff2e575b372df28c23aafb5bbb9cdbbb"",""alg_hash"":""S256""},{""code"":""USEC-0001321"",""ref"":""10327"",""resource_id"":""102007"",""hash"":""572b71b66a010d521d2e069a0b986b41ee89f944f08bc76aef201190979064bd"",""alg_hash"":""S256""},{""code"":""USEC-0001321"",""ref"":""10328"",""resource_id"":""102008"",""hash"":""ce7f28a8d0a254d03273dcdf60f4d475620ea7d82b52ed97a5fb70009f1caf56"",""alg_hash"":""S256""},{""code"":""USEC-0001321"",""ref"":""10329"",""resource_id"":""102009"",""hash"":""ef1c09607bbd329fad9e7505d13078641e1e61e5199ee3048b20c3bb5548c349"",""alg_hash"":""S256""},{""code"":""USEC-0001321"",""ref"":""10330"",""resource_id"":""102010"",""hash"":""84cccd47562e59536e3f065cae810bad757319ccb24e97f8334cb4aad15cab54"",""alg_hash"":""S256""}],""general_index"":[{""name"":""SUAP_XML"",""resource_id"":""102686"",""mime_type"":""application/xml"",""hash"":""886b7f6d27b3df4dde9044a510bb1b15742915f2f77a560239720a8c5de7c1dd"",""alg_hash"":""S256""},{""name"":""SUAP_PDF"",""resource_id"":""102006"",""mime_type"":""application/pdf"",""hash"":""4cfcb886698b6e2352a9f7fc6029bb92ff2e575b372df28c23aafb5bbb9cdbbb"",""alg_hash"":""S256""}]}'

----- ESEMPIO 2 iat = time() nel passato ed exp dopo un minuto.

iat = time() - 1800
exp = iat + 60

Agid-JWT-Signature:
eyJ0eXAiOiJKV1QiLCJhbGciOiJSUzI1NiIsImtpZCI6IkljekZZNWVHNE1GdXUybFR6ZGN6eDBzUERVWno1SkN2dWhSeVh0UmFFUG8ifQ.eyJpc3MiOiI2NmNiYjdkOS00MGVlLTQ2NDItOGI0MC0yZmUwYzNlOGI5MjciLCJzdWIiOiI2NmNiYjdkOS00MGVlLTQ2NDItOGI0MC0yZmUwYzNlOGI5MjciLCJhdWQiOiJodHRwczovL3NlcnZpeml3ZWIuY2wuaW5mb2NhbWVyZS5pdC9tb2RpL3Jlc3QvaW4vaW5mb2NhbWVyZS9nZXN0aW9uZS1pc3RhbnphLWNvbXVuaWNhLXN1YXAvdjEiLCJpYXQiOjE3NDU4NDI2NDAsImV4cCI6MTc0NTg0MjcwMCwianRpIjoiYzRiMTQ2NDVlYmIwYWU4ZGM4NzRjODM4ZjVkODc0M2QiLCJzaWduZWRfaGVhZGVycyI6W3siZGlnZXN0IjoiU0hBLTI1Nj1nRTBsQUtFQTZxWlVOZTBzSmQ2SHJ3K1M1cnQ0RUlEUzVmMVpsQSs5bjRRPSJ9LHsiY29udGVudC10eXBlIjoiYXBwbGljYXRpb24vanNvbiJ9XX0.Zveu8ff2En-4Rxw5RYTww6KZXRzOVOiEGGdpqu-CnRbNXdkvX0QJ3fBoZ_L1Phe1k25VaADJZFVzBopn0vnjOap8UK7iQmI6RYOk0nz6lB_mdzAPDPDSdYtbhao9NwNpFKM7nBGYy5Unz1A14yZRKyp4tY8WhnxOQO8LAflHrG2OocpvGPSf8-74ZgRoLm33HSkCrRk2SfOBA7xZT8kOxmNatWXUNelGbP3avvBverIKOTrbBGsaYTTp0V6u4l5_SpaXxqlN7pIW6k8Baf5CPiS0j6eioEFGhZEjl_LxEgpWCxHNRJF0u9Ot_wCoU3QMqG3kVCxSy3J5SuhPqxnA-A

Risultato:
{
   ""type"": ""https://govway.org/handling-errors/400/InteroperabilityInvalidRequest.html"",
   ""title"": ""InteroperabilityInvalidRequest"",
    ""status"": 400,
    ""detail"": ""Received request is not conform to the required interoperability profile"",
    ""govway_id"": ""7e1205b9-2427-11f0-a59a-005056a2d0d3""
}

CURL COMPLETO:
curl --location 'https://serviziweb.cl.infocamere.it/modi/rest/in/infocamere/gestione-istanza-comunica-suap/v1/send_instance' \
--header 'Content-Type: application/json' \
--header 'Digest: SHA-256=gE0lAKEA6qZUNe0sJd6Hrw+S5rt4EIDS5f1ZlA+9n4Q=' \
--header 'Agid-JWT-Signature: eyJ0eXAiOiJKV1QiLCJhbGciOiJSUzI1NiIsImtpZCI6IkljekZZNWVHNE1GdXUybFR6ZGN6eDBzUERVWno1SkN2dWhSeVh0UmFFUG8ifQ.eyJpc3MiOiI2NmNiYjdkOS00MGVlLTQ2NDItOGI0MC0yZmUwYzNlOGI5MjciLCJzdWIiOiI2NmNiYjdkOS00MGVlLTQ2NDItOGI0MC0yZmUwYzNlOGI5MjciLCJhdWQiOiJodHRwczovL3NlcnZpeml3ZWIuY2wuaW5mb2NhbWVyZS5pdC9tb2RpL3Jlc3QvaW4vaW5mb2NhbWVyZS9nZXN0aW9uZS1pc3RhbnphLWNvbXVuaWNhLXN1YXAvdjEiLCJpYXQiOjE3NDU4NDI2NDAsImV4cCI6MTc0NTg0MjcwMCwianRpIjoiYzRiMTQ2NDVlYmIwYWU4ZGM4NzRjODM4ZjVkODc0M2QiLCJzaWduZWRfaGVhZGVycyI6W3siZGlnZXN0IjoiU0hBLTI1Nj1nRTBsQUtFQTZxWlVOZTBzSmQ2SHJ3K1M1cnQ0RUlEUzVmMVpsQSs5bjRRPSJ9LHsiY29udGVudC10eXBlIjoiYXBwbGljYXRpb24vanNvbiJ9XX0.Zveu8ff2En-4Rxw5RYTww6KZXRzOVOiEGGdpqu-CnRbNXdkvX0QJ3fBoZ_L1Phe1k25VaADJZFVzBopn0vnjOap8UK7iQmI6RYOk0nz6lB_mdzAPDPDSdYtbhao9NwNpFKM7nBGYy5Unz1A14yZRKyp4tY8WhnxOQO8LAflHrG2OocpvGPSf8-74ZgRoLm33HSkCrRk2SfOBA7xZT8kOxmNatWXUNelGbP3avvBverIKOTrbBGsaYTTp0V6u4l5_SpaXxqlN7pIW6k8Baf5CPiS0j6eioEFGhZEjl_LxEgpWCxHNRJF0u9Ot_wCoU3QMqG3kVCxSy3J5SuhPqxnA-A' \
--header 'Authorization: Bearer eyJhbGciOiJSUzI1NiIsInVzZSI6InNpZyIsInR5cCI6ImF0K2p3dCIsImtpZCI6ImNkYjUyNTMyLWRkOTQtNDBlZi04MjRkLTljNTViMTBlNmJjOSJ9.eyJqdGkiOiI2NDQ3YWRhZC1lYmYyLTQ5OTUtOTI4NC04ZDI4M2ZjNTc3ZDIiLCJpc3MiOiJ1YXQuaW50ZXJvcC5wYWdvcGEuaXQiLCJhdWQiOiJodHRwczovL3NlcnZpeml3ZWIuY2wuaW5mb2NhbWVyZS5pdC9tb2RpL3Jlc3QvaW4vaW5mb2NhbWVyZS9nZXN0aW9uZS1pc3RhbnphLWNvbXVuaWNhLXN1YXAvdjEiLCJjbGllbnRfaWQiOiI2NmNiYjdkOS00MGVlLTQ2NDItOGI0MC0yZmUwYzNlOGI5MjciLCJzdWIiOiI2NmNiYjdkOS00MGVlLTQ2NDItOGI0MC0yZmUwYzNlOGI5MjciLCJpYXQiOjE3NDU4NDM5NjEsIm5iZiI6MTc0NTg0Mzk2MSwiZXhwIjoxNzQ1OTMwMzYxLCJwdXJwb3NlSWQiOiJhOWNiNzliNy1mZTZiLTQyNDgtOGJmMC1kYTNmMmMzZTQ2NDcifQ.i5c2p3dJ6Cy_DyqTWu4KDot0Fb9_J4MajVdRCUqwAPguSVjacbYqscw-1ZlXbuqya2RBqhE3E-PACQbKWjv52TmDBcKEWvEpcY7-nfpgxtVuAuzFOG82AuRt4E-u_XcmFaYDTy-JMMRcC9xscANMq335tsWCvzl57coIaRCkTMfj9XAbJo31QrmeebUWqChKDSn46sQ0q6UN2hZw9jbupohheSMvtk0NpLbwuE8DwfSOP4DPu0FeKGSIyAe9SRsNLIR6ZiJ5mcteiDVbmv0pErl4WIlkp2ZboGw6-lYmr_hBCwuxGmlV47as8LCGIyM-tc_4ZbEZU301CplFsyW93w' \
--data '{""cui"":{""context"":""SUAP"",""data"":""2025-04-28"",""progressivo"":""1750"",""uuid"":""aff8666b-9b46-4628-a259-03235794b776""},""instance_descriptor_version"":0,""instance_index"":[{""code"":""USEC-0001321"",""ref"":""10325"",""resource_id"":""102006"",""hash"":""4cfcb886698b6e2352a9f7fc6029bb92ff2e575b372df28c23aafb5bbb9cdbbb"",""alg_hash"":""S256""},{""code"":""USEC-0001321"",""ref"":""10327"",""resource_id"":""102007"",""hash"":""572b71b66a010d521d2e069a0b986b41ee89f944f08bc76aef201190979064bd"",""alg_hash"":""S256""},{""code"":""USEC-0001321"",""ref"":""10328"",""resource_id"":""102008"",""hash"":""ce7f28a8d0a254d03273dcdf60f4d475620ea7d82b52ed97a5fb70009f1caf56"",""alg_hash"":""S256""},{""code"":""USEC-0001321"",""ref"":""10329"",""resource_id"":""102009"",""hash"":""ef1c09607bbd329fad9e7505d13078641e1e61e5199ee3048b20c3bb5548c349"",""alg_hash"":""S256""},{""code"":""USEC-0001321"",""ref"":""10330"",""resource_id"":""102010"",""hash"":""84cccd47562e59536e3f065cae810bad757319ccb24e97f8334cb4aad15cab54"",""alg_hash"":""S256""}],""general_index"":[{""name"":""SUAP_XML"",""resource_id"":""102686"",""mime_type"":""application/xml"",""hash"":""886b7f6d27b3df4dde9044a510bb1b15742915f2f77a560239720a8c5de7c1dd"",""alg_hash"":""S256""},{""name"":""SUAP_PDF"",""resource_id"":""102006"",""mime_type"":""application/pdf"",""hash"":""4cfcb886698b6e2352a9f7fc6029bb92ff2e575b372df28c23aafb5bbb9cdbbb"",""alg_hash"":""S256""}]}'

";"La segnalazione inviata riguarda la comunicazione verso il sistema ComUnica offerto e implementato da InfoCamere, pertanto, si invita a gestire tale richiesta direttamente coi loro referenti.
Gestita da Luigi ";n.a.
330;n.a.;"Volevo un chiarimento relativamente al flusso (semplificato dai messaggi di audit/ack) che interessa ET verso BO.


In qualità di ET, devo esporre un servizio come erogatore su PDND che implementa quanto previsto dallo yaml “Ente Terzo to BackOffice SUAP”
A fronte della ricezione di una istanza (CUI) da parte di un BO, devo eseguire le verifiche di integrità previste da PDND
Successivamente devo interrogare il catalogo SSU secondo le modalità previste dallo yaml “SUAP_CatalogoSSU to EnteTerzo SUAP”, e per fare questo devo aver configurato un servizio come fruitore su PDND e sottoscritto il servizio relativo al catalogo SSU.
Se al punto precedente tutto è andato a buon fine, ottengo un descrittore dell’istanza che mi permette di accedere ai documenti ad essa riferiti (istanza e allegati)
A questo punto io dovrei avere un client fruitore su PDND che si collega al BO proprietario dell’istanza per ottenere i file.

Se quanto sopra è corretto, come ET

Devo sottoscrivere su PDND (come fruitore) TUTTI i BO che potrebbero interessare il nostro ente
Oppure si sottoscrive solo il BO SUAP, che si occuperà di fare da hub per recuperare i documenti (utilizzando le informazioni presenti nel catalogo popolato post-accreditamento) ?
 
Nel secondo caso, dovrei fare una sola sottoscrizione su PDND (al BO Suap) , nel primo invece diventa molto impegnativo (dovrei fare N sottoscrizioni) e di contro, come erogatore, dovrei gestire le richieste di sottoscrizione per poter permettere ai BO di inoltrarci le pratiche.";Ogni Ente sulla PDND per integrarsi con le altre amministrazioni deve effettuare una richiesta di fruizione, per ogni componente interessata. Pertanto, se devo interoperare con N SUAP dovrò effettuare N richieste di fruizione. ;n.a.
331;n.a.;"Chiarimento su SBBT nel caso di componente integrata FO/BO:
nell'endpoint getValidationTestInstance() non ci è chiaro cosa comporti la valorizzazione dei campi tcomponent=FOBO e architetturaintegrata=true nella successiva esecuzione dei test, in quanto immaginiamo che comunque entrambe le singole componenti FO e BO dovranno essere testate.
Più in generale (domanda precedentemente posta sul canale Infocamere e attualmente senza risposta): nel caso di componente FO-BO integrata (come ammesso delle specifiche tecniche) è necessario comunque collaudare separatamente le componenti informatiche FO e BO separatamente oppure è previsto un caso specifico di collaudo?";La presente segnalazione deve essere risolta da InfoCamere in qualità di gestore della piattaforma per i Black Box Test.;n.a.
332;n.a.;"Gestione documenti allegati ai procedimenti:
nel campo attachments[] dell'oggetto InstanceDescriptor, non essendo previsti riferimenti alle codifiche esposte dal catalogo per gli allegati, possono essere inseriti anche allegati non previsti esplicitamente dal procedimento censito sul catalogo (es: delega/procura speciale del professionista alla presentazione della pratica o altro allegato libero) ?";"Nelle presenti Specifiche nel branch approved01 un attachment dell'InstanceDescriptor non è strettamente collegato ad uno mappato nel Catalogo. Si precisa però che tale problematica è stata gestita nel branch approved02 indicando gli attributi ""code"" e ""version"".";n.a.
333;n.a.;"Modalità di erogazione e fruizione su PDND degli e-service da parte di un fornitore privato:
nei precedenti incontri si era detto che si sarebbero potute pubblicare le erogazioni e richiedere le fruizioni tramite la sola PA sponsor e tutti gli altri enti avrebbero potuto usufruire dei servizi così pubblicati, ma dall'ultimo incontro tale situazione non è stata più così chiara, per cui chiediamo:
- un fornitore privato potrà erogare/fruire i servizi del sistema SSU tramite la PDND della sola PA sponsor, anche per tutte le altre PA sue clienti ?
- in tal caso, sarà necessario che le altre PA clienti usufruiscano del meccanismo delle deleghe previsto da PDND ?
- come si dovranno gestire casi specifici in cui per esempio la fruizione dell' e-service di un FO non è necessaria per la PA sponsor ma per un'altra PA cliente (es: FO di una Regione diversa da quella della PA sponsor) ?";Attualmente ogni PA deve effettuare autonomamente le richieste di fruizione e di erogazione per i servizi esposti su PDND. Per chiarire eventuali aggiornamenti ed evolutive in merito è necessario l'intervento di PagoPA in qualità di gestore della piattaforma.;n.a.
334;840f7509ae714131b0d430701418faa6;"si segnala che lo yaml pubblicato in https://github.com/AgID/specifiche-tecniche-DPR-160-2010/blob/approved01/openAPI/fo_to_bo.yaml presenta i seguenti errori
1) nella definizione dell'oggetto cui: l'attributo progressive è incoerente con la definizione delle properties e con la definizione riportata in cui-schema.json
2) nella definizione diell'oggetto RequestCorrectionRequest property ""correcion_requested"" vs"" correction_request""
Anche fo_to_cu, bo_to_et, bo_to_fo, bo_to_ri hanno lo stesso errore sulla definizione del cui";"La ringraziamo per la segnalazione e provvederemo a correggere l'errore di digitazione indicato nel punto 2. Si precisa invece che il punto 1 è già stato corretto nel branch mantainance02.

La  segnalazione è stata risolta durante un incontro dedicato, pertanto, viene chiusa direttamente con la presente risposta.";n.a.
335;24642cc9e51a404dbcbecd07eecde117;Si segnala sull'api send_instance di bo_to_fo per inviare le correzioni e le integrazioni che la specifica richiede di replicare informazioni già date in quanto i files del general Index non cambiano ma sono obbligatori da indicare. Si suggerisce di rivedere l'obbligatorietà in modo da non replicare contenuti già inviati.;"La ringraziamo per la segnalazione, verrà analizzata da un punto di vista tecnico per valutare l'effettiva necessità dell'obbligatorietà del GeneralIndex. 

La  segnalazione è stata risolta durante un incontro dedicato, pertanto, viene chiusa direttamente con la presente risposta.";n.a.
336;4fd868e4065440e5aaea3ee4ba1c38f2;Si chiede di chiarire lo scenario integrazione con ComUnica. Da dove parte il flusso? Secondo quale paradigma avviene la business delegation dal fo comunica al fo suap? A che serve il secretToken e come deve essere generato/gestito?;"Considerata la natura della tematica si invita a contattare direttamente il gestore di ComUnica: InfoCamere.
Si precisa comunque che il secret token serve per garantire l’identificazione del ComUnica quale sistema digitale che ha eseguito la redirect

La  segnalazione è stata risolta durante un incontro dedicato, pertanto, viene chiusa direttamente con la presente risposta.";n.a.
337;6592303414a8454c9a788a7450b72e77;"Il framework di digitalizzazione riportato nelle specifiche non spiega come è previsto di gestire le parti personalizzabili da Regioni e Comuni. Nelle versioni non entity oriented che risalgono a gruppi di lavoro datati era stato delineato un approccio sulla base di ""Abstract type"". E' così anche nel nuovo framework? Questi aspetti sono fortemente impattanti per chi gestisce e è responsabile nei confronti di Cittadini e Imprese della modulistica esposta.

nota. non abbiamo trovato un valore coerente per il campo ""intervento"" quindi il quesito posto non è sulla consultazione metadati.";"La segnalazione è stata gestita da InfoCamere rispondendo nel seguente modo:
""Verrà preservato l'utilizzo dell'abstract""

La  segnalazione è stata risolta durante un incontro dedicato, pertanto, viene chiusa direttamente con la presente risposta.";n.a.
338;e6d2c6623b484443b47e61cc6b87a667;VI chiediamo un chiarimento sull'istance descriptor. Ci sembra che nel caso di integrazioni o correzioni l'instance descriptor che ha il catalogossu possa non essere agggiornato. Per esempio per i file sostituiti in fase di correzione o integrazione l'hash (e forse anche il nome del file) cambia rispetto alla versione iniziale. Chi tiene allineato l'instance descriptor relativamente ai contenuti dell'istanza? Il catalogoSSU prevede di aggiornare anche i riferimenti ai contenuti?;"Sono in corso delle analisi di impatto per quanto riguarda l'integrazione e la conformazione dei documenti. Si precisa che attualmente non è possibile aggiornare l'InstanceDescriptor e l'integrazione può essere condotta come un aggiornamento di un documento già presentato modificando le metainformazioni trasportate mediante l'InstanceIndex.

La  segnalazione è stata risolta durante un incontro dedicato, pertanto, viene chiusa direttamente con la presente risposta.";n.a.
339;b524f1156fcb4b61a96429f90f763ce1;"
Nel sequence diagram autorizzativo, è previsto il blocco ""CdSS da SUAP"", in cui il SUAP di propria iniziativa (ovvero senza la richiesta da un Ente Terzo) convoca la conferenza di servizi.
Quale potrebbe essere il caso reale?

La convocazione è inoltrata a tutti gli Enti Terzi ma a questi non è mai stata inviata l'istanza.
E' corretto?";"La convocazione della conferenza dei servizi può essere indetta dal SUAP durante la sua fase di controllo delle istanze, dove constata immediatamente delle peculiarità che possono essere risolte prontamente durante la conferenza dei servizi. 
L'inoltro dei documenti verrà gestito nella convocazione o durante l'incontro stesso. Le Specifiche Tecniche non normano il flusso di gestione della conferenza dei servizi, pertanto, non sono presenti le operation per consentire l'inoltro documentale.

Qualora vi sia la necessità di ulteriori chiarimenti, la invitiamo a contattarci tramite il canale di messaggistica del ticket.
Le comunichiamo inoltre che, in assenza di ulteriori richieste, il presente ticket sarà chiuso automaticamente dal sistema entro 7 giorni lavorativi.";"Richiedente
riteniamo che così come implementato nelle specifiche il flusso non sia corretto o sia confusionario.
Se un endo-procedimento è di competenza di un Ente Terzo, l'istanza dovrebbe sempre essere mandata all'Ente di competenza. Questo, però, non si verificherebbe nel caso di convocazione di cds da parte del SUAP. Stando alle specifiche, in questo flusso, l'Ente Terzo potrebbe non ricevere mai l'istanza e, paradossalmente, il flusso sarebbe corretto. Inoltre, si va a complicare il flusso (non normato dalle specifiche) di gestione della conferenza di servizi in quanto:
Se la cds è richiesta da un Ente Terzo, il suap deve convocarla SENZA mandare l'istanza ai vari soggetti, dato che questa era già stata preventivamente inoltrata
Se la cds NON è richiesta da un Ente Terzo ma viene indetta spontaneamente dal SUAP, allora nel flusso stesso della cds bisognerebbe prevedere l'inoltro dell'istanza agli Enti Terzi, il condizionale è d'obbligo proprio perché non previsto dalle specifiche
Troviamo la cosa piuttosto contorta e, soprattutto, potrebbe portare alla situazione anomala di Enti Terzi che non ricevono istanze di propria competenza.
Si chiede, pertanto, se le nostre posizioni sono condivisibili o se ci sta sfuggendo qualcosa.
Qualora fossero condivise, si pensa di adeguare le specifiche?
Se si optasse per adeguare le specifiche, noi come dovremmo comportarci? Implementiamo adesso un flusso che sappiamo che verrà modificato a breve? Non stiamo parlando di piccoli dettagli.

Operatore
Si precisa che qualora sia un Ente Terzo a richiedere la conferenza, questo ha già ricevuto le istanze e la richiesta viene inviata durante le sue istrottorie. 
Differentemente, se il SUAP ritiene di convocare prontamente la conferenza di servizi può farlo prima dell'avvio delle istruttorie, coinvolgendo gli Enti Terzi che riceveranno le istanze e le modalità di recupero delle stesse durante la conferenza o nella sua convocazione. 
Il presente flusso implementato tiene conto delle analisi condotte durante i tavoli di lavoro che ha coinvolto un gruppo di esperti amministrativi oltre a quelli tecnici. Pertanto, le attuali Specifiche Tecniche sono basate su tali analisi amministrative pregresse. Eventuali aggiornamenti di tale ambito devono essere in caso gestite da un gruppo esperto in materia. Il supporto erogato dalla presente piattaforma invece è puramente tecnico e quindi limitato a chiarire eventuali dubbi o incomprensioni circa il flusso e la sua implementazione."
340;c18111c9d2494ce6a27063c296df17d6;"la struttura dati (schema ER) prevede la relazione tra una fattispecie principale ed una secondaria, ovvero tra un procedimento principale ed un possibile endoprocedimento.
Tale relazione è pensata solo per una sorta di facilitazione per l'utente che deve presentare la domanda? Ovvero è una sorta di indicazioni su quali potrebbero essere ulteriori procedimenti da presentare, senza costituire un obbligo e senza dare un'indicazione esaustiva di tutti i procedimenti presentabili contestualmente?

In altri termini, si potrebbero presentare con una pratica SUAP due fattispecie che non sono relazionate nel catalogo, così come si potrebbe presentare una sola fattispecie anche se questa è relazionata ad un'altra. Corretto?

Se così fosse, sarebbe utile capire la logica seguita nel relazionare tra loro le fattispecie.";"Le fattispecie sono collegate direttamente ad un procedimento e possono essere definite primarie o secondarie.
La relazione che le lega, ovvero l'entità ""endoproceeding"",  definisce la dipendenza che c'è tra un ""usecase_proceeding"" (fattispecie) primario con n usecase_proceeding secondari. La relazione definisce anche l'obbligatorietà delle fattispecie secondarie associate a quella primaria.
Facendo un caso d'uso, c'è una fattispecie primaria X che è collegata a 3 fattispecie, A, B e C, dove solo A è obbligatoria. Se un utente decide di attivare il procedimento X, deve necessariamente attivare anche il procedimento secondario A e può scegliere di attivare i procedimenti B e C che sono invece opzionali. Si precisa che un procedimento SUAP può essere composto da un solo procedimento primario, il quale determina gli n procedimenti secondari che possono/devono essere gestiti nella stessa pratica.

Qualora vi sia la necessità di ulteriori chiarimenti, la invitiamo a contattarci tramite il canale di messaggistica del ticket.
Le comunichiamo inoltre che, in assenza di ulteriori richieste, il presente ticket sarà chiuso automaticamente dal sistema entro 7 giorni lavorativi.
";n.a.
341;n.a.;"nel caso in cui il Frontoffice SUAP debba recuperare dal Backoffice SUAP le risorse file specificate nel ""integration_document_list"" oppure in una notify, il FO ha solo un resource_id e non ha modo, come confermato da AGID, do recuperare il nome del file e il mime type del file in modo che il Frontoffice SUAP lo renda disponibile all'utente. 
Questo rende impossibile rendere fruibili i contenuti al Cittadino/Impresa. Il file non può essere correttamente visualizzato da un utente se non sa che tipo di file si tratta.";Il filename ed il mime_type sono stati aggiunti nel branch mantainance02 a seguito della gestione di una issue creata appositamente per la presente problematica;n.a.
342;n.a.;version dell'instance descriptor: AGID  ci ha dato indicazione di partire da 1 ma negli esempi che restituisce il CatalogoSSU la version inizia da 0. Chiediamo chiarimento a Infocamere o conferma di quale indicazione seguire.;Il valore iniziale della versione dell'Instance Descriptor non ha una validità forte, pertanto, può essere impostato liberamente e verrà aggiornato in modo incrementale dal Catalogo SSU.;n.a.
343;n.a.;"E' stato chiesto a AGID come deve essere popolato il campo ""ref"" per la chiamata request_cui, in InstanceDescrptor/usecase_proceedings/instance e InstanceDescrptor/usecase_proceedings/attachments; e  per la chiamata send_instance esposta dal BO SUAP, nell' InstanceIndex. 
AgiD ci ha risposto che è suggerito che si usi l'id allegato/modulo che viene assegnato nel CatalogoSSU ma non è un obbligo.  
Infocamere nell'ultima call di community Regioni e Fornitori ha fatto breve accenno che nell'approved_002 ci sarà un obbligo a seguire il CatalogoSSU. Potete chiarire meglio a cosa fate riferimento? Segnaliamo che è impossibile che il CatalogoSSU possa sapere tutte le tipologie di allegato su tutte le fattispecie. Quindi ci auspichiamo che sia solo un suggerimento quello di usare il  ref o non per gli allegati.";"Nel branch approved01 non è presente il riferimento all'oggetto gestito dal Catalogo, tale attributo è stato aggiunto successivamente per il branch approved02 mediante ""code"" e ""version"".
Attualmente il campo ref può essere valorizzato liberamente e deve essere usato come identificativo per recuperare il resource_id presente nell'InstanceIndex.";n.a.
344;n.a.;Chiarire nelle audit che il FO SUAP deve inviare come si identifica il Backoffice suap  o l'ente terzo. Nella call ultima sono state date due risposte che appaiono in contrapposizione: per AGID deve essere concatenato l'id della componente informatica, per Infocamere nel caso del backoffice suap va usata la municipality (codice istat a 6 cifre) e per l'ente terzo va usato l'identificativo dell'ente terzo. Ci potete chiarire qual è l'interpretazione corretta?;"Quando nei messaggi di audit compaiono le diciture BO ed ET, è necessario inserire i riferimenti corrispondenti ai back-office e agli enti terzi.
Come concordato con InfoCamere durante la generazione del testbook del Catalogo, per i BO, deve essere indicato il codice ISTAT, mentre per gli ET va inserito l’ID della competent administration.";n.a.
345;n.a.;Su richiesta chi ha in carico l'aggiornamento della version dell'istance descriptor, AgID ha risposto che è il CatalogoSSU che aggiorna la version. Ci sorge questo dubbio: come si garantisce che tutti i componenti abbiano la version dell'instance descriptor aggiornata in modo corretto? Per esempio caso istanza inviata a 2 enti terzi. Ogni ente terzo ha la stessa versione? Se ha la stessa versione e entrambi hanno necessità di un'integrazione, entrambi fanno riferimento alla stessa versione seppur in realtà espimono due momenti diversi. Ogni componente prima di fare qualsiasi azione deve richiedere al CatalogoSSU l'istance descriptor? Questo passo, se necessario, non è riportato su nessun sequence diagram.;"La versione dell'InstanceDescriptor viene aggiornata sul Catalogo in qualità di gestore centralizzato dei metadati. Le componenti FO, BO ed ET hanno il compito di recuperare e verificare lo stato dell'InstanceDescriptor affinchè questo sia in uno stato coerente (vedere lo state-diagram) in funzione dell'operazione che si vuole compiere. 
 Il versionamento è un elemento fondamentale per garantire la consistenza dei dati nel contesto distribuito dell'SSU. ";n.a.
346;n.a.;"Nel caso caso in cui un'istanza contenga più di un procedimento di competenza dello stesso Ente Terzo.
A parità di istanza e ente terzo è previsto che l'azione ""send_conclusions"" sia una per procedimento/fattispecie di competenza dell'Ente Terzo. Tuttavia come da risposta di AgID (sul ticket cabfe290851c4a6180aefe1145780774): Nelle presente branch approved01 non è previsto il riferimento alla fattispecie per cui è stata inviata la risposta e sono previsti degli adeguamenti in merito. Tuttavia, è possibile indicare la fattispecie di riferimento all'interno del documento delle conclusioni che viene inviato al BO. 
Consideriamo che questo comporti una criticità e interventi manuali a carico dell'operatore SUAP";"Si riporta la risposta completa che era sta condivisa:
E' previsto che un ET risponde per ogni fattispecie su cui è coinvolto. Nel presente branch approved01 non è previsto il riferimento alla fattispecie per cui è stata inviata la risposta e sono previsti degli adeguamenti in merito. Tuttavia, è possibile indicare la fattispecie di riferimento all'interno del documento delle conclusioni che viene inviato al BO.

Un ET può mandare più send_conclusion, una per ogni fattispecie come indicato nella risposta da noi formulata. La soluzione proposta è orientata a risolvere una configurazione attualmente in essere, prevedendo l'indicazione della fattispecie direttamente nel documento. Si precisa che è stata aperta una issue al fine di gestire tale problematica nel branch approved02.";n.a.
347;d566642570fa4b75a4365d16f3408581;"Come fornitore di Ente Terzo di Regione XXX stiamo creando il servizio ""send_istance"", una volta che il servizio di produzione sarà pubblicato su PDND, se abbiamo ben compreso ogni singolo BO SUAP dovrà accreditarsi al nostro servizio send_istance, e quindi chiamarci con client-id e purpose-id loro forniti. Confermate?
Sempre in merito ai servizi da pubblicare da parte di ENTE TERZO Regione XXX per SSU, dovremo lasciare sempre attivi dei servizi di test per permettere agli sviluppatori dei BO SUAP di effettuare una prova di send_istance ? in questo caso le url dei servizi di test dove verranno pubblicate?";"Si conferma che una volta erogati i servizi della componente ET sulla PDND, le componenti BO che dovranno dialogare con questa componente dovranno effettuare le richieste di fruizione che staccherà i relativi client-id e purpose-id che saranno usati per le chiamate al servizio richiesto.

Per quanto riguarda la componente in ambiente di test, si precisa che la componenete ET soggetta ai test dovrà dialogare solamente con la piattaforma di test e non sono previsti test di integrazione con gli altri componenti BO SUAP.

Qualora vi sia la necessità di ulteriori chiarimenti, la invitiamo a contattarci tramite il canale di messaggistica del ticket.
Le comunichiamo inoltre che, in assenza di ulteriori richieste, il presente ticket sarà chiuso automaticamente dal sistema entro 7 giorni lavorativi.";n.a.
348;7a12899eb5544a41859eda7cb6d7f6e4;"In merito al versionamento di un procedimento da caricare su catalogo SSU, nel caso specifico la Regione XXX sta operandosi per produrre xsd idoneo per la VINCA (Valutazione Incidenza) secondo le specifiche tecniche DPR-160-2010 (https://github.com/AgID/specifiche-tecniche-DPR-160-2010), avremmo bisogno di vedere dei moduli di procedimenti versionati da poter analizzare.
Abbiamo individuato a questa url su github alcuni moduli: https://github.com/AgID/suap-gt-specifiche/tree/to_moduli_dev; volevamo accertarci che possano essere utilizzati questi come esempi o se esista invece altro repository da utilizzare e a cui fare riferimento.";"Si precisa che AgID non ha più competenza sugli schemi XSD, pertanto, si rimanda al tavolo della semplificazione in qualità di soggetto preposto alla formalizzazione della modulistica standardizzata.

Qualora vi sia la necessità di ulteriori chiarimenti, la invitiamo a contattarci tramite il canale di messaggistica del ticket.
Le comunichiamo inoltre che, in assenza di ulteriori richieste, il presente ticket sarà chiuso automaticamente dal sistema entro 7 giorni lavorativi.";n.a.
349;c019e6fbc4b841c29a254e0bef57d60e;"Apposizione firma da inserire su documenti prodotti da Ente Terzo BO esempio per firma su documento di cui alla send_conclusions(cui, instance_descriptor_version,positive_outcome,resource_id)
Che tipo di firma dobbiamo prevedere?
Una firma di un funzionario del singolo ente (nel nostro caso la conclusione può essere firmata da ente di gestione parco di livello nazionale o regionale) ?
La domanda nasce dal fatto che il sistema di firma utilizzato in Regione XXX - Dosign - prevede che possano firmare i soli funzionari dotati di certificato rilasciato in ambito regionale, che diventa un vincolo per enti gestori parco di livello nazionale che non hanno quel tipo di certificato.
La soluzione alternativa sarebbe invece che la firma finale apposta al documento fosse di tipo applicativo - signature / firma di sigillo - che verrebbe ad essere una firma di un responsabile regionale che varrebbe come firma unica per tutto il sistema Ente Terzo BO Regione XXX. Fatto salvo che tutte i dati di chi effettivamente rilascia il parere saranno presenti in chiaro sul documento poi firmato applicativamente.
Vale la stessa considerazione anche per la firma sulla richiesta di integrazioni.";"La firma digitale prevista dalle attuali Specifiche Tecniche è la PADES e XADES a seconda del formato del documento, a cui verrà integrata la firma CADES nell'approved02 per cui è stata previsto anche il formato p7m per i documenti. Non vi sono indicazioni circa il responsabile che dovrà apporre la firma sui documenti gestiti dalla componente, resta pertanto una scelta amministrativa interna.

Qualora vi sia la necessità di ulteriori chiarimenti, la invitiamo a contattarci tramite il canale di messaggistica del ticket.
Le comunichiamo inoltre che, in assenza di ulteriori richieste, il presente ticket sarà chiuso automaticamente dal sistema entro 7 giorni lavorativi.";n.a.
350;76969cf524104b0c9199f65d0207d526;"Ci sono numerosi errori all'interno delle openAPI. Come dobbiamo comportarci?

Faccio un paio di esempio:
- viene usato mandatary al posto di mandatory. Mandatary non esiste in inglese e, comunque, mandatario (agente, in inglese ""agent"") non c'entra nulla con mandatorio (obbligatorio) che è il termine che, a senso, si voleva usare. Questa proprietà verrà corretta? Se sì quando?

- ci sono vincoli che non possono essere soddisfatti, seguendo le specifiche tecniche dovrei rifiutare tutte le risposte che mi vengono fornite (faccio un esempio: tuple di risposta del FO SUAP dove dovrei controllare che sia presente la proprietà competent_administration ma come proprietà disponibili ho solo primary e fo_system). Come dobbiamo comportarci? Omettiamo i controlli e andiamo contro le specifiche tecniche? Questi errori saranno corretti tutti in approved02?

Allego dettaglio della risposta presa da https://github.com/AgID/specifiche-tecniche-DPR-160-2010/blob/approved01/openAPI/catalogo-ssu_meta.yaml

responses:
""200"":
description: Elenco tuple {SUAP,sistema FrontOffice SUAP} richiesto
content:
application/json:
schema:
type: array
items:
type: object
required:
- competent_administration
- fo_system
properties:
primary:
$ref: ""#/components/schemas/ComponentEntity""
fo_system:
$ref: ""#/components/schemas/FOSystemEntity""";"Si precisa che gli errori indicati nella segnalazione sono tutti errori di digitazione e sono stati risolti nel branch di lavoro previsto per l'approved02. 
Per quanto riguarda l'approccio da adottare per gestire tali problematiche durante lo sviluppo del branch l'approved01, la invitiamo a chiedere dettagli al Dipartimento della Funzione Pubblica poichè si tratta di una scelta amministrativa.

Qualora vi sia la necessità di ulteriori chiarimenti, la invitiamo a contattarci tramite il canale di messaggistica del ticket.
Le comunichiamo inoltre che, in assenza di ulteriori richieste, il presente ticket sarà chiuso automaticamente dal sistema entro 7 giorni lavorativi.";"Richiedente
Quindi mi confermate che fra approved01 e approved02 cambieranno le proprietà (e i controlli) e dovremo adattare i programmi in un secondo momento?

Operatore
Come indicato nella prima risposta, qualora si dovessero riscontrare errori di questa natura che sono stati già corretti in approved02, si consiglia di attuare tali migliorie fin da subito"
351;6d90a530363a4916834005df205d7713;"la nostra azienda XXX fornisce software per tutti gli uffici di Comuni ed Unioni di Comuni ed è direttamente coinvolta nello sviluppo previsto dalla nuova digitalizzazione del SUAP/SUE.
Avendo partecipato a tutti i webinar finora organizzati da Invitalia ed avendo dato supporto ai nostri Enti nella compilazione dei bandi, abbiamo sempre inteso che la soluzione BackOffice Ente Terzo fosse da intendersi “modellata” sul singolo ufficio comunale coinvolto nel procedimento SUAP (Ufficio Tecnico, Commercio…), pertanto abbiamo dato indicazione ai nostri Enti che avrebbero potuto adeguare le nostre tre soluzioni proposte (Ufficio Tecnico, Commercio e Tributi) ognuna con un proprio BackOffice Ente Terzo.
Essendo la nostra azienda in questa fase anche partner di Infocamere, spesso ci confrontiamo per allineare lo sviluppo dei nostri applicativi e monitorare lo stato di avanzamento.
Recentemente, direttamente da InfoCamere, abbiamo ricevuto un’indicazione però leggermente diversa dallo scenario che finora pensavamo di adottare. Infocamere prevede la soluzione BackOffice Ente Terzo come unica a livello di Ente e non suddivisa in più componenti (come previsto dal bando), utilizzando tale soluzione unica come hub (o aggregatore / middleware) e demandando alle soluzioni verticali la gestione “autonoma” del procedimento riguardante l’ufficio di competenza (tecnico, commercio…).
Questo perché il catalogo viene configurato individuando, per l’Ente, un’unica componente di BackOffice Ente Terzo e pertanto, se si volesse ulteriormente specificare, l’Ente dovrebbe accreditare i differenti uffici e per ogni procedimento andare ad “agganciarli” (tenendo conto che ci sono migliaia di procedimenti per ogni Regione…).
Beninteso che Infocamere non ha dato come infattibile la soluzione di un BackOffice Ente Terzo per ogni ufficio, ma sarebbe un sistema estremamente dispendioso sia in fase di configurazione iniziale ma anche (e soprattutto) in fase successiva di versionamento.
L’adozione della soluzione BackOffice Ente Terzo Hub genera però le seguenti problematiche:
In un Comune in cui è presente un applicativo XXX per l’U.T. ma in cui non è presente alcun applicativo per il commercio (caso in cui l’Ente riceva un numero davvero irrisorio di pratiche), XXX aveva consigliato l’adozione del BackOffice Ente Terzo per l’U.T. e la soluzione sussidiaria per il commercio. Chiaramente non è più uno scenario possibile
In un Comune dove sono presenti due (o più) software house nascono due problemi:
Chi fa la soluzione BackOffice Ente Terzo Hub?
Definita la S.H. che farà il BackOffice Ente Terzo Hub, come si integreranno le applicazioni verticali? Con quali specifiche?
Quello che starà “sotto” il BackOffice Ente Terzo Hub non sarà in alcun modo “tracciabile”: se dal punto di vista dell’architettura software diventa molto più semplice (il BackOffice SUAP dialoga con UN SOLO Backoffice Ente Terzo del Comune), il BackOffice SUAP non sarà però più in grado di individuare correttamente l’ufficio che ha fatto una specifica richiesta di integrazioni (ad esempio) ma tutte le richieste integrazioni dei vari uffici finiranno nello stesso calderone. Anche riguardando le specifiche tecniche, non ci sembra che questo fosse il desiderata";"Confermiamo le osservazioni fatte da InfoCamere in merito alle due soluzioni, le quale risultano entrambe fattibili.

La soluzione HUB ET risulta essere una semplificazione da un punto di vista tecnico e organizzativo, poiché l'ET dovrà gestire e censire nel Catalogo/PDND solamente una componente informatica. Ciò implica anche un riferimento unico per i procedimenti che devono essere gestiti dall'amministrazione ET. Le componenti verticali sottostanti all'hub possono essere sviluppate in modo indipendente e non devono essere accreditate nel Catalogo e sulla PDND. L'HUB ET è responsabile di ricevere le istanze dei procedimenti e quindi di inviare le eventuali richieste di integrazione/conformazione, nonchè gli esiti finali delle istruttorie. Il routing interno verso i singoli uffici è demandato interamente alla singola amministrazione.

L'altra soluzione invece prevede lo sviluppo di una componente per il singolo ufficio dell'ET, quindi nel presente scenario, avremo 3 componenti informatiche, una per ogni amministrazione competente registrata sul Catalogo e sulla PDND. Quindi la complessità in questo scenario si cela dietro l'accreditamento delle tre soluzioni software e la mappatura dei procedimenti specifici per ogni ufficio. Si ricorda che i procedimenti amministrativi registrati nel Catalogo sono specifici per ogni amministrazione competente, tale informazione è fondamentale per il BO SUAP che la usa per provvedere all'inoltro delle fattispecie dei procedimenti. 

In conclusione, la scelta ricade su:
 -  definire un'architettura più snella e semplice da gestire, mediante una soluzione unica (HUB ET), per cui però non è stata definita una logica di tracciamento e dispatching delle istanze tra i vari uffici sottostanti;
 - definire un'architettura più organizzata che prevede lo sviluppo  e la gestione di una piattaforma specifica per ogni ufficio, tenendo in mente che nella fase iniziale è necessario effettuare una mappatura dei procedimenti di competenza.";n.a.
352;10b9d7ac29034645a42a7b7535af254a;"come indicato su Gazzetta Ufficiale, abbiamo provveduto a scaricare all’indirizzo https://www.impresainungiorno.gov.it/web/regole-tecniche/schemi-xml-procedimenti la nuova modulistica edilizia (SUE), decreto-legge 29 maggio 2024, n.69 (‘DL Salva Casa’).
Il modulo SCIA Edilizia (SUE_modulo_scia.xsd) fa riferimento a 3 tipi che dovrebbero trovarsi sul modulo comune (SUE_common_components.xsd) ma dei quali non troviamo alcun riferimento:

newStatoLegittimoBaseType
SanatoriaBaseType
RelazioneTecnicaAsseverazioneConSanatoriaType

Abbiamo provato a verificare sul repository GitHub ufficiale (https://github.com/italia/moduli-pa/tree/master/Moduli_PA/SUE) ma sono ancora presenti le vecchie versioni.
Come possiamo ricevere il modulo comune corretto?";"Si precisa che AgID non ha più competenza sugli schemi XSD, pertanto, si rimanda al tavolo della semplificazione in qualità di soggetto preposto alla formalizzazione della modulistica standardizzata.
Inoltre, la documentazione in oggetto della richiesta risulta essere gestita all'interno del sistema impresainungiorno, gestita da UnionCamere/InfoCamere.

Qualora vi sia la necessità di ulteriori chiarimenti, la invitiamo a contattarci tramite il canale di messaggistica del ticket.
Le comunichiamo inoltre che, in assenza di ulteriori richieste, il presente ticket sarà chiuso automaticamente dal sistema entro 7 giorni lavorativi.";n.a.
353;bb333ebb4df34e688f62d85fb75932b8;"Riguardo al et_to_bo.yaml nel CdssNotifyMessage ci chiedevamo che tipo di dato ci possiamo aspettare sia fornito in ""cdss_channel"".
Ad esempio il link di accesso alla riunione su teams o webex?";"L'attributo ""cdss_channel"" riporta il canale di accesso che verrà usato per partecipare alla conferenza dei servizi in modalità telematica. Tale canale può essere un link di accesso alla riunione teams o webex.

Qualora vi sia la necessità di ulteriori chiarimenti, la invitiamo a contattarci tramite il canale di messaggistica del ticket.
Le comunichiamo inoltre che, in assenza di ulteriori richieste, il presente ticket sarà chiuso automaticamente dal sistema entro 7 giorni lavorativi.";n.a.
354;40e8ce5999284168bd3f6d8823ee627b;"Secondo la definizione di CdssNotifyMessage in et_to_bo.yaml è possibile avere degli oggetti in cui la proprietà ""event"" può assumere i seguenti valori: end_by_proceeding_time_expired, end_by_integration_times_expired, end_by_submitter_cancel_requested, integration_request_time_expired, cdss_convened (i primi quattro vengono ereditati da NotifyMessage).
Se prendiamo il caso di un oggetto CdssNotifyMessage in cui event=cdss_convened (convocazione cdss), le altre proprietà (mime_type, cdss_admin_act_filename, cdss_channel e cdss_convocation) assumono un loro significato.
Nel caso in cui event sia uguale a un valore ammesso diverso da cdss_convened (ossia quelli ereditati da NotifyMessage), le proprietà obbligatorie cdss_channel e cdss_convocation sembrerebbero logicamente scollegate dal tipo di evento.
E' quindi effettivamente possibile ricevere degli oggetti di tipo CdssNotifyMessage con ""event"" diverso da cdss_convened e quindi con le proprietà obbligatorie cdss_channel e cdss_convocation?";"La classe CdssNotifyMessage eredita la struttura di base NotifyMessage e la estende definendo le proprietà indicate, le quali possono essere:
 - integrate alle proprietà predefinite nella NotifyMessage, se non erano definite nella classe padre;
 - sovrascritte (override) secondo la nuova definizione dell'attributo della classe figlio, se questo era già predefinito nella classe padre.

Facendo un esempio concreto, la classe NotifyMessage riporta come ""event"" i seguenti valori:
 - end_by_proceeding_time_expired
 - end_by_integration_times_expired
 - end_by_submitter_cancel_requested
 - integration_request_time_expired
La classe CdssNotifyMessage, che estende la NotifyMessage, definisce nuovamente l'attributo ""event"" riportando solamente il valore ""cdss_convened"" che sarà l'unico elemento accessibile.
Gli altri attributi (""cdss_admin_act_filename"", ""cdss_channel"", ""cdss_convocation"") verranno integrati nella classe CdssNotifyMessage, estendendoli a quelli predefiniti in NotifyMessage.

In caso di dubbi interpretativi sull'ereditarietà o altre funzionalità definite in OpenAPI 3, si consiglia di utilizzare Swagger, che offre un'interfaccia grafica e interattiva per esplorare gli oggetti definiti nelle interfacce.

Qualora vi sia la necessità di ulteriori chiarimenti, la invitiamo a contattarci tramite il canale di messaggistica del ticket.
Le comunichiamo inoltre che, in assenza di ulteriori richieste, il presente ticket sarà chiuso automaticamente dal sistema entro 7 giorni lavorativi.";n.a.
355;0d48352269e64cb39a2073abb5d58f14;"In caso di soluzioni multitenant quando arriva un send_instance dobbiamo per forza richiedere l'instanceDescriptor per sapere con chi si vuole comunicare.
Con le nuove modifiche al PDND dobbiamo aggiungere l'id del chiamante alle nostre richieste. Quale ID dovremmo inserire come ID chiamante?
In caso di soluzione regionale dovremmo inserire l'id della Regione XXX ma nel caso di multitenant non regionale? L'ID della PA sponsor? Non credo sia corretto.";"Analizzando la pagina di documentazione fornita da PagoPA ""https://docs.pagopa.it/interoperabilita-1/manuale-operativo/utilizzare-i-voucher"" vengono fornite le indicazione circa gli id da specificare nel JWT.
In particolare, per rispondere alla presente domanda, è necessario analizzare i seguenti attributi:
- aud: l'audience, ossia l'indicazione di quale servizio dell'erogatore il fruitore intenda consumare con il voucher. Il valore riportato è quello che l'erogatore ha inserito nella configurazione dell'e-service;
- sub: il subject, in questo caso l'id del client che ha richiesto il voucher a PDND Interoperabilità;
- client_id: l'identificativo unico del client del fruitore che ha richiesto il voucher a PDND Interoperabilità (corrisponde al sub);
- producerId: l'identificativo unico dell'erogatore dell'e-service;
- consumerId: l'identificativo unico del fruitore.
Qualora una PA Sponsor registrata su PDND si prende in carico l'onere di erogare i servizi della soluzione multitenant, dovrà riportare i propri id per gli attributi client_id/sub e producerId.

Nel caso in cui si volessero fornire ulteriori dettagli al fine di identificare il soggetto specifico che sta utilizzando la soluzione multitenant, si possono inserire maggiori dettagli che vanno inseriti nel ""digest"" della richiesta del token JWT compilando gli attributi definiti dal pattern AUDIT_REST.
Il pattern AUDIT_REST nelle sue varie declinazioni consente all’erogatore di identificare la specifica provenienza di ogni singola richiesta di accesso ai dati effettuta dal fruitore.
Le Linee Guida indicano che l’erogatore e il fruitore devono individuare i claim da includere nel JWT di audit “Agid-JWT-TrackingEvidence” e suggeriscono i seguenti dati che dovranno essere presenti nel token generato dal fruitore, per ogni richiesta effettuata:
- userID, un identificativo univoco dell’utente interno al dominio del fruitore che ha determinato l’esigenza della request di accesso all’e-service dell’erogatore;
- userLocation, un identificativo univoco della postazione interna al dominio del fruitore da cui è avviata l’esigenza della request di accesso all’e-service dell’erogatore;
- LoA, livello di sicurezza o di garanzia adottato nel processo di autenticazione informatica nel dominio del fruitore.
Procedendo in tal modo, una PA che riceve più richieste identificate dallo stesso producerId, potrà distinguere le varie amministrazioni che stanno accedendo ai loro servizi erogati consultando il claim introdotto da AUDIT_REST.
(fonte: https://govway.org/documentazione/console/profiloModIPA/messaggio/audit/audit01/audit_schema/index.html).

Qualora vi sia la necessità di ulteriori chiarimenti, la invitiamo a contattarci tramite il canale di messaggistica del ticket.
Le comunichiamo inoltre che, in assenza di ulteriori richieste, il presente ticket sarà chiuso automaticamente dal sistema entro 7 giorni lavorativi.";n.a.
356;n.a.;"Necessità di pubblicare i servizi su PDND anche in una versione di test 
Sempre in merito ai servizi da pubblicare da parte della nostra soluzione di Ente Terzo per Regione XXX all’interno del SSU, dovremo lasciare sempre attivi dei servizi di test per permettere agli sviluppatori dei BO SUAP che vogliono accreditarsi con noi di effettuare delle prove verso i nostri servizi (es. invio send_istance)? In questo caso le url dei servizi di test dove verranno pubblicate?";Si precisa che la componenete ET soggetta ai test dovrà dialogare solamente con la piattaforma di test e non sono previsti test di integrazione con gli altri componenti BO SUAP.;n.a.
357;n.a.;"Versionamento procedimenti
Nel contesto le specifiche tecniche DPR-160-2010 quali sono gli XML previsti per i procedimenti strutturati e quali per i non strutturati?
L’XML del procedimento versionato si aggiungerà ad altri file trasversali forniti (ad esempio: ricevuta.xml, suap.xlm). Come si colloca il modulo MDA in questo contesto? 
Se vale l’ipotesi per cui il procedimento XXX si aggiunge ad altri, l'xsd del procedimento strutturato di Regione XXX dovrà contenere le sole informazioni aggiuntive rispetto alle informazioni già inviate negli altri file xml?
suap_rea_start.xml e comunica_cui_xml sono rivolti esclusivamente a Unioncamere? Enti Terzi li può gnorare in quanto non facenti parte del suo business";Si invita a chiedere supporto ad InfoCamere al fine di chiarire eventuali dubbi in merito ai procedimenti e ai loro moduli da gestire e registrare all'interno del Catalogo SSU.;n.a.
358;n.a.;"Verifica della firma su allegati
In merito all’intervento descritto: “Realizzazione verifica firme CADEX o XADES apposte alle istanze ricevute dal Back-Office SUAP”
Dal punto delle verifiche della firma, nel caso sia da intendere come verifica della firma dei singoli allegati pervenuti, è previsto che ogni allegato fornito da BO SUAP abbia sempre e comunque una firma? 
Se si, come andrebbero in questo caso gestite le eccezioni? es. Firma scaduta successivamente al momento di è avvenuto l’invio da parte del FO?
Il BO SUAP non fa già lui le verifiche di firma sugli allegati?
O, anche in questo caso, il requisito è da intendere come una verifica di firma di tipo applicativo - signature / firma di sigillo – sul messaggio che il BO SUAP invia all’Ente (invio istanza, invio integrazione, invio convocazione CdS, invio esito procedimento)?";"La firma digitale deve essere apposta su ciascun documento presentato al SUAP. 
Si ricorda che i Front Office (FO) e i Back Office (BO) hanno l'obbligo di verificare la validità della firma, mentre per gli Enti Terzi (ET) tale controllo è facoltativo.

Si precisa che i validatori di firma certificano l'immodificabilità del documento e l'autenticità del firmatario. In caso di scadenza della validità della firma, il documento rimane valido se la firma era valida al momento della sua apposizione.
";n.a.
359;n.a.;"Accesso alla SBBT
È previsto che un ente – conferma finanziamento Bando ET - possa richiedere accesso al servizio di Suite Black Box Test prima che sia completata l’accreditamento Ente su catalogo SSU? 
Come sarà possibile testare tutto il flusso dal momento che ci è stato risposto che la Black Box Test sono state create per verificare l'interoperabilità tra i componenti, escludendo le interazioni con il Catalogo SSU?";Si invita a chiedere supporto ad InfoCamere in qualità di gestore e sviluppatore del Catalogo e della piattaforma BBT.;n.a.
360;n.a.;"Retry
Retry quando è prevista questa funzione? il sequence diagram dice “Rilevata incoerenza nei dati ricevuti”";La funzione Retry è funzionale a richiedere la ritrasmissione di una operation nel caso in cui si verifichino degli errori nel canale di comunicazione. Tramite la retry la componente segnala l'errore e il messaggio riscontrato nella comunicazione soggetta a tale problematica.  ;n.a.
361;n.a.;"Enti Terzi sul territorio XXX che non usano la soluzione “Regione XXX” 
Nel contesto XXX, la Regione, su base normativa:
•	definirà i contenuti di interesse per i procedimenti ambientali di interesse per poter raccogliere in forma strutturata le informazioni relative agli adempimenti che costituiranno informazioni essenziali per l’aggiornamento del sistema regionale di conoscenze ambientali
•	versionerà conseguentemente i procedimenti ambientali sul territorio del XXX, definendone la forma strutturata
•	implementerà una soluzione SSU compliant a supporto degli Enti Terzi per la gestione dell’interazione con i BO SUAP sul territorio
Laddove un Ente Terzo (es: Provincia), preferisse usare una propria soluzione di Ente Terzo per ragioni interne (ad es. perché supporta funzioni specifiche di integrazione con le soluzioni di gestione documentale adottate presso l’Ente), è possibile:
•	lasciare all’Ente Terzo la libertà di adottare la soluzione che preferisce
•	permettere comunque alla Regione XXX di usare gli e-services del SSU per raccogliere le informazioni qualificanti i procedimenti (tracciati xml, esiti delle istruttorie) versionati su base normativa dalla Regione, anche laddove l’Ente Terzo usa una soluzione propria per integrarsi al SSU";Si conferma che una Provincia può decidere in qualità di Ente Terzo di utilizzare una propria soluzione software per gestire i procedimenti di suo interesse, ma in tale scenario l'ufficio risulta essere indipendente e non deve notificare o inviare alla Regione le informazioni qualificanti legati ai procedimenti gestiti, tuttavia l'unico obbligo rimane quello legato agli audit verso il Catalogo per la gestione degli stati dei procedimenti.;n.a.
362;n.a.;attualmente le specifiche tecniche non avendo il destinatario (es. l'ET destinatario nelle chiamate send_instance) non è possibile sapere se ho inviato correttamente a tutti gli enti la richiesta, soprattutto in caso di soluzioni multi-tenant. Quando verranno corrette le specifiche tecniche?;La presente segnalazione è stata gestita tramite issue Gruppo Tecnico e attualmente è in corso la sua lavorazione. Prevediamo attualmente la sua risoluzione per il branch approved02.;n.a.
363;n.a.;allo stato attuale si prevedono mesi e mesi di lavoro/uomo per le richieste PDND: ricade nel lavoro richiesto a Invitalia perchè amministrativo o meno? è prevista una soluzione da parte di PDND a breve (come auspicato dal dott. XXX) come permettere l'accesso ai privati (garantendo la concorrenza fra i fornitori) o trovando una soluzione per il caricamento massivo?;È necessario l'intervento di PagoPA.;n.a.
364;n.a.;la PA sponsor dovrebbe prendersi le responsabilità per una soluzione multitenant di un'eventuale azienda che offre soluzioni di mercato?;È necessario l'intervento di PagoPA.;n.a.
365;n.a.;attualmente la soluzione di BlackBox richiede l'esistenza di eservice progettati ad hoc per rispondere ai test e che non corrispondono al funzionamento reale (flusso di lavoro, una singola istanza per i test, ecc ecc). La cosa verrà risolta o dovremo implementare eservice ad hoc per superare i test?;"Si invita a chiedere supporto a InfoCamere per gestire tale richiesta in qualità di gestore e sviluppatore della BBT
Si fa comunque presente che le bbt non prevedono e-service ad hoc, ma prevedono di testare i servizi così come definiti nelle Specifiche Tecniche, sono gli oggetti istanziati che vanno configurati appositamente per predisporre il test.";n.a.
366;n.a.;Asseverazione delle componenti: Quali sono i passaggi per richiedere l’asseverazione ufficiale dei vari componenti informatici?;Si invita a chiedere supporto a InfoCamere per gestire tale richiesta in qualità di gestore e sviluppatore della BBT;n.a.
367;n.a.;"Ricezione delle richieste di integrazione da enti terzi: Quando riceviamo una richiesta di integrazione da ente terzo, questa potrebbe contenere il resourceId di un documento allegato alla richiesta,
ma nell'utilizzo di questo resourceId per recuperare il contenuto dello stesso invocando il metodo 
""/instance/{cui_uuid}/document/{resource_id}"" 
viene restituita solo la codifica base 64 del file senza il mimetype.

Come facciamo a recuperare il suddetto mimetype in modo da poter interpretare correttamente il contenuto del documento lato applicativo?";"Il servizio ""/instance/{cui_uuid}/document/{resource_id}""  è funzionale al recupero della risorsa e trasporta il bytestream del file e non le informazioni associate. Il mime_type del file è presente nell'InstanceDescriptor per le risorse ""instance"", ""activity_model"" e ""attachment"".";n.a.
368;n.a.;"In riferimento al documento 'Specifiche tecniche delle modalità telematiche di comunicazione e trasferimento dati tra il SUAP, gli uffici comunali
e gli enti terzi coinvolti nel procedimento' del 2023,
a pagina 86 nel diagramma di seguenza che descrive la sequenza di operazioni relative alla SCIA semplice,
è descritta una chiamata dall'ente terzo al back office dell'operazione
request_instance_document, tale operazione non risulta però presente nell'elenco
delle operazioni esposte dall'e-service backoffice SUAP e nemmeno nell'elenco delle operazioni esposte dall'e-service Enti Terzi che sempre in base al diagramma di sequenza dovrebbe esporre tale oeprazione. Stesso discorso
vale per la chiamata dell'operazione request_instance_descriptor che non risulta nell'elenco delle operazioni
esposte dall'e-service catalogoSSU.
Tali operazioni sono però richiamate nei casi di test descritti a partire dal pagina 183";"L'operazione ""request_instance_document"" nel sequence diagram si riferisce al servizio ""/instance/{cui_uuid}/document/{resource_id}"" offerto dalla componente per trasferire il bytestream della risorsa richiesta.
L'operazione ""request_instance_descriptor"" si riferisce al servizio ""/instance_descriptor/{cui_uuid}""";n.a.
369;n.a.;Avremmo bisogno di un esempio verosimile di instance_descriptor;"Si riporta di seguito un esempio di InstanceDescriptor:

{
  ""version"": 0,
  ""municipality"": ""084001"",
  ""legal_person"": ""98202900800"",
  ""instance_status"": [
    {
      ""state"": ""started"",
      ""timestamp"": <timestamp01>
    }
  ],
   ""times"": {
    ""start"": <start01>,
    ""max_gg_proc"": 30,
    ""max_gg_correction"": 5,
    ""max_gg_admissibility"": 5,
    ""max_gg_int_resp"": 15,
    ""max_gg_int_req"": 15,
    ""max_ggconcl_send"": 25
  },
  ""administrative_regime"": {
    ""id"": ""SCIA"",
    ""version"": ""00.00.00""
  },
  ""usecase_proceedings"": [
    {
      ""code"": ""USEC-0001410"",
      ""version"": ""00.00.00"",
      ""competent_administration"": {
        ""ipacode"": ""IPA_LOC_6"",
        ""officecode"": ""code_LOC_6"",
        ""version"": ""00.00.00"",
        ""description"": ""Ente Comune fittizio locale""
      },
       ""instance"": {
        ""ref"": ""FORM_STD_NON_STRUTTURATO"",
        ""filename"": ""Form di default non strutturato"",
        ""hash"": ""5e71d4ffc3a0723b1bcca206fd14c0e217f6d9beb33a5b327ea251d3a54df5af"",
        ""alg_hash"": ""S256"",
        ""mime_type"": ""application/xml""
      },
      ""attachments"": [
       {
         ""ref"": ""ATTAC-0002502"",
         ""filename"": ""ALLEGARE DICHIARAZIONE SUL POSSESSO DEI REQUISITI DA PARTE DEGLI ALTRI SOCI E COPIA DOCUMENTO DI IDENTITA'' IN CORSO DI VALIDITA''  - Somministrazione"",
         ""hash"": ""76942e01fb6edcf032682df1157060b5302e3918bdc3eb3dc4426b2e55e93b2c"",
	""alg_hash"": ""S256"",
	""mime_type"": ""application/pdf""
       }
    ]
  }
}";n.a.
370;n.a.;"Quali sono gli strumenti di sicurezza devono essere implementati/gestiti dagli enti terzi?
Agid-jwt e/o jws?
Agid-jwt ha qualche particolarità rispetto alle JWT Classiche?";"Si riporta di seguito un documento che illustra le linee guida riguarda i pattern di sicurezza da adottare durante le fasi di scambio con le altre PA:
 - https://www.agid.gov.it/sites/agid/files/2024-07/Linee_guida_interoperabilit%C3%A0PA_All2_Pattern_sicurezza.pdf";n.a.
371;n.a.;"Per l'implementazione dei metodi delle operazioni è necessario conoscere la struttura dei dati di input e output,
ci sono schemi o documentazioni in merito?";"Gli artefatti definiti nelle Specifiche Tecniche sono presenti sulla piattaforma GitHub (https://github.com/AgID/specifiche-tecniche-DPR-160-2010/tree/approved01), al cui interno è possibile recuperare gli schemi degli oggetti e le OpenAPI dei servizi offerti dalle componenti, nonchè i workflow e i sequence diagram che devono essere implementati. 
Al fine di consultare tali oggetti graficamente, è possibile usare Swagger Editor (https://editor.swagger.io/) o qualunque altro plugin affine per analizzare le interfacce con le relative Request e Response attese.";n.a.
372;n.a.;"La compilazione degli yaml genera delle classi errate in Java, come ci dobbiamo comportare?
In particolare, il metodo getEvent viene generato con tipo di ritorno diverso da quello generato nella interface

public interface NotifyPostRequest {
public String getEvent();
}

@NotNull
@Schema(name = &quot;event&quot;, requiredMode = Schema.RequiredMode.REQUIRED)
@JsonProperty(&quot;event&quot;)
public EventEnum getEvent() {
return event;
}

 

";Non è chiaro quale interfaccia è soggetta a tale errore.;n.a.
373;n.a.;supponiamo che un Ente Terzo ha attivato due BO Enti Terzi con fornitori distinti (immaginiamo due uffici diversi, ciascuno con il proprio BO Enti Terzi), i quali ricevono una pratica da un BO SUAP per la quale sono chiamati a esprimere un parere. L’amministrazione ha necessità di protocollare la documentazione che compone la pratica: nella configurazione precedente l’amministrazione avrebbe ricevuto una PEC, l’avrebbe protocollata e avrebbe smistato internamente la documentazione. Con la nuova architettura dovranno essere i BO Enti Terzi a protocollare una volta ricevuta la pratica e quindi, nel caso in esempio, l’amministrazione protocollerebbe la stessa pratica 2 volte. A vostro avviso è corretta questa lettura?;Sulla base dell'esempio riportato, il sistemo BO invia le istanze (identificate dallo stesso CUI) alle due soluzioni software dei due uffici ET. Il sistema SSU garantisce la tracciatura dell'invio e della ricezione di tali istanze mediante gli audit inviati al Catalogo sia dalla componente BO che dalle due ET. Si precisa, tuttavia, che le Specifiche Tecniche non prevedono indicazioni circa il processo di Protocollazione da attuare per tracciare la ricezione delle istanze. Per tale motivo, le singole amministrazioni possono definire il processo di protocollazione che rietiene più adeguato.;n.a.
374;n.a.;"avremmo bisogno di un chiarimento relativamente al giro degli eventi che si scatenano dalla richiesta di Conferenza di Servizi. Dalle specifiche tecniche rileviamo che la CdS può essere richiesta dal BO SUAP o da uno degli ET coinvolti: in quale caso uno degli ET può convocare la CDS? Perchè se il BO SUAP convoca la CdS non vengono inviate le istanze agli ET? (rif. schema ""AutorizzazioneDomanda-StateDiagram"")""";"La CdSS è prevista in tre momenti distinti nel processo di Autorizzazione: 
  - A monte delle istruttorie degli ET, quando il BO analizza l'istanza presentata e riscontra la necessità immediata di convocare la conferenza;
  - Durante le istruttorie, quando un ET riscontra delle criticità e ha la necessità di richiedere la convocazione della CdSS al BO al fine di gestirle unitamente con esso e gli altri ET;
  - A valle delle istruttorie degli ET, quando il BO ha ricevuto tutti i pareri degli ET e non è in grado di redigere le conclusioni a causa di esiti contrastanti tra loro.

Il primo scenario si può verificare qualora il BO riscontri delle criticità nell'istanza prima di coinvolgere agli ET i riferimenti per accedere alla relativa documentazione. 
In tale scenario, il BO ha ritenuto che gli ET non debbano ancora avviare le loro istruttorie e dovranno partecipare alla conferenza utilizzando i riferimenti riportati nell'attributo ""cdss_channel"" presente nell'oggetto ""CdssNotifyMessage"" riportato nella chiamata ""/notify"". Tramite le informazioni pervenute nella convocazione, o in alternativa durante la conferenza stessa, un ET potrà richiedere direttamente al BO i vari documenti relativi alla pratica non dovendo quindi effettuare, in questo caso, una chiamata al path ""/instance/{cui_uuid}/document/{resource_id}"". 

Il presente flusso implementato tiene conto delle analisi condotte durante i tavoli di lavoro che ha coinvolto un gruppo di esperti amministrativi oltre a quelli tecnici. Pertanto, le attuali Specifiche Tecniche sono basate su tali analisi amministrative pregresse. Eventuali aggiornamenti di tale ambito devono essere in caso gestite da un gruppo esperto in materia. Il supporto erogato dalla presente piattaforma invece è puramente tecnico e quindi limitato a chiarire eventuali dubbi o incomprensioni circa il flusso e la sua implementazione.";n.a.
375;n.a.;Processo di accreditamento: è possibile per un soggetto terzo accreditarsi in autonomia, oppure l’accreditamento è riservato esclusivamente alla Pubblica Amministrazione? In quest’ultimo caso, dovremmo affidarci a un nostro ente cliente per effettuare le verifiche tecniche necessarie all'integrazione?;I processii di accreditamento, di verifica tecnica e di popolamento dei procedimenti sul Catalogo devono essere svolti dalla Pubblica Amministrazione responsabile.;n.a.
376;n.a.;Identificativi per API: come possiamo ottenere le informazioni identificative specifiche per popolare correttamente le chiamate API da e verso i diversi SUAP?;"Gli artefatti definiti nelle Specifiche Tecniche sono presenti sulla piattaforma GitHub (https://github.com/AgID/specifiche-tecniche-DPR-160-2010/tree/approved01), al cui interno è possibile recuperare gli schemi degli oggetti e le OpenAPI dei servizi offerti dalle componenti, nonchè i workflow e i sequence diagram che devono essere implementati. 
Al fine di consultare tali oggetti graficamente, è possibile usare Swagger Editor (https://editor.swagger.io/) o qualunque altro plugin affine per analizzare le interfacce con le relative Request e Response attese.";n.a.
377;n.a.;Personalizzazione del tracciato tecnico: ogni SUAP ha facoltà di personalizzare il tracciato tecnico generico?;Non è chiara la domanda;n.a.
378;n.a.;Interlocutori di riferimento: per l'integrazione tecnica, dobbiamo interfacciarci con ciascun SUAP della Provincia in questione oppure esiste un ente centralizzato che gestisce questi aspetti?;"Domanda poco chiara?
I componenti FO, BO ed ET SUAP devono interoperare tra loro mediante richieste di fruizione ai servizi esposti dalle singole amministrazioni. Qualora più amministrazioni utilizzano la stessa piattaforma software, è sempre necessario effettuare le richieste di fruizione per ogni specifica amministrazione.";n.a.
379;n.a.;Importazione massiva: se le leggi regionali comportano una non corrispondenza con procedimenti nazionali, è responsabilità regionale verificarlo e chiedere la creazione di nuovi procedimenti?;Si invita a chiedere supporto a InfoCamere per gestire tale richiesta in qualità di gestore e sviluppatore del Catalogo;n.a.
380;n.a.;Relativamente al campo tipologia  del file allegato quelle popolate fanno parte di un elenco ufficiale? Occorre ad esse solo per garantire omogeneità e pulizia dei dati, o ci sono ragioni più stringenti legate a vincoli normativi o contenuti nelle specifiche tecniche? Ci pare che l’elenco delle tipologie corrisponda semplicemente agli attributi dei procedimenti caricati fino a questo momento, che comunque non coprono tutte le casistiche.;Si invita a chiedere supporto a InfoCamere per gestire tale richiesta in qualità di gestore e sviluppatore del Catalogo;n.a.
381;n.a.;Esiste una lista ufficiale di Enti terzi? Occorre attenersi alle tipologie presenti nel file allegato già esistenti solo per garantire omogeneità e pulizia dei dati, o ci sono ragioni più stringenti legate a vincoli normativi o contenuti nelle specifiche tecniche? Ci pare che l’elenco delle tipologie contempli alcuni casi di singole articolazioni (es. Comando Generale dell'Arma dei Carabinieri - IV Reparto - Direzione di Veterinaria, Regione - Area Sanità e Sociale - Direzione Prevenzione, Sicurezza Alimentare, Veterinaria). Essendo tali casistiche ovviamente non esaustive, si possono aggiungere seguendo la medesima modalità altri uffici ed enti, salvo un successivo affinamento?;Si invita a chiedere supporto a InfoCamere per gestire tale richiesta in qualità di gestore e sviluppatore del Catalogo;n.a.
382;n.a.;Se uno stesso procedimento è stato associato a 2 diversi enti competenti es. Autorizzazione paesaggistica (Ufficio tutela (regione) e XXX) è possibile lasciarlo così indicando un generico Ente competente per le autorizzazioni paesaggistiche (a cui si assoceranno sia l’ufficio statale che regionale come accade oggi), o è necessario operare una modifica al sistema?;Un procedimento deve essere collegato ad una sola amministrazione competente, la quale sarà responsabile della ricezione delle istanze e dell'invio delle richieste e degli esiti finali verso il BO chiamante. ;n.a.
383;n.a.;"Esiste un documento (più approfondito rispetto al descrittore OpenAPI )  per il servizio API PDND
(esempio https://eur01.safelinks.protection.outlook.com/?url=https%3A%2F%2Fapi.uat.interop.pagopa.it%2Fv2%2Fkeys%2F&data=05%7C02%7CXXXXXX%40it.ey.com%7C6bb466b317814823c73c08ddb337d6dd%7C5b973f9977df4bebb27daa0c70b8482c%7C0%7C0%7C638863775149852867%7CUnknown%7CTWFpbGZsb3d8eyJFbXB0eU1hcGkiOnRydWUsIlYiOiIwLjAuMDAwMCIsIlAiOiJXaW4zMiIsIkFOIjoiTWFpbCIsIldUIjoyfQ%3D%3D%7C0%7C%7C%7C&sdata=Aml3%2BfmLSqTnnPQvo3upD1vj3agCwgrV6kpq3iisOd8%3D&reserved=0) ?";È necessario l'intervento di PagoPA.;n.a.
384;n.a.;Da quale chiamata/e si possono recuperare le url delle varie componenti associate agli specifici FO, BO e ET ?;"Le url delle componenti associate agli specifici sistemi delle amministrazioni si recuperano dalla PDND mediante l'UUID registrato nelle entità FOSystemEntity (attributo ""e_service_to_XX""), BOSystemEntity (attributo ""e_service_to_XX"") e third_party_system  (attributo ""telematic_ref"") recuperabili dal Catalogo SSU.
Le chiamate da effettuare al Catalogo sono:
 - /suap/{suap_id}/{suap_version}/frontoffice-system
 - /suap/{suap_id}/{suap_version}/backoffice-system
 - /competent-administration/{competent_administration_ipacode}/{competent_administration_code}/{competent_administration_version}/third-party-system";n.a.
385;n.a.;La BBTS testa esclusivamente componenti già censite come e-service in collaudo o anche componenti in ambiente di sviluppo ancora da censire?;Si invita a chiedere supporto a InfoCamere per gestire tale richiesta in qualità di gestore e sviluppatore della BBT;n.a.
386;n.a.;Il token per poter effettuare chiamate alla BBTS viene rilasciato dal servizio di autenticazione PDND di Produzione?  ;Si invita a chiedere supporto a InfoCamere per gestire tale richiesta in qualità di gestore e sviluppatore della BBT;n.a.
387;n.a.;Con qualche chiave pubblica si deve validare l’Agid-JWT-signature inviato dalla BBTS;Si invita a chiedere supporto a InfoCamere per gestire tale richiesta in qualità di gestore e sviluppatore della BBT;n.a.
388;17371f5e03bf4465b368a9b45364fbb4;"Facendo riferimento alla specifiche del file et_to_bo.yaml per quanto riguarda il test che verranno effettuati dalla SBBT per operation ""/instance/{cui_uuid}/document/{resource_id}"" come sarà possibile testare il recupero di un documento identificato da ""cui_uuid"" e ""resource_id"", visto che non è preceduto da operation ""send_conclusion"" o ""request_integration""?
Ipotizziamo che ci verranno forniti dei ""cui_uuid"" e ""resource_id"" prima del test per censirli come casi di test nel nostro applicativo. Confermate?";"I test case della BBT richiedono la definizione di precondizioni per garantire la corretta esecuzione dei servizi. Le operazioni sono eseguite in momenti specifici dei sequence diagram, e per assicurare la coerenza tra l'esecuzione del servizio e lo stato dell'instance descriptor, ogni test case include la configurazione preliminare di oggetti specifici.

Qualora vi sia la necessità di ulteriori chiarimenti, la invitiamo a contattarci tramite il canale di messaggistica del ticket.
Le comunichiamo inoltre che, in assenza di ulteriori richieste, il presente ticket sarà chiuso automaticamente dal sistema entro 7 giorni lavorativi.";n.a.
389;1d35e8df3df04e9d81d8766282435d6f;"Buongiorno, mi scuso in anticipo per l'errata classifica della richiesta, ma non ho trovato un argomento relativo alla suite di black box test.
Abbiamo una questione rimasta appesa con la software house XXX e rimasta appesa durante l'ultimo incontro della community dei fornitori. Vi allego tutta la conversazione in modo da fornirvi quanti più elementi possibili.

La prima richiesta è stata formulata in data XXX e recita: ""Durante l'esecuzione dei test della back-box, c'è un test (Bo To Fo) che esegue la seguente chiamata:
instance/%81bc7d1a-10e5-11ee-be56-0242ac120013/document/avvio_vicinato.xml


Il test dovrebbe verificare se il sistema gestisce la richiesta di un cui non esistente. Il cui richiesto è il %81bc7d1a-10e5-11ee-be56-0242ac120013
Il problema è che l'URL chiamato contiene il valore %81 che è un valore sospetto e che i sistemi di sicurezza dell'api gateway identificano (giustamente) come malevolo e quindi bloccano la chiamata ancor prima di passarla ai servizi veri e propri.
L'unica soluzione, documentata, è disabilitare tali sistemi di controllo e far comunque arrivare la chiamata ai servizi, in modo poi da gestire la risposta di errore corretta. Troviamo però un po' assurdo dover forzare il sistema, esponendolo così a rischi di sicurezza, solo per passare un test. Ovviamente se il parametro passato non contiene %81, ma è sempre un cui non esistente, il sistema risponde correttamente con un errore secondo le specifiche tecniche.


Si resta in attesa di vostro sollecito riscontro.
Grazie
Saluti""
-----------------------------------------------------------------------------------------------------------------------------------------------------
Durante l'ultima community dei fornitori Infocamere c'è stato il seguente scambio verbale:
""Il caso di test, prodotto da AgID, ha lo scopo di testare una bad request (errore 400). Nel caso in cui AgID ritenga che è opportuno adeguare il caso di test, siamo a disposizione per farlo.

Osservazione di XXX:
Lo scopo del test lo sappiamo e l'abbiamo anche riportato nella domanda.
Il fatto che si parli di Agid come soggetto terzo, ci lascia un po' basiti.
A noi non interessa entrare nelle logiche di chi disegna i test (Agid) e di chi li sviluppa (Infocamere). Vorremmo però sapere cosa fare: viene modificato il test usando un CUI differente o forziamo i sistemi Cloud introducendo una falla di sicurezza (a questo punto direi di interpellare ACN)?
Se si decidesse di modificare il test, riuscite a darci un'indicazione della tempistica? Noi avremmo l'urgenza almeno di passare i test. Al momento siamo bloccati su diversi fronti senza poter far nulla.

Nell'attesa di risposte, rimaniamo come sempre disponibili per una call, senza dover aspettare un mese per gli incontri di gruppo.
Grazie
Saluti""

la risposta definitiva veicolata alla software house per iscritto è stata dunque la seguente:
""La black box esegue le CURL con le request prodotte da AgID e verifica che la risposta del sistema sia uguale a quella definita da AgID. Pur comprendendo il dubbio condiviso, la modifica della request e della response di un caso di test è un'attività che rientra nelle competenze di AgID""
-----------------------------------------------------------------------------------------------------------------------------------------------------
Vi risparmio l'ulteriore commento ricevuto oggi dalla software house e chiedo il vostro aiuto per formulare una risposta che plachi un minimo gli animi.

Grazie mille buona giornata";"La definizione della BlackBox test è condotta mediante il lavoro congiunto di AgID e InfoCamere, dove il primo soggetto ha il compito di definire i test case composti da precondizioni, richieste e risposte, mentre il secondo ha il compito di implementare tale piattaforma.
Eventuali errori nei test case possono essere verificati solo mediante l'esecuzione degli stessi, eventuali problematiche vengono gestite tramite issue tra i due soggetti precedentemente menzionati.

Circa la problematica in questione, si precisa che la soluzione è stata gestita ed è prossima alla sua risoluzione. Per testarlo, è necessario attendere l’aggiornamento della piattaforma da parte di InfoCamere.

Qualora vi sia la necessità di ulteriori chiarimenti, la invitiamo a contattarci tramite il canale di messaggistica del ticket.
Le comunichiamo inoltre che, in assenza di ulteriori richieste, il presente ticket sarà chiuso automaticamente dal sistema entro 7 giorni lavorativi.";n.a.
390;e47e681ff31040ed8ccc808900e18766;"Buongiorno,
su indicazione di Infocamere vi inviamo un file con due segnalazioni sui contenuti della Black Box (test per ET).
Nello specifico una incongruenza con la risposta al messaggio di errore per il caso di test ET_TC_021_2 rispetto alle specifiche.
E la presenza di ""%"" negli uuid dei test. Errore corretto per BO ed FO, ma probabilmente non per ET.
La richiesta ha carattere di urgenza.
Grazie";"Le BBT sono state aggiornate rimuovendo il carattere speciale e le modifiche sono state gestite per i componenti FO, BO ed ET. Per testarlo, è necessario attendere l’aggiornamento della piattaforma da parte di InfoCamere.

Qualora vi sia la necessità di ulteriori chiarimenti, la invitiamo a contattarci tramite il canale di messaggistica del ticket.
Le comunichiamo inoltre che, in assenza di ulteriori richieste, il presente ticket sarà chiuso automaticamente dal sistema entro 7 giorni lavorativi.";n.a.
391;2f40e1f585174fd1a6a4d9304ce69356;"Per la consultazione dell'elenco dei test a cui verranno sottoposti gli Enti Terzi, è corretto consultare il branch approved01?
In caso affermativo, bisogna consultare le specifiche nella cartella ""specifiche_approvate/specifiche_navigabili"" (https://github.com/AgID/specifiche-tecniche-DPR-160-2010/tree/approved01/specifiche_approvate/specifiche_navigabili)
oppure quelle nella cartella ""specifiche_navigabili"" (https://github.com/AgID/specifiche-tecniche-DPR-160-2010/tree/approved01/specifiche_navigabili)?
Nel caso di ""specifiche_approvate/specifiche_navigabili"" compare un insieme di test più ampio che include anche gli errori ""500"" rispetto all'insieme dei test definito in ""specifiche_navigabili"".
grazie";"Per consultare le specifiche tecniche navigabili si rimanda al seguente link: https://github.com/AgID/specifiche-tecniche-DPR-160-2010/tree/approved01/specifiche_navigabili.
Le specifiche presenti nella cartella ""specifiche_approvate"" riportano la versione pubblicata ufficialmente, ovvero, al momento, la versione presente nel branch ""main"".

Qualora vi sia la necessità di ulteriori chiarimenti, la invitiamo a contattarci tramite il canale di messaggistica del ticket.
Le comunichiamo inoltre che, in assenza di ulteriori richieste, il presente ticket sarà chiuso automaticamente dal sistema entro 7 giorni lavorativi.";n.a.
392;aae72015ceb046b4b1d552f6044c09b2;"Buongiorno,
stiamo eseguendo i test SBBT come ET.
Per il caso di test ET_TC_037_1, dalla nostra analisi sembra che nella request ricevuta manchi il campo ""cdss_convocation"" sebbene sia riportato nel body della request presente nel report allegato e che riporto di seguito:

{
""cui"": {
""context"": ""SUAP"",
""progressivo"": ""100"",
""data"": ""2025-07-18"",
""uuid"": ""81bc7d1a-10e5-11ee-be56-0242ac120013""
},
""instance_descriptor_version"": ""1"",
""event"": ""cdss_convened"",
""cdss_channel"": ""Canale cdss"",
""cdss_convocation"": ""2025-06-23""
}

A conferma di ciò, abbiamo temporaneamente reso il campo ""cdss_convocation"" non obbligatorio e il test ha avuto esito positivo. Tuttavia, da specifiche il campo dovrebbe essere obbligatorio.";"Confermiamo che l'attributo ""cdss_convocation"" è un campo obbligatorio e deve essere previsto per il test, coerentemente con lo schema descritto nelle Specifiche Tecniche, pertanto abbiamo verificato il testCase nell'excel delle BBT e confermiamo la sua coerenza con quanto atteso.
Nell'esempio riportato abbiamo notato che la data della convocazione della CDSS è antecedente alla data di generazione del cui, questo potrebbe essere incompatibile con la generazione dell'oggetto Times e risultare nell'errore ""incorrect request input\""; vi invitiamo a fare un ulteriore test con una data congrua.
Attendiamo un vostro ulteriore riscontro.

Qualora vi sia la necessità di ulteriori chiarimenti, la invitiamo a contattarci tramite il canale di messaggistica del ticket.
Le comunichiamo inoltre che, in assenza di ulteriori richieste, il presente ticket sarà chiuso automaticamente dal sistema entro 7 giorni lavorativi.";"Richiedente
Buongiorno,
sia la data della pratica, che quella di convocazione della cdss, sono dati di input che riceviamo nella vostra request. Non sono imputati dal nostro servizio.
Quindi ribadiamo che il problema, stante quanto dite, dipende proprio dal caso di test.

Operatore"
393;n.a.;"E' disponibile una corrispondenza della mappatura dei campi dell’oggetto CooperazioneSUAPEnte utilizzato nel web service SOAP PDDServiceEnte.wsdl?
";Non è chiara la domanda e non sembra essere di pertinenza AgID;n.a.
394;n.a.;"In particolare ci serve sapere in quale metodo e in quale elemento sono presenti le informazioni:
 

Suap Competente

<suap-competente codice-amministrazione=""c_a662"" codice-aoo=""BA-SUPRO""

                                               identificativo-suap=""9470"">Suap di BARI in delega alla CCIAA di BARI</suap-competente>

<ente-destinatario pec=""archiviogenerale.comunebari@pec.rupar.puglia.it"">UFFICI COMUNE DI BARI</ente-destinatario>

 

Dati pratica

        <oggetto-pratica tipo-procedimento=""SCIA"" tipo-intervento=""apertura"">comunicazione di inizio attività  commercio on line articoli </oggetto-pratica>

        <protocollo-pratica-suap codice-amministrazione=""REP_PROV_BA"" codice-aoo=""BA-SUPRO"" data-registrazione=""2025-02-19+01:00"" numero-registrazione=""0045268""/>

        <protocollo-ri ufficio-ri=""BA"" anno=""2025+01:00"" numero-protocollo-ri=""19962"" sotto-numero-protocollo-ri=""1000"" data-protocollo-ri=""2025-02-19+01:00""/>

        <oggetto-comunicazione tipo-cooperazione=""SINOLTRO"">Trasmissione pratica n. 08997310720-19022025-1000 - SUAP 9470 - 08997310720 MIX UP S.R.L.S.</oggetto-comunicazione>

        <testo-comunicazione>testo</testo-comunicazione>

        <protocollo codice-amministrazione=""REP_PROV_BA"" codice-aoo=""BA-SUPRO"" data-registrazione=""2025-02-20+01:00"" numero-registrazione=""0045935""/>
";Si precisa che AgID non ha più competenza sugli schemi XSD, pertanto, si rimanda al tavolo della semplificazione in qualità di soggetto preposto alla formalizzazione della modulistica standardizzata.;n.a.
395;n.a.;"""legal_person"" negli e-service attuali a quale utente si riferisce? gli altri dati dell'impresa dove sono?";"Il ""legal_person"" deve riportare il CF o la partita IVA dell'impresa oggetto delle istanze del procedimento SUAP. 
Si precisa che non sono previsti altri dati dell'impresa all'interno dell'oggetto InstanceDescriptor. ";n.a.
396;n.a.;"nel e-service catalogo to ente terzo il metodo get instance_descriptor ha nella risposta:
usecase _proceeding > fattispecie procedimenti avvviati contiene un array con n elementi.

Questi corrispondono agli interventi precedentemente definiti nella KDB?

per ognuno di questi è definito un file MDA differente?

 

Dove si trovano fisicamente i file MDA?

 ";"L'attirbuto usecase_proceedings riporta una lista di fattispecie dei procedimenti avviati tramite il procedimento SUAP. Ogni fattispecie è direttamente collegata ad un procedimento, il quale può essere primario o secondario. Un procedimento SUAP prevede l'attivazione di una fattispecie primaria a cui possono essere collegate altre fattispecie secondarie. Il collegamento e l'obbligatorietà di tali fattispecie secondarie è definita dall'entità endoproceedings.

Il file MDA è assciato direttamente all'attributo instance e risulta essere unico per un procedimento SUAP. 

Il file MDA, come ogni altra risorsa gestita nell'ecosistema SSU, viene persistito direttamente in ogni componente informatica SUAP e negli scambi (es. send_instance) vengono inoltrati solamente i riferimenti per richiedere l'accesso al file, mediante la GET /instance/{cui_uuid}/document/{resource_id}.";n.a.
397;n.a.;"Quesiti tecnici
 I test sulla black box dovranno essere certificati prima della data di scadenza del decreto di finanziamento (1/12/2025)?

";Tale quesito risulta essere di pertinenza di InfoCamere in qualità di gestore e sviluppatore della piattaforma BBT;n.a.
398;n.a.;Quesiti Tecnici:Gli e-service da testare sulla black-box devono essere pubblicati sulla piattaforma interoperabilità PDND?;Tale quesito risulta essere di pertinenza di InfoCamere in qualità di gestore e sviluppatore della piattaforma BBT;n.a.
399;n.a.;Quesiti Tecnici:Il nome dei client che espongono gli e-service su PDND devono avere un nome specifico? ;La gestione dei client e la definizione del suo nome viene definita liberamente dall'amministrazione accreditata sulla PDND che deve erogare i servizi sulla stessa.;n.a.
400;n.a.;Quesiti Tecnici:Quali sono gli e-service da testare sulla black-box rispetto agli interventi elencati nella tabella 1 dell'allegato 2 dell'avviso di finanziamento?;"Tale quesito risulta essere di pertinenza del DFP poiché vengono posti dei dubbi in merito agli avvisi di finanziamento. 
Inoltre si precisa che i test che saranno presenti nella BBT sono definiti all'interno del paragrafo 8.6 delle Specifiche Tecniche.";n.a.
401;n.a.;Quesiti Tecnici:I 47 interventi riportati nella tabella 1 dell'allegato 2 dell'avviso di finanziamento sono tutti e-service e quindi devono essere esposti come e-service sulla piattaforma interoperabilità PDND e testati sulla black box?;"Non vi è necessariamente una mappatura diretta tra interventi ed e-service.
Gli interventi riportati negli avvisi di finanziamento SUAP definiscono le funzionalità che devono essere garantite dalle amministrazioni SUAP. 
Differentemente, gli e-service sono i servizi che devono essere offerti dalle stesse attraverso la piattaforma PDND e devono essere validati mediante l'esecuzione delle BBT che accertano la conformità tecnica.

Per chiarire ulteriori dubbi in merito, si consiglia di rivolgersi al DFP.";n.a.
402;n.a.;Quesiti Tecnici:oppure solo i 25 interventi (3, 4, 5, 6, 7, 11, 13, 14, 22, 23, 24, 25, 27, 28, 36, 37, 38, 39 , 40, 41, 42, 43, 44, 45, 46) riportati nella tabella 1 dell'allegato 2 dell'avviso di finanziamento, sono e-service e devono essere esposti come sulla piattaforma interoperabilità PDND e testati sulla black box?;"Non vi è necessariamente una mappatura diretta tra interventi ed e-service.
Gli interventi riportati negli avvisi di finanziamento SUAP definiscono le funzionalità che devono essere garantite dalle amministrazioni SUAP. 
Differentemente, gli e-service sono i servizi che devono essere offerti dalle stesse attraverso la piattaforma PDND e devono essere validati mediante l'esecuzione delle BBT che accertano la conformità tecnica.

Per chiarire ulteriori dubbi in merito, si consiglia di rivolgersi al DFP.";n.a.
403;n.a.;Quesiti Tecnici: I test della suite di black-box dovranno essere fatti solo sui 25 interventi (3, 4, 5, 6, 7, 11, 13, 14, 22, 23, 24, 25, 27, 28, 36, 37, 38, 39 , 40, 41, 42, 43, 44, 45, 46) riportati nella tabella 1 dell'allegato 2 dell'avviso di finanziamento e quindi devono essere esposti solo questi come e-service sulla piattaforma interoperabilità PDND e testati sulla black box?;"Non vi è necessariamente una mappatura diretta tra interventi ed e-service.
Gli interventi riportati negli avvisi di finanziamento SUAP definiscono le funzionalità che devono essere garantite dalle amministrazioni SUAP. 
Differentemente, gli e-service sono i servizi che devono essere offerti dalle stesse attraverso la piattaforma PDND e devono essere validati mediante l'esecuzione delle BBT che accertano la conformità tecnica.

Per chiarire ulteriori dubbi in merito, si consiglia di rivolgersi al DFP.";n.a.
404;n.a.;Quesiti Tecnici: I restanti 22 interventi (1, 2, 8, 9, 10, 12, 15, 16, 17, 18, 19, 20, 21, 26, 29, 30, 31, 32, 33, 34, 35, 47) sono funzionalità interne agli e-service che saranno testate sempre  nella suite di black-box intrinsecamente ai test degli e-service o sono funzionalità che dovranno essere testate da Roma Capitale e attestate dal RUP con la regolare esecuzione?;"Non vi è necessariamente una mappatura diretta tra interventi ed e-service.
Gli interventi riportati negli avvisi di finanziamento SUAP definiscono le funzionalità che devono essere garantite dalle amministrazioni SUAP. 
Differentemente, gli e-service sono i servizi che devono essere offerti dalle stesse attraverso la piattaforma PDND e devono essere validati mediante l'esecuzione delle BBT che accertano la conformità tecnica.

Per chiarire ulteriori dubbi in merito, si consiglia di rivolgersi al DFP.";n.a.
405;n.a.;Confermate che tutti i metodi definiti nelle interfacce (FO,BO,ET) per il recupero delle risorse documento (/instance/{cui_uuid}/document/{resource_id}) devono ritornare il contenuto codificato base64 (come text/plain) e non già direttamente il contenuto in formato binario, quindi con aumento della dimensione trasferita?;L'operation indicata restituisce una stringa codificata in base64. Si riporta di seguito la documentazione dei OpenAPI 3 dove viene riportata tale indicazione: https://spec.openapis.org/oas/v3.0.3#data-types;n.a.
406;n.a.;È compito della PA (o del soggetto che gestisce il SUAP per suo conto) fornirci la documentazione tecnica di riferimento e indicarci le azioni da intraprendere nel caso specifico? Come possiamo ottenere le informazioni identificative necessarie per compilare correttamente le chiamate API da e verso i vari SUAP?;La documentazione tecnica di riferimento è il documento delle Specifiche Tecniche SUAP di cui al DPR 160/2010.;n.a.
407;n.a.;I SUAP hanno facoltà di personalizzare il tracciato tecnico generico?;Non è chiara la domanda;n.a.
408;n.a.;"R: Blackbox
Buongiorno,
sollecito un sollecito del nostro sviluppatore.
Siamo ancora bloccati con i test per il carattere % che, come fatto già presente più volte, viene interpretato dai sistemi API Gateway come richiesta malevole e quindi bloccata dai sistemi di sicurezza. Non possiamo bypassarla se non disattivando i sistemi di sicurezza.
Ci era stato detto che Agid avrebbe esaminato la questione e quindi dato una risposta. E' passato un mese, siamo ancora in attesa...
Mandiamo a voi perché non si è capito se la competenza è di Agid o Infocamere";"La problematica segnalata è stata gestita e abbiamo condiviso l’aggiornamento ad InfoCamere per l’adeguamento della BBT.
Si segnala che è necessario attendere l'aggiornamento della piattaforma per testare i nuovi test case.";n.a.
409;n.a.;"Buongiorno,
inoltro la mia risposta a Invitalia (e per cc a ad Agid) quale tramite verso InfoCert, visto che non posso rispondere direttamente a InfoCert nonostante le innumerevoli richiesti di mettere a disposizione un sistema di supporto decente (come vedete il ticket iniziale è andato ""perso"")

Come già specificato, la struttura Procedimento->UseCases è chiara.

Sono i contenuti dell'archivio che sono spesso inutilizzabili.

Stando sullo UseCase USEC-0001331 quello che sappiamo dal catalogo è: 

UseCase ID: USEC-0001331 

UseCase Descr: Comunicazione di cessazione dell'attività

Proceeding ID: PROC-0001244

Proceeding Descr: Comunicazione di cessazione dell'attività

Da queste informazioni, come facciamo a sapere per quali attività deve essere usato tale usecase e quindi il relativo proceeding?

A logica sembrerebbe riferito alla cessazione di qualsiasi attività, peccato che nel catalogo troviamo anche questo:

UseCase ID: USEC-0001636 

UseCase Descr: Comunicazione di cessazione dell'attività di estetista

Proceeding ID: PROC-0001244

Proceeding Descr: Comunicazione di cessazione dell'attività

Ovvero un altro UseCase, specifico per estetista, e collegato allo stesso proceeding.

Troviamo però anche questo:

UseCase ID: USEC-0001572

UseCase Descr: Comunicazione di cessazione dell'attività di Facchinaggio

Proceeding ID: PROC-0001441

Proceeding Descr: Comunicazione di cessazione dell'attività

Ovvero uno usecase specifico per l'attività di facchinaggio ma che, a differenza di prima, è collegato ad un altro proceeding.

Abbiamo poi i casi in cui non troviamo proprio lo usecase e relativo proceeding. Ad esempio, per l'attività di bed and breakfast (B&B) non troviamo nulla a catalogo. Sicuramente la casistica è presente, ma sotto quale voce?";"Si precisa che una fattispecie è sempre riconducibile ad un procedimento, che sia questa una fattispecie primaria o secondaria. Nell'esempio vengono riportati due fattispecie distinte di ""comunicazione di cessazione dell'attività"" che sono ricondotte allo stesso procedimento. Da un punto di vista tecnico è corretto, tuttavia, è necessario affrontare la questione con InfoCamere per chiarire la correttezza delle informazioni associate ai procedimenti all'interno del Catalogo.";n.a.
410;n.a.;"Buongiorno,

si riprende la mail di un mese fa per chiedere chiarimenti in merito alla relazione use-case e regime amministrativo.

Proprio in questi giorni, ritornando su questa questione con il nostro team di sviluppo, sono riemersi i dubbi già evidenziati, ovvero capire perché il regime amministrativo è legato allo use-case e non al proceeding. Quale sarebbe la casistica in cui due use case differenti, collegati allo stesso procedimento, avrebbero regime amministrativo diverso? ///////////////////////////////

vorrei un chiarimento sul Regime Amministrativo.

So che è un argomento che è stato trattato e che, anzi, ha generato una modifica nello schema ER. Riguardando però lo schema, e riguardando le varie FAQ, non riusciamo a capirne la logica.

Quello che non riusciamo a capire è perché il regime amministrativo è associato alla fattispecie e non al procedimento? Per noi sarebbe stato più logico che dato un procedimento questo fosse associato inequivocabilmente ad un preciso regime amministrativo.

Per quello che vediamo nelle specifiche, invece, si potrebbero avere casi in cui uno stesso procedimento potrebbe essere gestito con regimi amministrativi differenti a seconda della fattispecie?

Non riusciamo a trovare un caso reale e sensato. 

Potreste darci delucidazioni in merito, magari fornendoci un esempio pratico di un caso di questo tipo?";"La scelta di spostare la relazione del regime amministrativo a livello di fattispecie anzichè a livello di procedimento è funzionale a garantire flessibilità e una corretta gestione dei regimi amministrativi.
Volendo fare una esempio pratico, dato un procedimento ""Avvio esercizio di vicinato"", a cui si applica in genere il regime SCIA, se si definisce una fattispecie ""Avvio esercizio di vicinato con vendita di oggetti preziosi"", ad essa deve essere associato il regime amministrativo AUTORIZZAZIONE.

In aggiunta di ciò, si precisa che è funzionale anche per definire 1-a-1 i controlli Schematron da applicare per le verifiche automatiche, pertanto, il regime amministrativo deve essere associato a livello di fattispecie per garantire tali controlli.

Per ulteriori dettagli, si consiglia di chiedere supporto ad InfoCamere in qualità di gestore del Catalogo.";n.a.
411;n.a.;"Buongiorno,

vi giro la risposta di Infocamere ad un nostro quesito.

Risposta chiara ma sconcertante: scoprire dal welcome kit della blackbox che il pattern di sicurezza non è quello indicato nelle specifiche.

Visto che si parla di issue aperta, vorrei capire se la cosa è confermata. Visti i tempi mi sembra assurdo ci siano ancora dubbi su un elemento base come questo.

Nel caso fosse confermata, mi piacerebbe capire chi sostiene i costi del dover rifare lo strato di sicurezza (implementato come da specifiche) e che impatto ha questo sulla scadenza del progetto.

In ultimo, mi permetto di far presente che sarebbe forse il caso di mandare una notifica agli interessati se ci sono cambiamenti importanti come quello in oggetto.";"

L'aggiornamento del pattern di sicurezza è legata ad una semplificazione introdotta dalla PDND la quale consente, mediante lo standard INTEGRITY_REST_02, di efficientare la gestione delle chiavi di sicurezza e le modalità di verifica delle firme digitali negli scambi che avvengono tra due Enti.

Al fine di rendere ufficiale tale aggiornamento, è stata pubblicata:
 - in data 11/06/2025 la seguente notizia: https://collaudo.suapsue.gov.it/news/?news_id=40
 - in data 18/06/2025 la seguente faq: https://www.suapsue.gov.it/view-faq/?faq_id=267";n.a.
412;994269fae9304dbb9aa3ea319e802b2d;"Per la pubblicazione dell'API del nostro ente terzo su PDND abbiamo necessità di conoscere quali tra i pattern di sicurezza bisogna applicare per:
1) per la sicurezza del canale quale tra:
ID_AUTH_CHANNEL_01
ID_AUTH_CHANNEL_02
2) sicurezza messaggio tra:
INTEGRITY_REST_01 con ID_AUTH_REST_01
INTEGRITY_REST_01 con ID_AUTH_REST_02

Non abbiamo trovato su specifiche tecniche l'indicazione di dettaglio a noi necessaria.";"Fonte: https://www.agid.gov.it/sites/agid/files/2024-07/Linee_guida_interoperabilit%C3%A0PA_All2_Pattern_sicurezza.pdf

Per la sicurezza del canale si evidenzia che è necessario applicare il pattern ID_AUTH_CHANNEL_01, poiché, come segnalato nel documento segnalato come fonte, il pattern ID_AUTH_CHANNEL_02 può essere applicato solo nel caso in cui il fruitore non possa accreditarsi alla Piattaforma Digitale Nazionale Dati per l’interoperabilità.

Per quanto riguarda invece la sicurezza del messaggio, si evidenzia che è necessario invece adottare il pattern INTEGRITY_REST_02, come segnalato nella notizia pubblicata sul sito di progetto SUAP&SUE: https://collaudo.suapsue.gov.it/news/?news_id=40.";n.a.
413;6c22a4ccc70f4bc295a2aeb480d1c0cf;"Come dobbiamo impostare gli eservice SSU considerando che ricevono ed erogano dati allo stesso tempo?
Abbiamo chiesto al customer care della PDND ma la loro risposta è stata:
--------------------------------------------------------------------------
Buon pomeriggio,
per rispondere al suo quesito la informiamo che la piattaforma non permette di avere un e-service che eroga e riceve dati in contemporanea, è necessario crearne uno che solo eroga e uno che solo riceve dati.
Eventualmente suggeriamo di contattare AgID facendo presente facendo presente quali sono le vostre esigenze e chiedendo come potete comportarvi.

Cordiali saluti,
Team Assistenza PagoPA
--------------------------------------------------------------------------
Non ho trovato una sezione adeguata dove porre la domanda";"Buongiorno, a seguito di un confronto con PagoPA, si riporta quanto segue:
------------------------
A seconda della sensibilità del dato inviato o ricevuto, dunque scambiato tra le parti, si va a compilare una dichiarazione del rischio per ogni e-service prima della sua pubblicazione su PDND quando l'e-service in questione opera in regime di ""erogazione inversa"". In caso contrario, la dichiarazione del rischio viene compilata dal soggetto richiedente nel momento in cui redige la finalità di utilizzo di un e-service per cui ha inviato la richiesta di fruizione.
Ad ogni modo, precisiamo che la valutazione della titolarità del dato deve essere svolta dall'amministrazione erogatrice, la quale dovrà valutare se i dati sensibili risiedono tra quelli trasmessi o quelli ricevuti durante la comunicazione con l'altra componente informatica.
------------------------
Un saluto.";"Operatore
""Buongiorno,
Stiamo analizzando la segnalazione fatta, sarebbe possibile fornirci maggiori dettagli riguardo i servizi a cui si fa riferimento, insieme ad esempi pratici per circoscrivere meglio la problematica?
Anche leggendo la risposta di PDND, non risulta chiaro quale sia lo scenario in questione o la problematica.
Un Saluto""

Richiedente
""Procedo con un esempio pratico: l'eservice BO2ET ha alcuni metodi in cui riceve dati (send_conclusions, request_cdss, request_integration) ma anche metodi con cui eroga dati (instance).
Se io devo pubblicare il mio eservice BO2ET su PDND come dovrei registrarlo?
Dovrei pubblicarlo come service che eroga dati (quindi, fra le altre cose, con analisi dei rischi a cura del fruitore dell'eservice) o che riceve dati (quindi, fra le altre cose, con analisi dei rischi a cura dell'ente)?""

Operatore
""Buongiorno, sono in corso le opportune verifiche con PDND sul quesito posto nel ticket.
Un saluto."""
414;75d5bf19d402421aa4caeb6a61bce90d;Abbiamo bisogno di una conferma: se un'istanza richiede il parere di N enti che utilizzano la stessa soluzione di ente terzo - nel nostro caso più gestori di ente parco che devono dare un parere su una stessa autorizzazione XXX - il BO SUAP manderà N send_istance diverse? in caso affermativo, le send_istance inviate alla stessa soluzione di ente terzo avranno quindi lo stesso cui_uuid?;"Il routing interno ad una piattaforma ospitante più componenti Enti Terzi deve essere gestito secondo le logiche 
definite dal gestore di tale piattaforma. All'interno del Catalogo SSU i riferimenti di tali coponenti avranno logicamente lo stesso valore. 
Sulla base di ciò, un Back-Office, non conoscendo i sistemi in uso dei vari componenti, invierà una send_instance per ogni Ente Terzo 
individuato all'interno dell'instance-descriptor, pertanto, la piattaforma multi-tenant riceverà più richieste dei pareri, una per ogni 
Enti Terzo incaricato. In questo scenario, tale piattaforma dovrà essere in grado di analizzare le richieste e inoltrarle ai singoli Enti competenti. 
Ricevuta tale segnalazione, ogni singolo Ente Terzo dovrà essere in grado di inoltrare i suoi esiti finali o eventuali richieste di integrazione al BO.
Qualora vi sia la necessità di ulteriori chiarimenti, la invitiamo a contattarci tramite il canale di messaggistica del ticket.
Le comunichiamo inoltre che, in assenza di ulteriori richieste, il presente ticket sarà chiuso automaticamente dal sistema entro 7 giorni lavorativi.";"Richiedente
Quindi confermate che le diverse send_istance mandate ai rispettivi Enti terzi avranno lo stesso cui_uuid?
Rispetto alle richieste di integrazione al BO inviate da un ente terzo, gli altri Enti Terzi riceveranno evidenza dell'integrazione effettuata dal FO?

Operatore
Confermiamo che il cui_uuid sarà il medesimo.
Confermiamo inoltre che il BO notificherà l'istanza integrata a tutti gli Enti Terzi, non solo a chi ha richiesto l'integrazione."
415;4349df3347ea4c50bde673e8c42b3c86;Se ente terzo riceve una send_istance che da verifiche effettuate su /instance_descriptor/{cui_uuid} dovesse rilevarsi di una fattispecie e/o di un ente non di competenza della componente Ente Terzo, come dobbiamo comportarci? come facciamo a comunicare al BO SUAP che tale istanza non è da noi lavorabile?;"Buongiorno,

Per come sono progettate le attuali specifiche dell'Approved01, attualmente non è possibile per un ET comunicare in interoperabilità al BO la ""non competenza"" su una particolare fattispecie. 

La problematica evidenziata nel ticket però è stata analizzata durante le lavorazioni delle specifiche dell'Approved02, pertanto in futuro sarà possibile utilizzare un canale dedicato alle comunicazioni tra componenti per gestire problematiche generali, e la casistica diventerà così gestibile in interoperabilità.

Qualora vi sia la necessità di ulteriori chiarimenti, la invitiamo a contattarci tramite il canale di messaggistica del ticket.
Le comunichiamo inoltre che, in assenza di ulteriori richieste, il presente ticket sarà chiuso automaticamente dal sistema entro 7 giorni lavorativi.

Un Saluto";n.a.
416;cdc8cffbc7524c96ab8b7ee71397c883;In data 06/08 Regione XXX ha effettuato richiesta di accesso al servizio di SBBT ma ad oggi non hanno ricevuto riscontro e quindi non abbiamo ancora l'accesso necessario ad effettuare le verifiche richieste. A chi possiamo far scrivere per avere l'accesso? grazie;"Buongiorno,

Per una problematica di questo tipo, si suggerisce di contattare direttamente il servizio di assistenza di InfoCamere.

Un Saluto";n.a.
417;7b79bcb1811b4224b643ef553d5e18b2;"Buon pomeriggio, mi scuso in anticipo per l'errata classificazione della richiesta, ma purtroppo non ho trovato una sezione dedicata alla tematica SUE.
A tal proposito, la software house Starch srl ci sottopone il seguente quesito:
""Buongiorno,
alla luce del PDF con le nuove specifiche tecniche per il SUE, chiediamo dove reperire la documentazione tecnica dei servizi (yaml). Il repository git usato per il SUAP non ci sembra aggiornato.
Grazie
Saluti""
Restiamo in attesa di un vostro cortese riscontro che sarà nostra premura veicolare verso il relativo mittente.

Grazie mille";"Buon pomeriggio,

Gli artefatti tecnici richiesti, prodotti per l'ambito SUE, sono reperibili al seguente repository pubblico: https://github.com/AgID/SUE-allegato-tecnico

Per completezza, riportiamo anche il link alle FAQ SUE, per rispondere ad eventuali ulteriori domande: https://www.agid.gov.it/index.php/it/domande-frequenti/sue

Si notifica inoltre che sono in corso le necessarie valutazioni per implementare un canale UniTicket dedicato al SUE, in modo da indirizzare le future richieste di supporto legate a tale ambito.

Un Saluto";n.a.
418;18656281da264b7ba9edc61cd3e16317;Abbiamo un dubbio sui futuri sviluppi SSU in ottica SUE: la richiesta del riferimento telematico del BO/FO sarà richiesta sempre da /suap/... o ci sarà una chiamata ad hoc? Lo stesso dubbio lo abbiamo per gli enti terzi.;"Buon pomeriggio,

In generale, gli e-service descritti all’interno dell’Allegato Tecnico SUE sono da considerarsi differenti da quelli del SUAP, dunque nuovi ed esposti su endpoint dedicati.

Le operazioni di cui in particolare si fa richiesta nel ticket fanno riferimento alle seguenti presenti in Catalogo-SSU_Meta:
/single-desk/{single_desk_id}/{single_desk_version}/frontoffice-system
/single_desk/{single_desk_id}/{single_desk_version}/backoffice-system

Tutti artefatti tecnici prodotti per l'ambito SUE sono reperibili per consultazione al seguente repository pubblico: https://github.com/AgID/SUE-allegato-tecnico

Per completezza, riportiamo anche il link alle FAQ SUE, per rispondere ad eventuali ulteriori domande: https://www.agid.gov.it/index.php/it/domande-frequenti/sue

Qualora vi sia la necessità di ulteriori chiarimenti, la invitiamo a contattarci tramite il canale di messaggistica del ticket.
Le comunichiamo inoltre che, in assenza di ulteriori richieste, il presente ticket sarà chiuso automaticamente dal sistema entro 7 giorni lavorativi.

Si notifica inoltre che sono in corso le necessarie valutazioni per implementare un canale UniTicket dedicato al SUE, in modo da indirizzare le future richieste di supporto legate a tale ambito.

Un Saluto";n.a.
419;948c9183e8444eb5b64defebcd4ab478;"Abbiamo rilevato eseguendo la suite di Black-box test che per superare i test relativi a richieste non completamente conformi viene richiesto che la componente accetti e rispondi in maniera del tutto conforme.
Nello specifico viene richiesta la presenza, nella risposta, del token di integrity firmato anche in risposta a messaggi scartati (come ad esempio messaggi privi del token PDND), altrimenti il test viene considerato non superato. Ci riferiamo ai tipi di test TEST_ERROR_401_00x come per esempio ai seguenti case test sul componente FO SUAP FO_TC_133 o FO_TC_028_1.

Vorremmo precisare che essendo tale meccanismo NON sicuro (firmare qualsiasi risposta), che ci esporrebbe a problemi di sicurezza, e che comporta anche un aggravio di attività da effettuare, a regime NON verrà applicato in ambiente di Produzione ma, l’infrastruttura di Regione XXX, derogherà a delle regole di sicurezza, che il modello di interoperabilità prevede, solo per traguardare la certificazione con tale servizio.

Quanto riportato è stato segnalato per oppurtuna conoscenza anche a InfoCamere.";"Potreste chiarire a che tipo di vulnerabilità sareste esposti e quale aggravio operazionale dovreste affrontare?

Facciamo presente che, a prescindere dal modello di interoperabilità, lo standard RFC 7807 (a cui il MoDI stesso si riferisce), oggi aggiornato con l'RFC 9457, obbliga il destinatario a gestire alla stessa maniera tutti i tipi di risposta di errore, indipendentemente dal loro status code (che può essere riportato anche all'interno del body della Response).

Un Erogatore per firmare una risposta deve convertire il payload in una stringa di byte e sottoporla ad una funzione di hash (non invertibile) utilizzando un algoritmo come SHA-256 (le alternative sono SHA-384 e SHA-512). 
L'hash così calcolato dovrà poi essere firmato utilizzando una delle chiavi RSA, identificata univocamente, appartenente ad un portachiavi associato all'e-service, garantendo così l'identità dell'erogatore.

Considerata la procedura utilizzata per firmare una risposta, è possibile affermare che si tratta di una pratica sicura e robusta agli attacchi di tipo forza bruta e man-in-the-middle grazie a:
	• gli algoritmi di hash della famiglia SHA-2;
	• la firma basata sulla crittografia asimmetrica.
	
Per fornire delle numeriche circa la robustezza dallo SHA-256, se un malintenzionato volesse tentare di trovare una collisione, deve affrontare un problema di complessità pari a 2^128 operazioni. Ipotizzando che il soggetto in questione utilizzi un supercomputer in grado di effettuare 10^15 operazioni al secondo, ci vorrebbero circa 10^38 secondi (ovvero circa 10^31 anni) per eseguire tale attacco. Qualora invece volesse invertire l'hash, la complessità sale a 2^256 operazioni. 

Infine, si precisa che la PDND offre un ulteriore protezione avanzata del voucher, utilizzando il DPoP (Demonstrating Proof-of-Possession) - lo standard IETF (RFC 9449) che rende un voucher (token JWT) inutilizzabile se sottratto, perché vincolato a una chiave pubblica posseduta dal chiamante.

Per completezza, si riportano gli standard di riferimento utilizzati per garantire il processo di firma e verifica:
	• RFC 8017 (PKCS #1): definisce le modalità di utilizzo dell’algoritmo RSA per la firma digitale;
	• RFC 7518 (JSON Web Algorithms): specifica gli algoritmi di firma, come RSA e SHA-256;
	• RFC 7517 (JSON Web Key — JWK): questo documento specifica il formato JSON per rappresentare le chiavi crittografiche, sia pubbliche che private.";"Operatore
Buongiorno,
la tematica evidenziata verrà sottoposta al Gruppo Tecnico per valutare la sua migliore risoluzione.
Seguiranno aggiornamenti in merito.
Saluti.

Operatore
Potreste chiarire a che tipo di vulnerabilità sareste esposti e quale aggravio operazionale dovreste affrontare?

Facciamo presente che, a prescindere dal modello di interoperabilità, lo standard RFC 7807 (a cui il MoDI stesso si riferisce), oggi aggiornato con l'RFC 9457, obbliga il destinatario a gestire alla stessa maniera tutti i tipi di risposta di errore, indipendentemente dal loro status code (che può essere riportato anche all'interno del body della Response).

Un Erogatore per firmare una risposta deve convertire il payload in una stringa di byte e sottoporla ad una funzione di hash (non invertibile) utilizzando un algoritmo come SHA-256 (le alternative sono SHA-384 e SHA-512). 
L'hash così calcolato dovrà poi essere firmato utilizzando una delle chiavi RSA, identificata univocamente, appartenente ad un portachiavi associato all'e-service, garantendo così l'identità dell'erogatore.

Considerata la procedura utilizzata per firmare una risposta, è possibile affermare che si tratta di una pratica sicura e robusta agli attacchi di tipo forza bruta e man-in-the-middle grazie a:
	• gli algoritmi di hash della famiglia SHA-2;
	• la firma basata sulla crittografia asimmetrica.
	
Per fornire delle numeriche circa la robustezza dallo SHA-256, se un malintenzionato volesse tentare di trovare una collisione, deve affrontare un problema di complessità pari a 2^128 operazioni. Ipotizzando che il soggetto in questione utilizzi un supercomputer in grado di effettuare 10^15 operazioni al secondo, ci vorrebbero circa 10^38 secondi (ovvero circa 10^31 anni) per eseguire tale attacco. Qualora invece volesse invertire l'hash, la complessità sale a 2^256 operazioni. 

Infine, si precisa che la PDND offre un ulteriore protezione avanzata del voucher, utilizzando il DPoP (Demonstrating Proof-of-Possession) - lo standard IETF (RFC 9449) che rende un voucher (token JWT) inutilizzabile se sottratto, perché vincolato a una chiave pubblica posseduta dal chiamante.

Per completezza, si riportano gli standard di riferimento utilizzati per garantire il processo di firma e verifica:
	• RFC 8017 (PKCS #1): definisce le modalità di utilizzo dell’algoritmo RSA per la firma digitale;
	• RFC 7518 (JSON Web Algorithms): specifica gli algoritmi di firma, come RSA e SHA-256;
	• RFC 7517 (JSON Web Key — JWK): questo documento specifica il formato JSON per rappresentare le chiavi crittografiche, sia pubbliche che private."
420;298bffe3aa714602af924740fb4279d2;Un Ente Terzo può aggiungere autonomamente procedimenti o altre risorse sul Catalogo? Se sì a quale livello? Faccio un esempio pratico: un ente X della Regione Marche che è competente per il procedimento Y potrebbe aggiungere una versione di Y a livello regionale in autonomia o dovrebbe chiederlo alla Regione Marche?;"Buongiorno,

Considerando l'esempio fatto, la risposta è: un ente X della Regione Marche che è competente per il procedimento Y deve richiedere l'aggiornamento di Y alla Regione Marche, che è l'unica responsabile dell'inserimento dei procedimenti sul Catalogo.

Qualora vi fosse la necessità di ulteriori chiarimenti, la invitiamo a contattarci tramite il canale di messaggistica del ticket.
Le comunichiamo inoltre che, in assenza di ulteriori richieste, il presente ticket sarà chiuso automaticamente dal sistema entro 7 giorni lavorativi.

Un Saluto";n.a.
421;n.a.;"cornice di sicurezza interoperabilità
Quale payload nel patterne AUT_REST_02 deve essere implementato per fruire/erogare servizi in un aggregatore regionale per conto di altri enti locali?";"Il pattern di sicurezza cui si fa riferimento immaginiamo sia ""AUTH REST 02"", un token di audit che estende il pattern AGID-JWT-TrackingEvidence (AUDIT_REST_01) aggiungendo la correlazione tra il voucher di autenticazione e il token stesso. 
Indicazioni sui payload da utilizzare possono essere reperite consultando la documentazione ufficiale di PDND.";n.a.
422;n.a.;"e-service Infocamere
Nel payload del request cui
usecase_procedings->instance cosa contiene esattamente

1) L'intero modulo del procedimento che quindi potrà avere parti non compilate?
2) Porzione di un modulo del procedimento legato alla fattispecie?

In entrambi i casi come effettuiamo la validazione XSD?";"Consultando l'instance descriptor schema .yaml presente all'interno del repository GitHub è possibile constatare che usecase_proceedings è un array di fattispecie dei procedimenti avviati, dove, per ognuno di essi sono collegati i riferimenti al modulo digitale in formato xml chiamato ""instance"" , e i relativi validatori (xsd obbligatorio, schematron opzionale) referenziati nell'attributo ""form"".
La validazione xsd è possibile utilizzando i validatori di cui sopra da applicare sul relativo modulo dicitale presente in ""instance"".

";n.a.
423;n.a.;"sequence diagram coinvolgimento enti terzi
ci potete confermare che l'identificazione degli enti terzi coinvolti per ogni fattispecie è basato sulla amministrazione competente? 
Se è così, basandoci sul sequence diagram, in caso di piu fattispecie che coinvolgono lo stesso ente terzo potrebbe capitare che questo riceva più chiamate che coinvolgono lo stesso cui?";Si, se l'ente terzo è competente su più di una fattispecie, ci aspettiamo riceva più volte la stessa pratica per poter esprimere un parere su ciascuna fattispecie di sua competenza.;n.a.
424;n.a.;ci potete chiarire il contenuto dell'activity model?;"L'oggetto ""activity_model"" rappresenta il file MDA gestito nei procedimenti SUAP già esistenti e tale oggetto è stato integrato al fine di poter gestire il transitorio durante la fase di adeguamento alla nuova struttura.";n.a.
425;n.a.;"instance descriptor schema
Nell'instance descriptor il campo administrative_regime non è obbligatorio, tuttavia, sembra necessario nell'invio da parte del FO in sede di stacco CUI, come da voi chiarito nelle domande discusse il 10/02/2025. Come mai?";Malgrado non sia stato indicato attualmente come un attributo obbligatorio (required), si suggerisce di trattarlo come tale. ;n.a.
426;n.a.;"e-service infocamere metodo retry: 
Chiarimenti del 12/02/2025
L'operation ""retry"" esposta dal FO al BO (""FrontOffice SUAP to BackOffice SUAP"") permette al BO di richiedere al FO la ritrasmissione di una chiamata perché sono state riscontrate delle incoerenze sui dati ricevuti. 
Chiarimenti del 16/05/2025
Le operazioni di retry vengono attuate nel caso in cui durante la fase di comunicazione tra due componenti si verifica un errore di comunicazione. L'operatore può richiedere la ritrasmissione dell'operazione indicando l'errore riscontrato.

Non è chiaro quindi se il retry viene utilizzato per segnalare incoerenze sui dati, se si che tipi di incoerenze che non possano essere intercettate in sede di validazione, oppure su problemi di comunicazione generici.";"L'operazione di Retry mira a richiedere la ritrasmissione di una operation nel caso in cui si verifichino degli errori nel canale di comunicazione. Tramite la retry la componente segnala l'errore e il messaggio riscontrato nella comunicazione soggetta a tale problematica.  
";n.a.
427;n.a.;"Come è strutturata la ricevuta prodotta dal FO per il presentatore? 
Qual'è la modalità di trasmissione della stessa?";"Nella descrizione dei documenti del GeneralIndex sono presenti i link offerti da """"impresainungiorno"""" per recuperare i relativi documenti presenti al suo interno.
(ad esempio: ""ricevuta.xml"" -> https://www.impresainungiorno.gov.it/documents/155997/157492/SUAP-ricevuta-1.1.4.xsd/58b9d8e8-2b76-4b8b-adee-0cf9c2bbe04a). 

Attraverso l'operation di ""notify_receipt"" messa a disposizione dal BO, è possibile trasmettere i riferimenti alla ricevuta (xml o pdf). 
In seguito attraverso la get document (/instance/{cui_uuid}/document/{resource_id}) è possibile ottenere il documento completo.";n.a.
428;n.a.;Come viaggia l'istanza del modulo strutturato compilata? Per intenderci, il modulo xml compilato, in quale campo di quale json va inserita? Come viaggia invece l'istanza del modulo NON strutturato?;"L'istanza viaggia attraverso l'operation di ""send_instance"", che riporta il riferimento all'instance descriptor dove al suo interno vengono riportate le porzioni di istanze, ""Instance"", per ogni fattispecie (usecase_proceeding).

Si precisa che l'Instance è un modulo digitale in formato xml e in quanto modulo strutturato ha almeno il proprio validatore xsd obbligatorio. I riferimenti alle altre risorse non strutturate (es: attachments) sono sempre riportate all'interno dell'instance descriptor.";n.a.
429;n.a.;"""Potreste chiarirci il contenuto del general index, in particolare specificarci l'ownership della creazione dei seguenti: RICEVUTA_XML
RICEVUTA_PDF
SUAP_XML
SUAP_PDF
SUAP_REA_START_XML
SUAP_REA_UPDATE_XML
SUAP_REA_END_XML
COMUNICA_CUI_XML
COMUNICA_CUI_PDF""";"Il GeneralIndex è un indice di allegati trasversali che prescindono dalle fattispecie di procedimento, per tale motivo riporta una lista specifica di tipologie di documento che non vengono invece gestite nell'InstanceIndex.
 
Il GeneralIndex deve contenere almeno la ricevuta.xml/pdf perché tale documento viene rilasciato dal FO SUAP e viene inviato al BO mediante la notify_receipt. 

Il documento SUAP.XML risulta essere uno dei possibili documenti che può essere scambiato durante la gestione di un procedimento SUAP e viene gestito tramite GeneralIndex.
Si invita a recuperare gli altri documenti al fine di verificare la struttura prevista per ognuno di essi e a contattare InfoCamere per ulteriori dettagli circa struttura e contenuto.

Suap_rea_start/update/end che vengono rilasciati dal sistema camerale qualora il presentatore avvia una pratica SUAP mediante la piattaforma ComUnica.";n.a.
430;n.a.;"Nel descrittore dell'eservice et_to_bo.yaml è definita l'operation send_instance che contiene al suo interno l'array general_index
con un elenco predefinito tramite enumeration di possibili allegati. Dove sono presenti gli altri allegati non inclusi nell'enumeration e diversi dagli xml presenti nel descrittore dell'istanza sul catalogo?
Inoltre, dai diagrammi di  sequenza, si evince che tale metodo (send_instance) venga usato anche per l'invio di un'integrazione dal back office suap al  back office ente terzo, in tal caso dove sono presenti gli allegati integrativi considerato che dai diagrammi di sequenza non si evince in tal caso una chiamata al descrittore dell'istanza del catalogo?";"Si precisa che il general_index prescinde dalle fattispecie di procedimento e riporta una lista specifica di tipologie di documento che non vengono invece gestite nell'InstanceIndex. Nella lista del general_index sono riportati, per ogni tipologia di documento, sia l'oggetto in formato XML che PDF.

La send_instance è il metodo utilizzato per trasferire le istanze presentate verso un ET. Come fatto in fase di presentazione, tale metodo viene adottato anche per la risposta di una richiesta di integrazione. Il documento integrato viene riportato nella lista dell'InstanceIndex. 
Tuttavia, si precisa che sono in corso delle analisi di impatto per quanto riguarda l'integrazione e la conformazione dei documenti. Attualmente non è possibile aggiornare l'InstanceDescriptor e l'integrazione può essere condotta come un aggiornamento di un documento già presentato modificando le metainformazioni trasportate mediante l'InstanceIndex.
";n.a.
431;n.a.;"Il front office, a seguito di una richiesta di procedimento, dialoga con il catalogo metadati e compone l’instance descriptor, al quale attribuisce la versione iniziale (1). 

A partire da questo momento:
1 - Quali sono tutti gli eventi che comportano l’incremento del numero di versione?";"La variazione di stato e della versione dell'Instance Descriptor viene gestita dal Catalogo SSU, a fronte di un evento inviato dal BO SUAP sulla base dello state-diagram riportato al seguente link del repository GitHub: https://github.com/AgID/specifiche-tecniche-DPR-160-2010/tree/approved01/state-diagram.

L'aggiornamento dei tempi procedimentali invece fa variare solo la versione dell'instance descriptor. ";n.a.
432;n.a.;"Il front office, a seguito di una richiesta di procedimento, dialoga con il catalogo metadati e compone l’instance descriptor, al quale attribuisce la versione iniziale (1). 

A partire da questo momento:
2- Per ciascun evento, quale attore (componente) ha la responsabilità di effettuare l’incremento della versione?";"La variazione di stato e della versione dell'Instance Descriptor viene gestita dal Catalogo SSU, a fronte di un evento inviato dal BO SUAP sulla base dello state-diagram riportato al seguente link del repository GitHub: https://github.com/AgID/specifiche-tecniche-DPR-160-2010/tree/approved01/state-diagram.

L'aggiornamento dei tempi procedimentali invece fa variare solo la versione dell'instance descriptor. ";n.a.
433;n.a.;La request_correction, è una funzione che il front_office rende disponibile per permettere al Back-office SUAP di inoltrare una richiesta di integrazione solo documentale post ricevuta di una data istanza di procedimento ? oppure per permettere al Back-office SUAP di inoltrare una richiesta di correzione dal front-office di una data istanza di procedimento (come modifica dei dati dell'istanza già inviata tipo indirizzo, numero camere etc...) e cioè di regolarizzazione? c'è qualche deroga a riguardo (nelle regioni dove non è prevista la correzione a valle dello stacco della ricevuta ma un nuovo invio)?;"Si conferma che la request_correction è una funzione che permette al BO di inoltrare una richiesta di correzione al FO contenente una lista di fattispecie soggette a tale regolarizzazione e le relative problematiche da colmare. 
Per quanto riguarda la domanda in merito alla deroga, si invita a porre tale quesito al DFP in qualità di responsabile dei bandi di finanziamento degli interventi SUAP.";n.a.
434;n.a.;La richiesta di correzione si riferisce al dialogo FO-BO ed è intesa comunque come integrazione? ;La richiesta di correzione, riconducibile alla funzione request_correction, permette al BO di inoltrare una richiesta di correzione al FO contenente una lista di fattispecie soggette a tale regolarizzazione e le relative problematiche da colmare.;n.a.
435;n.a.;La richiesta di integrazione si riferisce al dialogo FO-ET etc... ed è solo una integrazione documentale?;La richiesta di integrazione consente ad un ET di segnalare al BO eventuali difformità normative da colmare. Il BO raccoglie tutte le richieste di integrazioni inviate dagli ET e, al termine del tempo indicato nell'oggetto Times, redige una richiesta cumulativa da inviare al presentatore per mezzo del FO. Il presentatore potrà inviare la nuova documentazione di integrazione sempre per tramite del FO verso il BO e gli ET. Qualora tale documentazione non venga integrata, il procedimento terminerà con esito negativo.;n.a.
436;n.a.;Se il SUAP che viene realizzato è unico BO, FO e ET, gli interventi che vanno in deroga (comunicazione BO-FO e FO-BO etc..) devono essere comunque realizzati nel caso di e-service e verranno testati in BBT suite?;Qualora si adotti un sistema monolitico (FO-BO) le comunicazioni tra i componenti FO e BO SUAP non devono essere realizzate poiché vengono gestite mediante canali interni e non tramite la PDND. Devono essere realizzati solamente gli interventi inerenti alla comunicazione con le altre componenti, ovvero ET, ComUnica e Registro Imprese. Le BBT già sono state predisposte sfruttando questo principio.;n.a.
437;n.a.;Le specifiche riportate per la firma digitale sono CADES e XADES, la firma digitale PADES che mantiene il documento visibile e in formato .pdf (più semplice per le amministrazioni) non è ritenuta valida?;Si precisa che attualmente non è possbile utilizzare la firma CADES poiché il formato P7M non è gestito nell'approved01 ma verrà integrato nella prossima versione. Per tale motivo, i documenti gestiti dai SUAP possono essere firmati in PADES e XADES e avranno come formato rispettivamente il PDF e XML.;n.a.
438;eedb5236bb124f8584a18f45aed989b3;Necessitiamo di conoscere un insieme di casi di test di tipo send_instace (cui_uuid) da poter utilizzare per chiamare il Catalogo SSU Metadata endpoint servers: - url: https://serviziweb.cl.infocamere.it/modi/rest/in/infocamere/sisu-casa-api/v1 description: Catalogo SSU Metadata endpoint e per chiamare il Catalogo SSU to EnteTerzo SUAP endpoint servers: url: https://serviziweb.cl.infocamere.it/modi/rest/in/infocamere/sisu-cagi-entiterzi-api/v1 description: Catalogo SSU to EnteTerzo SUAP endpoint Inoltre abbiamo bisogno di conoscere uno o più endpoint che operino come Backoffice SUAP erogati da uniocamere per poter completare il giro di test per il recupero di documenti di cui alla send_istance.;"Buon pomeriggio,

Per il quesito di cui sopra, si suggerisce di contattare direttamente la piattaforma di supporto di Infocamere, in quanto detentrice del Catalogo SSU e dei relativi servizi esposti.

Qualora vi fosse la necessità di ulteriori chiarimenti, la invitiamo a contattarci tramite il canale di messaggistica del ticket.
Le comunichiamo inoltre che, in assenza di ulteriori richieste, il presente ticket sarà chiuso automaticamente dal sistema entro 7 giorni lavorativi.

Un Saluto";n.a.
439;2912e90f930b4bc0b866f6f69fbeb57b;"Oggi abbiamo fatto la richiesta request_cui alle ore 9:41:30 GMT (ore 11:41:30 del nostro fuso orario) e ci hanno risposto con 401_004 all'URL
In coda inserisco i dettagli della richiesta e della risposta.
Url ""vecchio"" (no modi): https://cagi.catalogocl.impresainungiorno.it/FrontOffice
Url ""nuovo"" (sì modi): https://serviziweb.cl.infocamere.it/modi/rest/in/infocamere/sisu-cagi-frontoffice-api/v1
Vorrei precisare che il pattern che indicate come non valido funziona correttamente su altri e-service (e.g. ANPR_C030), ovviamente non intendiamo lo stesso identico token ma lo stesso pattern, generato dallo stesso programma.

Response content:
{""code"": ""ERROR_401_004"", ""message"": ""invalid AgID-JWT-Signature token""}

Response headers:
Date: Wed, 24 Sep 2025 09:41:30 GMT
GovWay-Message-ID: ba666c8e-620a-48f5-b822-7a22df86fd71
GovWay-Transaction-ID: 1ee49501-9922-11f0-bc70-005056a2d0d3

Request content:
{
""version"": 0,
""municipality"": ""043024"",
""usecase_proceedings"": [
{
""code"": ""USEC-0001316"",
""version"": ""00.00.00"",
""competent_administration"": {
""ipacode"": ""C_IPA3"",
""officecode"": ""C_O_CODE3"",
""version"": ""00.00.00"",
""description"": ""Ente Comune fittizio nazionale""
},
""instance"": {
""ref"": ""FORM_PA_000013"",
""hash"": ""8D754C5A3A3F21E07E9D1E06A67635E38CC3A16D82D1554E90873105B21FA7F3"",
""alg_hash"": ""S256"",
""filename"": ""formFile.xml"",
""mime_type"": ""application/xml"",
""activity_model"": {
""ref"": ""FORM_PA_000013"",
""filename"": ""formFile.pdf"",
""hash"": ""A7C1EA36B58B1BAE1DCCFF618F1909887BC7B1E402F8CD39F733F9618B0B5F78"",
""alg_hash"": ""S256"",
""mime_type"": ""application/pdf""
}
},
""form"": {
""xsd"": {
""code"": ""XSD-PA-MODULES-0000015"",
""version"": ""01.00.00""
}
},
""attachments"": [
{
""ref"": ""ATTAC-0002454"",
""hash"": ""7a4f4d6643bdf99fc8fb65e5bb9d3983008ae46326cb498c1b6e4d54c356b06804099613f247f61abf60242cdfc9f791a642d9c26e87f533aa499eeab3d6fcfb"",
""alg_hash"": ""S512"",
""mime_type"": ""application/pdf"",
""filename"": ""test_2454.pdf""
},
{
""ref"": ""ATTAC-0003065"",
""hash"": ""89f779efce4bb273db29dffa2225599ea8cfd719b58408060ca1d3aa4791483c9e17100af203c4d065311796f33c31d1f16c206210ee2903072c2bd32b96de5a"",
""alg_hash"": ""S512"",
""mime_type"": ""application/pdf"",
""filename"": ""test_3065.pdf""
}
]
}
],
""cui"": null,
""legal_person"": ""GVRSMN98B16D451Z"",
""times"": {
""start"": ""2025-06-06"",
""max_gg_proc"": 90,
""max_gg_correction"": 5,
""max_gg_admissibility"": 5,
""max_gg_int_req"": 15,
""max_gg_int_resp"": 15,
""max_gg_concl_send"": 25,
""max_gg_cdss_req"": 20,
""date_cdss"": null
},
""administrative_regime"": {
""id"": ""AUTORIZZAZIONE"",
""version"": ""00.00.00""
}
}";"Buongiorno,

Per il quesito di cui sopra, si suggerisce di contattare direttamente la piattaforma di supporto di Infocamere, in quanto detentrice del Catalogo SSU, del sistema Impresainungiorno e dei relativi servizi esposti.

Qualora vi fosse la necessità di ulteriori chiarimenti, la invitiamo a contattarci tramite il canale di messaggistica del ticket.
Le comunichiamo inoltre che, in assenza di ulteriori richieste, il presente ticket sarà chiuso automaticamente dal sistema entro 7 giorni lavorativi.

Un Saluto";n.a.
440;n.a.;"Nel descrittore dell'eservice et_to_bo.yaml è definita l'operation send_instance che contiene al suo interno l'array general_index con un elenco predefinito tramite enumeration di possibili allegati. Dove sono presenti gli altri allegati non inclusi nell'enumeration e diversi dagli xml presenti nel descrittore dell'istanza sul catalogo? Inoltre, dai diagrammi di  sequenza, si evince che tale metodo (send_instance) venga usato anche per l'invio di un'integrazione dal back office suap al  back office ente terzo, in tal caso dove sono presenti gli allegati integrativi considerato che dai diagrammi di sequenza non si evince in tal caso una chiamata al descrittore dell'istanza del catalogo?
 ";"Si precisa che le richieste di integrazione prevede l'aggiornamento della risorsa in questione e non la presentazione di nuovi documenti. La motivazione alla base di tale apporccio è dipendente dall'immutabilità dell'InstanceDescriptor (deve mantenere i riferimenti agli oggetti inseriti in fase di presentazione). Tuttavia, possono essere presenti ulteriori risorse che  vengono referenziate all'interno dell'InstanceIndex e del GeneralIndex (creati localmente da ogni singola componente), nonchè, attraverso i metadati indicati in specifici servizi (es. send_conclusions).
";n.a.
441;n.a.;"Il servizio /send_instance di un ente terzo viene chiamato da un backoffice .
A questo punto, tramite cui_uuid, l'ente terzo deve chiamare il catalogo per avere i dettagli della pratica e il backoffice per i file.
Per chiamare il servizio /instance/{cui_uuid}/document/{resource_id} del backoffice è necessario avere l'url su cui è pubblicato.
Lo otteniamo dall'aud del jwt?";"Utilizzando i servizi esposti dall'e-service catalogo-ssu_meta, è possibile recuperare ""id"" e ""versione"" dello sportello SUAP tramite la chiamata ""/suap/{municipality}""con cui è possibile recuperare l'oggetto  BOSystemEntity (path: /suap/{suap_id}/{suap_version}/backoffice-system; /suaps-bo-systems/{id_suap_list}). All'interno di BOSystemEntity è possibile reperire l'attributo ""e_service_to_et"" dove viene immagazzinato il riferimento all'e-service del BO pubblicato sulla PDND. Mediante tale riferimento, è possibile recuperare la URL dell'erogatore tramite le chiamate di interoperabilità offerte da PDND.";n.a.
442;n.a.;"Il servizio /instance/{cui_uuid}/document/{resource_id} del backoffice richiede una bearerAuth.
Per creare la client assertion è necessario avere il purposeId. Il purposeId normalmente è legato alla finalità associata alla richiesta di fruizione fatta all'erogatore, quindi nel caso di un ente terzo e n backoffice che lo chiamano, avremo n purposeId oppure è previsto un e-service unico per gestire le chiamate ai back office (recupero dei documenti, richiesta di integrazione, ...)?
Se non è previsto un e-service unico per una provincia , ad esempio, questo significa che deve fare  richiesta di fruizione a tutti i suoi comuni (almeno) e il software deve memorizzare il relativo purposeId. Non pare fattibile.";"Il purposeId viene generato automaticamente dalla PDND a fronte della creazione della finalità, utile per la richiesta di fruizione di uno specifico e-service erogato da un'amminstrazione. Quindi sarà presente un purposId per ogni richiesta di finalità.
";n.a.
443;2196a5d4def34ab993cd8dde0655c111;"Si può richiedere il CUI con data precedente?
Faccio un esempio pratico:
Il cittadino inizia a compilare un pratica alle 23:50 del giorno 07/10/2025 e procede all'invio alle 23:59 del giorno 07/10/2025 ma il sistema, per un qualsiasi motivo, effettua l'invio alle 00:01 del giorno successivo cioè il 08/10/2025.
Il CUI che data riporterà? Quella che gli passo all'interno dell'instance_status (cioè il 07/10/2025) o quella della chiamata (cioè l'08/10/2025)?";"Buongiorno,

terminata la compilazione e l'invio della pratica, il Front-Office dovrà inoltrare al Catalogo l'InstanceDescriptor privo di CUI, impostando nell'instance_status il timestamp al momento del suo invio. 
Ad ogni modo, il tempo riportato in questa fase non determina l'avvio del procedimento, poichè l'InstanceDescriptor si trova ancora allo stato Started. Il procedimento può essere ritenuto avviato nel momento in cui passa allo stato ""Presented"", a seguito della ricezione sul Catalogo dell'evento ""receipt_sended"" inviato dal FrontOffice. Successivamente, il BackOffice riceverà la notify_receipt, imposterà i tempi del procedimento (Times) e potrà avviare il processo di lavorazione delle istanze.

Saluti";"Richiedente
Non parlo della data ai fini della presentazione e dei tempi ma la data presente nel CUI che ricevo come risposta.
Mi serve di sapere la data che viene riportata nel campo apposito all'interno del CUI, si tratta del campo ""data"" indicato nello schema delle openAPI e facente parte del cui insieme con context, progressive e uuid.

Riformulo di nuovo la domanda: se nel giorno 10/10/2025 faccio una chiamata request_cui con un instanceDescriptor che come started ha 09/10/2025, quale data troverò nella data riportata nel campo apposito del CUI?

Per maggiore chiarezza riporto da: https://github.com/AgID/specifiche-tecniche-DPR-160-2010/blob/main/openAPI/catalogo-ssu_to_fo.yaml
schemas:
cui:
type: object
description: codice unico dell'istanza
required:
- context
- data
- progressive
- uuid
properties:
context:
title: contesto dell'istanza
type: string
data:
title: data emissione cui
type: string
format: date
progressivo:
title: numero progressivo a rotazione annuale
type: string
uuid:
title: UUID chiave del CUI
type: string

Operatore
Il campo ""data"" presente all'interno dell'InstanceDescriptor verrà popolato col timestamp nel momento in cui viene generato e inviato al FrontOffice dal CatalogoSSU, come indicato in descrizione nello schema cui.
"
444;1df4d855617e4e478735aad708249bb0;"Riguardando le specifiche tecniche mi sono soffermato su questo aspetto che avevo interpretato all'inizio in maniera più elastica ed estensiva:
[REQ_11] le cache locali DEVONO essere invalidate alle ore 23.59 di ogni giorno;
[REQ_12] le cache locali DEVONO essere allineate ai contenuti del Catalogo SSU a partire dalle ore 00.30 di ogni giorno;

Quindi dalle 23:59 alle 00:30 NON posso far presentare Istanze. Corretto?
O in quella fascia oraria non posso affidarmi alle cache locali e devo richiedere i metadati aggiornati al Catalogo in tempo reale?";"Buon pomeriggio,

stando a quanto indicato nei REQ 11 e 12, si conferma che il sistema non può utilizzare la cache in quella fascia oraria indicata, pertanto, devono essere attuate delle logiche per impedire l'utilizzo della memoria tampone e popolarla a partire dalle 00:30 del nuovo giorno.

Un Saluto";n.a.
445;8455ae144d5646978b2f31dfcf34f380;"Studiando i messaggi di errore per valutare le risponde più adatte da costruire in determinate situazioni ho trovato una possibile lacuna/errore.
La risposta 200 richiede queste precondizioni (rif. https://github.com/AgID/specifiche-tecniche-DPR-160-2010/blob/approved01/specifiche_navigabili/08_e-service%20del%20SSU/08_06/08_06.md ):
- operation chiamata in coerenza con lo stato del processo SUAP
- request conforme alla sintassi definita nell'IDL OpenAPI ed
- dati inviati corretti rispetto agli schemi dati previsti

Tuttavia non è chiaro come rispondere nei casi in cui ricevo una chiamata valida rispetto alle precondizioni 2 e 3 ma a cui non posso rispondere con 200.
Mi spiego con un esempio:
- Ricevo un send_instance correttamente formato (precondizioni 2 e 3) ma che fa riferimento a un'istanza che ho già registrato a parità di versione di instance_descriptor (quindi non è un'integrazione) o che fa riferimento a un procedimento diverso (quindi errata) cosa dovrei rispondere?

In questo caso nessun messaggio di errore previsto nella documentazione permette di evidenziare chiaramente il problema.
- 400_001 parla di errori formali: request non conforme alla sintassi definita nell'IDL OpenAPI
- 401_* parla di errori nell'autorizzazione PDND
- 404_001 parla di mancanza di una determinata risorsa: request resource_id non esistente per un procedimento identificato da un dato cui-uuidd
- 412_001 non è una risposta prevista dal send_instance (e prevede solo un problema a livello di hash)
- 416_001 non c'entra
- 428_001 non è una risposta prevista dal send_instance (e prevede solo un problema a livello di hash)

Situazioni simili potrei averle in altri contesti: se dovessi ricevere una richiesta di integrazione, una cancellazione d'istanza o qualsiasi altra chiamata per un'istanza che non mi è arrivata cosa dovrei rispondere?
L'errore 404 non è previsto per quei casi ma solo per la mancanza di una risorsa intesa come documento (modulo, allegato, ecc ecc)";"Buon pomeriggio,

In relazione alla sua domanda tecnica, si segnala la pubblicazione della seguente notizia sul sito SUAPSUE: 

https://www.suapsue.gov.it/news/?news_id=50 

In particolare:

- è stato introdotto un nuovo codice errore HTTP 409 - Conflict, con lo scopo di gestire evntuali richieste ripetute delle stesse risorse;

- sono stati rafforzati i controlli per i codici di errore tipo HTTP 404 - Not Found.

Qualora vi fosse la necessità di ulteriori chiarimenti, la invitiamo a contattarci tramite il canale di messaggistica del ticket.
Le comunichiamo inoltre che, in assenza di ulteriori richieste, il presente ticket sarà chiuso automaticamente dal sistema entro 7 giorni lavorativi.

Un Saluto";"Operatore:
Buon pomeriggio,

la ringraziamo per la segnalazione, confermiamo che la problematica verrà analizzata e seguiranno aggiornamenti appena possibile.

Un Saluto"
446;c36e34f56c02458f8f52827216ca67e9;"In relazione alla presentazione del 'Soggetto Interessato' o Ente quarto, quinto...
Vi chiedo se sia disponibile documentazione funzionale e tecnica.
Mi sembra d'aver capito che il flusso non sarà individuato da un workflow o sequence diagram ben definito, in quanto i singoli BO decideranno a chi estendere una notifica in base ai loro processi interni, ma vorrei sapere:
1. le specifiche delle API sono le stesse usate per gli ET? SendInstance, notify, etc sono le stesse? Se no, dove si possono recepire le specifiche dedicate? Quali sono i file?
2. Ho capito che l'ET non sarà censito del catalogo SSU (associato alle fattispecie primarie e secondarie). Quindi i BO dovranno tenere le anagrafiche degli Enti Interessati da contattare per conto loro. Ma come si farà a recuperare le informazioni delle url dei backand di quei sistemi? Gli Enti Interessati dovranno registrare il loro BO in PDND? Dovranno certificare la soluzione informatica con la SBBT? Gli Enti dovranno accreditarsi?";"Buon pomeriggio,

sono attualmente in corso di definizione con il Gruppo Tecnico i flussi e i servizi che dovranno essere offerti dai vari componenti al fine di consentire il coinvolgimento di nuovi Enti Terzi nelle fasi istruttorie dei procedimenti avviati. Seguiranno pertando degli aggiornamenti su questa tematica nei prossimi incontri.

Possiamo intanto anticipare che le specifiche delle API saranno le stesse con gli ultimi servizi integrati. Tutti i nuovi artefatti possono essere consultati nel repository GitHub di progetto (https://github.com/AgID/specifiche-tecniche-DPR-160-2010), prendendo visione dei branch di lavoro creati per la gestione della Issue 203 e del branch mantaince002 (una volta approvate le modifiche dal Gruppo Tecnico).
Il nuovo ET può non essere  inizialmente censito sul Catalogo nel momento del coinvolgimento, per questa ragione, sono stati definite delle nuove logiche per consentire il loro ingresso nel flusso istruttorio. I riferimenti di tali Enti non censiti potranno essere recuperati sempre dal Catalogo, consultando un'apposita  lista, e verranno automaticamente associati alla Soluzione Sussidiaria con accesso limitato alla gestione delle specifica fattispecie del procedimento in corso. 

Un saluto";n.a.
447;4a5d1150d570423d9b9502195f407dc1;"Siamo stati abilitati - come Regione XXX - alla SBBT di produzione.
Stiamo provando a chiamare la API /sacs-exti/getValidationTestInstance con i parametri obbligatori.
Ci viene richiesto un header denominato jwt ma non siamo a conoscenza del valore da inserire.
Dal manuale welcome kit sembra che tale jwt sia da ottenere in seguito all'ottenimento del uuid_istance che dovremmo ottenere da /sacs-exti/getValidationTestInstance
Aspettiamo una cortese risposta, per noi urgente in quanto non ci permette di accedere alla suite di test";"Buon pomeriggio,

La presente segnalazione deve essere risolta da InfoCamere in qualità di gestore della piattaforma per i Black Box Test.

Un saluto";n.a.
448;6bc12b38adac409385309b6b9baeddf3;"Controllando il sequence-diagram-general ( https://github.com/AgID/specifiche-tecniche-DPR-160-2010/blob/approved01/image/sequence-diagram-general.png ) al punto 35 viene inoltrata l'istanza corretta ma non c'è alcun modo per aggiornare l'instanceDescriptor. Questo significa che il nome del file aggiornato deve essere lo stesso dell'originale e, soprattutto, da quel momento in poi l'hash del file (o dei file) non è più corretto quindi risulterebbe inutile controllarlo da BO.
Giusto o mi sfugge qualcosa?";"Buongiorno,

si conferma che l'InstanceDescriptor è immutabile come scelta di design. Per gestire la comunicazione dell'aggiornamento di una risorsa a fronte di una richiesta di integrazione si deve utilizzare la struttura dati Instance-index che viene trasmessa mediante la chiamata send_instance. Tale oggetto verrà inoltrato verso gli altri componenti che potranno recuperare l'hash della nuova risorsa e accedere correttamente al file mediante la chiamata GET /instance/{cui_uuid}/document/{resource_id}.

Un Saluto";n.a.
449;15f11e46e92c431caf80e5b72ee243fd;"abbiamo l'instance descriptor per il procedimento 1283 e vorremmo verificare che il descrittore che produciamo sia corretto, invochiamo il servizio request_cui che ci risponde sempre in questo modo

400 Bad Request
{
""code"": ""ERROR_400_001"",
""message"": ""incorrect request input""
}

Abbiamo fatto molteplici intervenenti sul descrittore ma riceviamo sempre il messaggio "" incorrect request input "" ed è difficile se le correzioni ci avvicinano o ci allontanano dall'obiettivo

domanda
ci potreste dare un riscontro sull'instance-descriptor che inviamo al catalogo_ssu per sapere cosa manca e/o cosa correggere? in allegato trovi l'nstance-desctiptor-1283.json";"Buongiorno,

analizzando la richiesta sembra esserci un problema con il payload inviato tramite la request_cui, in particolare, si nota che è presente un valore ""null"" associato all'attributo cui. La request_cui deve contenere un InstanceDescriptor privo del ""cui"" poichè questo verrà creato e restituito dal Catalogo all'interno dell'InstanceDescriptor che si riceverà nella risposta. 

Si invita a fare un ulteriore tantativo rimuovendo l'attributo ""cui"". Qualora dovessero persistere ulteriori errori, si invita a contattare il supporto offerto da InfoCamere per risolvere le problematiche legate alla comunicazione con il Catalogo.

Un Saluto";n.a.
450;9a5ea5076f744f9f8435ca244b4a9fa4;"PREMESSA
il FO deve validare tutti i procedimenti ""strutturati"" con gli XSD provenienti dal catalogo_metadati

DOMANDA
l'xml dell'istanza che inviamo al BackOffice: deve essere quello che abbiamo già validato con gli XSD forniti dal catalogo_metadati
oppure è necessario trasformarlo in un xml validabile con l'XSD pratica_suap-2.0.0.xsd citato nella documentazione openapi AGID?

In allegato trovate o screenschot del riferimento relativo all'openappi a pratica_suap-2.0.0.xsd

Grazie in anticipo per il riscontro";"Buongiorno,

si precisa che AgID non ha più competenza sugli schemi XSD, pertanto, si rimanda al tavolo della semplificazione in qualità di soggetto preposto alla formalizzazione della modulistica standardizzata oppure a InfoCamere in qualità del soggetto che espone la risorsa xsd, associata al SUAP XML, mediante la sua piattaforma Impresainungiorno.

Un Saluto
";n.a.
451;6d4843a22dc64689a677186795e17459;"Nella lista degli interventi di adeguamento tecnologico dei sistemi informatici SUAP è presente l’ID47: ""Realizzazione verifica firme CADES o XADES apposte alle istanze presentate tramite la web-app per il presentatore"". Poichè l’accesso con SPID livello 2 ai sistemi “certificati” che compongono il SUAP/SUE Regionale FVG può automaticamente sopperire alla apposizione di firma elettronica, come da indicazioni CAD (art.65) e l'adesione ad una specifica che rende ""trusted"" un circuito in cui il FrontEnd si fa da garante (con accesso certificato) è sufficiente, chiediamo un chiarimento su quali siano le modalità ammissibili per applicare questo ""indirizzo generico"" e quali sono i formati di firma digitale tra PADES, CADES, XADES (o un loro sottoinsieme), che deve essere garantito all’utente e verificate da FrontEnd e poi in caso trasmesso verso gli altri componenti (BO, ET). Chiediamo inoltre:
- quali sono gli artefatti della ""domanda SUAP"" che la specifica richiede siano firmati? Descrittore istanza, moduli, allegati? - si può far firmare una trasposizione documentale del contenuto del modulo o deve venire firmato il file xml dei moduli? Segnaliamo che gli xml sono file tecnici per un utente e non esiste, ad oggi, un foglio di style standard (ex. dal catalogo SSU) per venire visualizzati (vedi caso fattura PA).";"Buon pomeriggio,
 
L'intervento ID47 serve per realizzare un sistema di verifica delle firme apposte a qualsiasi documento firmato presente nell'istanza, a prescindere dalle modalità di accesso del presentatore alla piattaforma.
 
L'articolo 65 del CAD garantisce che un documento presentato in un sistema ""trusted"" mediante un accesso con SPID di livello 2 abbia la stessa validità di un documento firmato digitalmente. Si precisa però che le Specifiche Tecniche richiedono che tali documenti siano ad ogni modo firmati per garantire l'integrità degli stessi anche durante i vari scambi tra le diverse amministrazioni coinvolte, dove potrebbe venire meno la configurazione ""trusted"" sopracitata.
 
Tutti i moduli digitali di una domanda SUAP devono essere firmati, anche una eventuale trasposizione documentale generata per una condivisione verso gli utenti.
 
I formati di firma che devono essere garantiti sono il PADES e XADES, fin dalla versione approved01 delle Specifiche Tecniche, e CADES a partire dall'approved02, senza vincoli alcuni. Ogni Ente potrà utilizzare il formato che desidera in fase di firma, ma dovrà disporre di un tool di verifica per i 3 formati sopracitati per i documenti ricevuti.
 
Qualora vi fosse la necessità di ulteriori chiarimenti, la invitiamo a contattarci tramite il canale di messaggistica del ticket.
Le comunichiamo inoltre che, in assenza di ulteriori richieste, il presente ticket sarà chiuso automaticamente dal sistema entro 7 giorni lavorativi.
 
Un Saluto";n.a.
452;0cdfe2c69a444bd384fb7adc00334326;"	
Buongiorno, sottoponiamo alla vostra cortese attenzione il quesito allegato avente come mittente la Software House XXX.
Grazie mille";"Buon pomeriggio,

si riportano di seguito le risposte ai tre quesiti posti nel documento allegato al ticket

Un Saluto

----

RISPOSTA 1:
Il numero di giorni espressi nell'oggetto Times sono giorni di calendario. 

RISPOSTA 2: 
Si conferma che max_gg_correction riporta il numero di giorni concessi al presentatore per inviare le istanze corrette. Per tale motivo, manca il campo relativo alla richiesta di correzione che deve essere inviata dal SUAP. Si segnala però che tale oggetto non sarà disponibile dall'approved01 poichè dovrà essere integrato e approvato durante gli sviluppi dell'approved02.

RISPOSTA 3: 
Si conferma la logica applicata sul conteggio dei giorni durante la sospensione dei tempi. A fronte di una richiesta di correzione, le date del procedimento devono slittare del numero di giorni concessi al presentatore per gestire la richiesta (si considera così il caso peggiore). Qualora il presentatore dovesse rispondere in 4 giorni anzichè 10, le nuove date devono essere aggiorate sottraendo i 6 giorni di scarto, per conteggiare solamente il tempo realmente usato per rispondere alla richiesta.";n.a.
453;30d764c1f1d94a18b152a2a9d9eaef5f;"Buon pomeriggio,
sottopongo alla vostra cortese attenzione la richiesta pervenutaci dalla Software House XXX:
""Nell'ambito della gestione istruttorie per gli enti terzi chiediamo come fare/quali metodi utilizzare per recuperare le descrizioni dei tipi di documento collegati ai files allegati alle pratiche .
Poniamo ad esempio un procedimento così definito:
Procedimento: PROC-0001235 - Comunicazione di subingresso in esercizio di commercio di media struttura di vendita non alimentare
Usecase: USEC-0001318 - 00.00.00 - Subingresso in esercizi di commercio di media struttura di vendita non alimentare con superficie totale lorda, comprensiva di servizi e depositi (es. magazzini), inferiore a 400 mq
Per il quale sono stati trasmessi oltre al modulo principale, dei files così definiti:
ATTAC-0002458 - 00.00.00 - copia attestazione versamento oneri, diritti e spese
ATTAC-0002501 - 00.00.00 - ALLEGARE DICHIARAZIONE SUL POSSESSO DEI REQUISITI DA PARTE DEGLI ALTRI SOCI E COPIA DOCUMENTO DI IDENTITA' IN CORSO DI VALIDITA'
ATTAC-0003059 - 00.00.00 - Procura delega
ATTAC-0003066 - 00.00.00 - Ricevute pagamenti elettronici
ATTAC-0003065 - 00.00.00 - Fotocopia di un documento di identita' del soggetto che conferisce la procura speciale
Come faccio a recuperare queste descrizioni ?
In altre parole, le informazioni che identificano univocamente gli allegati (ad es. ATTAC-0002458, version 00.00.00) non sembrano essere presenti sulle istanze che arrivano all'ente.

Cordiali saluti""";"Buon pomeriggio,

Le informazioni collegate ai procedimenti SUAP vengono recuperate dal Catalogo SSU utilizzando i servizi esposti dall'e-service ""catalogo-ssu_meta"". Che venga recuperato un ""proceeding"" (procedimento) o uno ""usecase-proceeding"" (fattispecie) o un ""attachment"" (allegato), questi condividono la stessa struttura di base, ovvero, il ""Generic Entity"" composto dai tre attributi riportati nella richiesta ""id"", ""version"" e ""description"", oltre alle altre informazioni specifiche di ogni oggetto.
Qualora vi fossero dei problemi nel recupero di tali informazioni o eventuali dubbi in merito al dato ricevuto, si invita ad aprire una segnalazione ad InfoCamere, in qualità di soggetto preposto per lo sviluppo e la gestione del Catalogo SSU.

Un Saluto";n.a.
454;n.a.;"
Abbiamo dei dubbi su come costruire le chiamate per la requst_cui e send_instance, di seguito dettagliamo un caso di esempio in modo da poter ricevere delle indicazioni pratiche e precise.
Pratica SUAP con + procedimenti e + fattispecie:
Procedimento P1 (strutturato) con 2 fattispecie primarie: - F1 - con endoprocedimento associato (E1) non strutturato - F2 senza endoprocedimento associato
Procedimento P2 non strutturato con 1 fattispecie: - F3 con endoprocedimento associato E2 strutturato
Avremo quindi 4 moduli (P1 strutturato, P2 non strutturato, E1 non strutturato, E2 strutturato) che insistono sulla pratica.
Il modulo strutturato di P1 avrà XML (DOC1) + PDF (DOC2)+ P7M/PDF Firmato (DOC3), P2 non strutturato avrà solo il PDF (DOC4) + P7M/PDF Firmato (DOC5), E1 non strutturato avrà solo il PDF (DOC6) + P7M/PDF Firmato (DOC7) ed infine E2 strutturato avrà XML (DOC8) + PDF (DOC9)+ P7M/PDF Firmato (DOC10)
Come dobbiamo costruire nella chiamata request_cui la sezione usecase_procindings:
•	Dobbiamo inserire solo le fattispecie primarie o tutte?
•	Quale documento dobbiamo inserire nella istance?
•	quali documenti di questi sopra elencati dobbiamo inserire negli attachments?
•	gli altri documenti inseriti nella pratica vanno inseriti negli attachments o solo poi nella send_istance?
Nella send_istance come dobbiamo comportarci:
•	quali documenti inserire nella istance_index e quali nel general_index oltre alla ricevuta XML?
E' possibile avere un esempio pratico (sulla falsa riga di quanto sopra descritto) con i vari documenti inseriti nello specifico campo di riferimento? ";"Prima di risolvere i quesiti posti, si evidenziano le seguenti precisazioni:
  - i documenti allegati devono essere tutti firmati, pertanto, se DOC2 e DOC3 sono lo stesso documento, è sufficiente allegare quello firmato;
  - attualmente, nella versione approved01, non è possibile condividere file firmati in CADES perchè non è supportato il formato P7M. Si rassicura però che tale formato sarà integrato con il prossimo rilascio con l'approved02.

Domanda: Dobbiamo inserire solo le fattispecie primarie o tutte?
Risposta: Nell'instance descriptor devono essere inserite tutte le fattispecie e queste saranno presenti nell'attributo ""usecase_proceedings"". Le fattispecie presenti nella lista non evidenziano se queste sono primarie o secondarie, tale informazione potrà essere recuperata mediante i servizi del Catalogo SSU.

Domanda: Quale documento dobbiamo inserire nella istance?
Risposta: Nell'attributo ""instance"" deve essere inserito il modulo della pratica SUAP e il file MDA all'interno di ""activity_model"", relativamente alla fattispecie a cui sono associati.

Domanda: quali documenti di questi sopra elencati dobbiamo inserire negli attachments?
Risposta: All'interno dell'attributo ""attachments"" devono essere presenti tutti gli allegati obbligatori indicati nelle varie fattispecie.

Domanda: gli altri documenti inseriti nella pratica vanno inseriti negli attachments o solo poi nella send_istance? quali documenti inserire nella istance_index e quali nel general_index oltre alla ricevuta XML?
Risposta: Nella send_instance si distinguono due tipologie di allegati: quelli associati alle istanze e quelli trasversali. Gli allegati associati alle fattispecie, presenti in ""attachments"" saranno riportati all'interno dell'Instance-index; i documenti trasversali invece devono essere condivisi mediante il ""general_index"". 

Di seguito si riportano una serie ordinata di chiamate verso il Catalogo per recuperare i metadati fondamentali per la costruzione dell'Instance Descriptor:
Di seguito i passaggi principali per la costruzione dell'instanceDescriptor:
1- recupero degli eventi della vita e della tipologia del procedimento amministrativo a partire dalla municipality invocando il path dell'OpenAPI meta ""/typologies-lifeevents?municipality={comune} ""
2- recupero del procedimento SUAP invocando il path dell'OpenAPI meta "" /proceedings?typology={typology}&lifeevent={lifeevent}&municipality={comune}""
3- recupero della fattispecie invocando il path dell'OpenAPI meta ""/proceeding/{proceeding_id}/{proceeding_version}/usecase-proceedings""
4- recupero di eventuali endoprocedimenti invocando il path dell'OpenAPI meta ""/usecase-proceedings/{usecase_proceedings_id}/{usecase_proceedings_version}/usecase-proceedings""
5- recupero del regime amministrativo (workflow): per ogni endoprocedimento recuperato a partire dalla fattispecie, il sistema deve recuperare l’elenco degli oggetti Times e Regimi Amministrativi associati alle fattispecie. Per determinare il Regime Amministrativo dell’Instance Descriptor, l’operatore di Front-Office dovrà identificare il regime più stringente. Il path da invocare è ""/proceedings-administrative-regimes/{id_proceeding_list}"" dell'OpenAPI meta
6- recupero dei form (moduli) invocando il path dell'OpenAPI meta ""/proceeding/{proceeding_id}/{proceeding_version}/form""
7- se il modulo è strutturato vanno recuperai i relativi validatori xsd e schematron invocando i seguenti path dell'OpenAPI meta ""/form/{form_id}/{form_version}/xsd"" e ""/form/{form_id}/{form_version}/schematron""
8- recupero degli allegati per ogni fattispecie invocando il path dell'openAPI meta ""/proceeding/{proceeding_id}/{proceeding_version}/attachments""
9- se gli allegati sono strutturati vanno recuperati i relativi validatori xsd e schematron invocando i seguenti path dell'OpenAPI meta ""/attachment/{attachment_id}/{attachment_version}/xsd"" e ""/attachment/{attachment_id}/{attachment_version}/schematron""
10- recupero dell'amministrazione competente invocando il path dell'OpenAPI meta ""/proceeding/{proceeding_id}/{proceeding_version}/{municipality}/competent-administration "" 

";n.a.
455;n.a.;"Buongiorno,
in data 27/10 abbiamo superato i test della BlackBox, si pone ora il problema di come procedere con lo sviluppo della nostra soluzione.
Fatto salvo che il WebService ET in erogazione è stato completato, per lo meno nella sua interfaccia di comunicazione, volevamo capire come possiamo “simulare” il funzionamento delle componenti in fruizione che completano la soluzione. In particolare l’integrazione con:
Catalogo dei Metadati - ATTIVO
Comunicazione verso catalogo SSU (CATALOGO - GESTIONE ISTANZA - ENTI TERZI) - ATTIVO
Comunicazione verso BackOffice SUAP (COLL - SSU BO to ET) - SOSPESO
Per questi servizi abbiamo avevamo fatto richiesta di fruizione in ambiente di COLLAUDO di PDND, tuttavia l’ultimo (era da un po’ che non controllavo) risulta sospeso.
Per quanto riguarda la consultazione del catalogo questa risulta essere autonoma dal resto, ma per le altre due, sarebbe necessario avere qualche aiuto da parte vostra per poter riuscire a simulare il flusso che deve compiere una pratica…
Ricevo la mia pratica (e già qui mi servirebbe avere un CUI di test)
Richiedo le informazioni legate alla pratica al catalogo SSU
A questo punto dovrei richiedere al backoffice SUAP i documenti associati alla pratica (ma qui il servizio è sospeso)
Nei primi due passaggi della SCIA semplificata, mi trovo già ad avere delle criticità notevoli, quali sono quindi le modalità operative per procedere con lo sviluppo se non abbiamo qualcosa di disponibile in area di test?
Grazie";Si invita a riproporre tale quesito ad InfoCamere per affrontare tale tematica.;n.a.
456;n.a.;"Il Frontoffice invia al catalogo il descrittore dell'istanza tramite REQUEST_CUI. In particolare, nel descrittore viene inviata la lista degli attachments della pratica: come si valorizza il campo ""ref"" di ciascun attachment? Inoltre, non sembra esserci alcun identificativo della risorsa in questa fase (""resource_id"").";"L'attributo ""ref"", presente anche nell'Instance Descriptor per un determinato documento, rappresenta il riferimento all'elemento dell'istanza relativo al procedimento. Tale valore, definito dal FrontOffice durante la creazione dell'InstanceDescriptor, può essere utilizzato per risalire al relativo ""resource_id"" che viene definito invece all'interno dell'""instance-index (instance-index-schema), necessario per il recupero del documento di interesse tramite il servizio ""/instance/{cui_uuid}/document/{resource_id}"". ";n.a.
457;n.a.;"Quando il Frontoffice invia la pratica al Backoffice tramite SEND_INSTANCE, viene inviata una lista opzionale di instance_index. Come vanno valorizzati e da dove prendo il dato per i campi ""code"", ""ref"" e ""resource_id""?";"L'attributo ""code"" rappresenta il riferimento alla fattispecie presente nel Catalogo a cui è collegato il documento.
L'attributo ""ref"", presente anche nell'Instance Descriptor per un determinato documento, rappresenta il riferimento all'elemento dell'istanza relativo al procedimento. Tale valore, definito dal FrontOffice durante la creazione dell'InstanceDescriptor, può essere utilizzato per risalire al relativo ""resource_id"" che viene definito invece all'interno dell'""instance-index (instance-index-schema), necessario per il recupero del documento di interesse tramite il servizio ""/instance/{cui_uuid}/document/{resource_id}"". ";n.a.
458;n.a.;"Il Backoffice interroga a questo punto il catalogo per richiedere il descrittore della pratica. Come detto il descrittore non contiene il ""resource_id"" degli attachments. E' corretto?";"L'attributo ""resource_id"" è presente solo nell'instance index e si può risalire al documento nell'Instance Descriptor mediante l'attributo ""ref"" ad esso associato.";n.a.
459;n.a.;"Per poter consultare gli attachment, ora il Backoffice deve interrogare il Frontoffice tramite il metodo INSTANCE, passando il valore ""resource_id"". Come va valorizzato questo parametro, dato che, come detto, non è contenuto nel descrittore dell'istanza? 

";"L'attributo ""resource_id"" può essere definito liberamente, purchè questo risulti essere univoco  per erogatore e per cui.uuid, poiché verrà usato come chiave per il recupero di un documento mediante la chiamata ""/instance/{cui_uuid}/document/{resource_id}"". ";n.a.
460;n.a.;"Il nostro quesito per l’incontro è il seguente:

Facendo riferimento alla documentazione della GovLet SUAP https://github.com/link-it/govway/blob/3.4.x/resources/doc/govlet/SUAP/GovLet_SUAP.pdf

Per la validazione del token Agid-JwtSignature è necessaria la chiave JWK. Dove potremmo trovare questo elemento?";"Si riporta di seguito un estratto del documento referenziato:
""Richiesta – Token Agid-JWT-Signature
Indicare il path sul file system della chiave, in formato JWK, utilizzata per la 
validazione del token di integrità.
Questa chiave è rilasciata dal kit di certificazione BBTS ed è disponibile anche su 
PDND"".

Per eventuali altri dubbi in merito si consiglia di chiedere informazioni ad InfoCamere in qualità di gestore e sviluppatore della piattaforma di accreditamento.
";n.a.
461;n.a.;"Buongiorno, avremmo la necessità di capire le relazioni tra i vari timer nella struttura :
""time"": {
  ""start"": ""2025-10-01"",
  ""max_gg_proc"": 60,
  ""max_gg_correction"": 10,
  ""max_gg_admissibility"": 5,
  ""max_gg_int_req"": 20,
  ""max_gg_int_resp"": 15,
  ""max_gg_concl_send"": 50,
  ""max_gg_cdss_req"": 10,
  ""date_cdss"": ""2025-10-20""
}
In particolare è possibile approfondire come si compongono i tempi totali del SUAP-BO rispetto ai tempi di completamento degli endoprocedimenti degli Enti terzi?";"I tempi indicati nella richiesta rappresentano il numero di giorni massimo che possono decorrere dalla data di inizio di un procedimento per gestire le varie fasi di lavorazione.
I tempi sono definiti nello schema Times presenti nelle Specifiche Tecniche:
 - max_gg_proc: numero di giorni limite a partire da start entro cui l'istanza deve concludersi
 - max_gg_correction: numero di giorni limite a partire da start per la correzione a valle di un controllo formale
 - max_gg_admissibility: numero di giorni limite a partire da start per la verifica di ammissibilità
 - max_gg_int_req: numero di giorni limite a partire da start per la richiesta di integrazione degli enti terzi
 - max_gg_int_resp: numero di giorni limite a partire da start per integrazione del soggetto presentatore
 - max_gg_conf_req: numero di giorni limite a partire da start per la richiesta di conformazione degli enti terzi
 - max_gg_concl_send: numero di giorni limite a partire da start per inoltro delle conclusioni degli enti terzi
 - max_gg_cdss_req: numero di giorni limite a partire da start entro cui gli enti terzi possono richiedere conferenza di servizi sincrona
 - date_cdss: data evetuale conferenza di servizi sincrona

Tali tempistiche devono essere definite dal Back-Office, prima dell'avvio del procedimento. Nel sequence-diagram General, al passo 21, del branch approved01, è prevista la chiamata ""request_update_times"" dal BO verso il Catalogo SSU, il quale restituirà l'InstanceDescriptor aggiornato con i nuovi tempi procedimentali. Da questo momento, il procedimento può essere considerato avviato, allo stato ""presented"", e possono iniziare le fasi di lavorazione dello stesso.";n.a.
462;29fbb5a150534a4bb3eaf6b43ebdb93f;Se l'ET riceve dal BO SUAP una notify con dati incoerenti (ad esempio: il CUI non è presente nel sistema dell'ET) è corretto come prassi che l'ET scarti il tracciato ritornando al BO l'errore con codice 400 ?;"Buongiorno,

il codice di errore 400 deve essere inviato qualora il sistema riscontri un errore semantico nella richiesta. Considerato invece il caso pratico posto nel ticket, il sistema dovrà inviare una risposta riportando il codice di errore 404 (Not Found) perchè il sistema non riesce a ritrovare la risorsa indicata nella richiesta. Non si tratta quindi di dati incoerenti sintatticamente ma viene richiesta un'azione su una risorsa non esistente.

Un  Saluto.";n.a.
463;7488464a829f40d48792f66a4c549b73;A partire da una municipalità avremmo necessità di avere tutti i possibili enti terzi/amministrazioni competenti/altra definizione di quella municipalità. Esiste una chiamata alle openAPI che soddisfi la nostra esigenza? Non siamo riusciti a trovare l'eventuale combinazione di parametri.;"Buon pomeriggio,

Le segnaliamo la seguente operation all'interno di Catalogo SSU - Meta :

/proceeding/{proceeding_id}/{proceeding_version}/{municipality}/competent-administration

Questa, a partire dal procedimento e dalla municipalità, permette il recupero dell'amministrazione competente per uno specifico procedimento.

In alternativa, vi è la seguente chiamata bulk, sempre in Catalogo SSU - Meta:

/proceedings-competent-administrations/{id_proceeding_list}/{municipality_list}

Quest'ultima permette il recupero bulk delle tuple {procedimento,amministrazione competente,comune}, con tutte le versioni disponibili, per una lista di identificativi procedimento e di municipalità.

Qualora vi fosse la necessità di ulteriori chiarimenti, la invitiamo a contattarci tramite il canale di messaggistica del ticket.
Le comunichiamo inoltre che, in assenza di ulteriori richieste, il presente ticket sarà chiuso automaticamente dal sistema entro 7 giorni lavorativi.

Un Saluto";"Richiedente: 
Buon pomeriggio,
se io volessi avere la lista degli enti A PRESCINDERE dalla lista dei procedimenti come potrei fare?
Grazie

Operatore:
Buon pomeriggio,

Da specifiche tecniche, la lista degli enti è collegata al procedimento, dunque non è previsto alcun metodo per recuperare tale lista a prescindere da esso.

Un Saluto"
464;c17fa6665d0b4c5ab78f76586bc9d6d7;"Chiedo scusa ma abbiamo trovato una incoerenza in una precedente risposta.

Riporto la domanda:
Se l'ET riceve dal BO SUAP una notify con dati incoerenti (ad esempio: il CUI non è presente nel sistema dell'ET) è corretto come prassi che l'ET scarti il tracciato ritornando al BO l'errore con codice 400 ?

La vostra risposta iniziale era:
il codice di errore 400 deve essere inviato qualora il sistema riscontri un errore semantico nella richiesta. Considerato invece il caso pratico posto nel ticket, il sistema dovrà inviare una risposta riportando il codice di errore 404 (Not Found) perchè il sistema non riesce a ritrovare la risorsa indicata nella richiesta. Non si tratta quindi di dati incoerenti sintatticamente ma viene richiesta un'azione su una risorsa non esistente.

Tuttavia la notify non prevede la response 404 ma solo queste:
""200"":
$ref: ""#/components/responses/OKRequest""
""400"":
$ref: ""#/components/responses/BadRequest""
""401"":
$ref: ""#/components/responses/Unauthorized""
""500"":
$ref: ""#/components/responses/ServerError""
""503"":
$ref: ""#/components/responses/ServiceUnavaliable""

Inoltre non compare nessun test nella SBBT per la casistica 404.
Quindi, o farete una nuova versione dell'ET_TO_BO.yaml, oppure non possiamo far altro che restituire 400.

Il nostro comportamento attuale per la Notify, in assenza del CUI sull'ET, è il seguente:
- per la sola notify cdss convened, inseriamo il nuovo CUI e rispondiamo 200;
- per tutte le altre tipologie di notify, rispondiamo 400.

Si fa presente che abbiamo già passato i test SBBT con questa implementazione.";"Buon pomeriggio,
 
confermiamo che qualora si dovesse riscontrare tale problema, se possibile, bisogna utilizzare il codice 404 Not Found; in alternativa, confermiamo che come soluzione alternativa è possibile utilizzare il codice 400 Bad Request.
 
Si precisa inoltre che sono state apportate delle modifiche ai codici di errore per integrare i codici di errore 404 e il nuovo codice 409, come riportato nella seguente news pubblicata sul sito di progetto: https://www.suapsue.gov.it/news/?news_id=50.
I servizi presenti nella versione approved01 sono stati adeguati per includere fin da subito i nuovi codici di errore.
Richiamando sempre tale notizia, si conferma che non è necessario ripetere il test se sono stati già eseguiti correttamente con esito positivo.
 
Un Saluto";n.a.
465;4737157a351f41c19b68e581553262d4;In caso dovessimo cambiare un dato (Partita IVA) dopo aver superato la validazione Black Box come dobbiamo fare? Chiediamo la modifica? Facciamo una nuova validazione e sovrapponiamo description e componentName? Dobbiamo scegliere una nuova description e componentName?;"Buongiorno,

Per il quesito posto, la rimandiamo al servizio di supporto di InfoCamere, in quanto gestore della piattaforma di accreditamento.

Qualora vi fosse la necessità di ulteriori chiarimenti, la invitiamo a contattarci tramite il canale di messaggistica del ticket.

Le comunichiamo inoltre che, in assenza di ulteriori richieste, il presente ticket sarà chiuso automaticamente dal sistema entro 7 giorni lavorativi.

Un Saluto";n.a.
466;b64dd21fca5c40db9f2efe6d45b04599;"Buongiorno, sottoponiamo alla vostra cortese attenzione i seguenti quesiti pervenuti sulla nostra piattaforma di ticketing:
"".Abbiamo visto sulle OPEN API https://github.com/AgID/specifiche-tecniche-DPR-160-2010/blob/main/openAPI/bo_to_et.yaml, https://github.com/AgID/specifiche-tecniche-DPR-160-2010/blob/main/openAPI/et_to_bo.yaml e https://github.com/AgID/specifiche-tecniche-DPR-160-2010/blob/main/openAPI/catalogo-ssu_to_et.yaml quali sono gli scambi di documenti previsti. Si fa sempre riferimento a resource_id, sia per i documenti che fornisce SUAP sia per i documenti che l’Ente Terzo emette. Chi è l’owner di questi riferimenti? Nel caso in cui per i documenti generati dall’Ente Terzo (esempio per le chiamate di send_conclusion (positive_outcome oppure negative_outcome) dovessere essere l’Ente Terzo stesso a generare il resource_id come deve essere composto e quali controlli si dovrebbero fare per far sì che sia univoco per pratica?

3. Sempre nelle OPEN API citate al punto 2 abbiamo visto che sia l’Ente Terzo che il BO SUAP mettono a disposizione rispettivamente un servizio retry per richiedere alla controparte una riesecuzione di una specifica operazione. Qual è lo scopo ed il funzionamento di questi servizi di retry?

4. Dove possiamo trovare degli esempi concreti di request dei servizi che intercorrono tra BO SUAP ed Ente Terzo?""";"L'attributo ""resource_id"" può essere definito liberamente, purchè questo risulti essere univoco  per erogatore e per cui.uuid, poiché verrà usato come chiave per il recupero di un documento mediante la chiamata ""/instance/{cui_uuid}/document/{resource_id}"".  L'attributo ""resource_id"" è presente solo nell'instance index e si può risalire al documento nell'Instance Descriptor mediante l'attributo ""ref"" ad esso associato.
Le Specifiche Tecniche non determinano le modalità con cui implementare i controlli di univocità. Si demanda pertanto l'individuazione delle modalità più opportune a chi implementa tali soluzioni.  

Le operazioni di retry vengono attuate nel caso in cui durante la fase di comunicazione tra due componenti si verifica un errore di comunicazione. L'operatore può richiedere la ritrasmissione dell'operazione indicando l'errore riscontrato. Tale operazione non ha un effetto sui tempi del procedimento. 

Per esempi di request dei servizi che intercorrono tra BO SUAP ed Ente Terzo si invita ad utilizzare uno swagger editor online (editor.swagger.io) per esaminare la composizione degli oggetti di ogni servizio.

Qualora vi fosse la necessità di ulteriori chiarimenti, la invitiamo a contattarci tramite il canale di messaggistica del ticket.

Le comunichiamo inoltre che, in assenza di ulteriori richieste, il presente ticket sarà chiuso automaticamente dal sistema entro 7 giorni lavorativi.

Un Saluto";n.a.
467;n.a.;Buongiorno, nel caso in cui in una istanza l'Ente Terzo coinvolto in un endoprocedimento invii una richiesta di integrazione/CDSS  quando i termini per le richiesta sono scaduti oppure invii una richiesta di convocazione di CDSS a valle di una richiesta di integrazione oppure invii l'esito quando i termini per la lavorazione della pratica sono già scaduti, che tipo di operatività si deve prevedere? Non si deve tener conto dei messaggi?;"Le comunicazioni fuori tempo massimo non sono gestite nelle Specifiche Tecniche ma vengono delineate solo le azioni previste all'interno dei tempi prestabiliti dalla Norma (definini nell'oggetto Times). 
Da specifiche la richiesta di un convocazione di CDSS da parte di un ET non dovrebbe partire a tempi scaduti.";n.a.
468;n.a.;"""Buongiorno con riferimento alla struttura struttura """"time"""": {
 """"start"""": """"2025-10-01"""",
 """"max_gg_proc"""": 60,
 """"max_gg_correction"""": 10,
 """"max_gg_admissibility"""": 5,
 """"max_gg_int_req"""": 20,
 """"max_gg_int_resp"""": 15,
 """"max_gg_concl_send"""": 50,
 """"max_gg_cdss_req"""": 10,
 """"date_cdss"""": """"2025-10-20""""
}
abbiamo necessità di chiarimenti sui tempi di procedimento. In particoalre dove si trovano queste informazioni, a parte il valore max_gg_proc gli altri valori indicati con max_* sono tutti di derivazione normativa e quindi fissi per ogni procedimento di qualsiasi tipologia?""";"Il struttura presente nella Domando è un esempio per gestire i test case delle BBT. Il BO deve settare queste variabili, nel pieno rispetto della normativa,
 in base alla tipologia di Procedimento che si sta avviando.";n.a.
469;n.a.;"
Stiamo adeguando il nostro verticale BO Suap ed i verticali per gli enti terzi, vorremmo sottoporvi alcuni dubbi:
 
Volevamo una conferma che il progressivo e la data dell'oggetto ""cui"" rimangono le stesse per tutta la vita dell'istanza: in caso di richiesta correzioni o integrazioni con conseguenti ulteriori send_instance l'oggetto cui sarà identico a quello del primo invio, corretto?

 Il campo che varia nel corso della vita della pratica è instance_descriptor_version che viene aggiornato dal catalogo ad ogni audit, corretto?

 Nel sequence-diagram l'aggiornamento dei tempi viene effettuato solo sulla prima send_instance, corretto?
   
L' instance_descriptor contiene un array di usecase_proceedings dove sono identificate le fattispecie (primarie e secondarie) necessarie a quella determinata casistica, non sembra esserci un dato che ci consenta di capire direttamente quale sia il procedimento, possiamo dare per assunto che la prima fattispecie dell'array è la fattispecie primaria? Se così fosse, quindi, dovremmo scaricare i procedimenti della municipalità e verificare la fattispecie primaria a quale procedimento corrisponde?
   
Nel catalogo nazionale dei procedimenti tutti gli endoprocedimenti di un procedimento hanno la stessa amministrazione competente. Questo significa che nel caso non fossero rimappati a livello regionale/comunale il SUAP BO dovrà necessariamente avere una mappatura che associa a ciascuna fattispecie la ""vera"" amministrazione competente.
Come facciamo a recuperare l'elenco di tutte le amministrazioni competenti (ipacode, officecode, version) associate ad una municipalità?";"Si, corretto. Il ""cui"" è un oggetto composto da proprietà come ""progressive"" e ""uuid"".
Entrambi ""progressive"" e ""uuid"" restano invariati per tutta la vita dell'istanza. 

No, l' ""instance_descriptor_version"" cambia nel momento in cui vengono aggiornati gli elementi dell'instance descriptor, non necessariamente a seguito di un singolo audit. (ad esempio, anche l'update_times  comporta un aggiornamento dell'instance descriptor)

Il servizio del catalogo identificato nei sequence come ""request_update_times"" fa riferimento all'operazione ""update_times"" offerto al Back-Office SUAP dal Catalogo SSU. Questo servizio può essere richiamato più volte, in relazione alle varie esigenze di gestione del procedimento come richiesta di cdss, integrazione, eccetera.

Non si può dare per assunto che la prima fattispecie dell'array di fattispecie sia quella primaria.
Partendo dal presupposto che non è chiara la domanda posta, se l'obiettivo è recuperare la lista delle fattispecie secondarie associate ad una lista di usecase_proceedings, è possibile utilizzare il servizio /usecase-proceedings-endoproceedings/{id_usecase_proceeding_list}.
Se invece l'obiettivo è recuperare l'anagrafica di un procedimento associato ad uno use_case, attualmente non è possibile farlo con l'approved01, ma è si evidenzia che di recente è stata gestita una issue a riguardo per l'approved02.

La domanda sul catalogo si consiglia di inoltrarla verso InfoCamere.

Riguardo l'ultima domanda, non è possibile scaricare tutte le amministrazioni competenti relative ad una municipalità. E' possibile invece recuperare le amministrazioni competenti per un dato procedimento e municipalità.";n.a.
470;n.a.;"Alla domanda: gli altri documenti inseriti nella pratica vanno inseriti negli attachments o solo poi nella send_istance? quali documenti inserire nella istance_index e quali nel general_index oltre alla ricevuta XML?
E’ stata fornita la seguente risposta: Nella send_instance si distinguono due tipologie di allegati: quelli associati alle istanze e quelli trasversali. Gli allegati associati alle fattispecie, presenti in ""attachments"" saranno riportati all'interno dell'Instance-index; i documenti trasversali invece devono essere condivisi mediante il ""general_index"".

Avremmo quindi un nuovo quesito: i moduli XML delle fattispecie dove vanno inseriti visto che non sono degli attachments e non sono trasversali?";"Consultando l'instance descriptor schema .yaml presente all'interno del repository GitHub è possibile constatare che usecase_proceedings è un array di fattispecie dei procedimenti avviati, dove, per ognuno di essi sono collegati i riferimenti al modulo digitale in formato xml chiamato ""instance"" , e i relativi validatori (xsd obbligatorio, schematron opzionale) referenziati nell'attributo ""form"".
La validazione xsd è possibile utilizzando i validatori di cui sopra da applicare sul relativo modulo dicitale presente in ""instance"".";n.a.
471;n.a.;"Alla domanda: Quale documento dobbiamo inserire nella istance?
E’ stata fornita la seguente risposta: Nell'attributo ""instance"" deve essere inserito il modulo della pratica SUAP e il file MDA all'interno di ""activity_model"", relativamente alla fattispecie a cui sono associati.

Avremmo quindi un nuovo quesito: activity_model dove è definito? 
E’ un attributo della pratica XML SUAP, oppure è una proprietà da inserire nella istance? 
Ed in questo secondo caso, come andrebbe inserita?";"L'oggetto ""activity_model"" rappresenta il file MDA gestito nei procedimenti SUAP già esistenti e tale oggetto è stato integrato al fine di poter gestire il transitorio durante la fase di adeguamento alla nuova struttura.";n.a.
472;n.a.;"L'endpoint /instance_descriptor/{cui_uuid} in catalogo-ssu_to_et.yaml restituisce uno schema InstanceDescriptor che rappresenta i procedimenti avviati. Nella definizione di ciascun allegato (attachments—campo sotto usecase_proceedings), non è presente un campo resource_id.

Perché è un problema:
L'endpoint /instance/{cui_uuid}/document/{resource_id} in bo_to_et.yaml richiede la presenza di un resource_id per poter recuperare il relativo documento tramite API.

Senza il resource_id non è fornito nello schema dell'allegato, come possiamo recuperare le risorse?";"Le risorse gestite all'interno delle Specifiche Tecniche possono essere identificate nell'InstanceDescriptor mediante l'attributo ""ref"". Il suo valore viene definito dal FrontOffice durante la creazione dell'InstanceDescriptor e può essere utilizzato per risalire al relativo ""resource_id"" che viene definito invece all'interno dell'""instance-index (instance-index-schema), necessario per il recupero del documento di interesse tramite il servizio ""/instance/{cui_uuid}/document/{resource_id}"". 

L'attributo ""resource_id"", quindi, rappresenta l'identificativo univoco, per erogatore e per cui.uuid, mediante il quale è possibile risalire al documento nell'Instance Descriptor mediante l'attributo ""ref"" ad esso associato.





";"Richiedente
Se abbiamo capito bene, tutti i riferimenti agli allegati presenti nell'InstanceDescriptor sono già presenti, nell'istanza.
Ipoteticamente quindi non è necessario avere l'InstanceDescriptor per poter richiedere gli allegati al back office. Il necessario per richiedere questi allegati sono già nell'instance-index. E' corretto?
Dato che non siamo ancora in grado di invocare servizi su PDND, sarebbe possibile avere un esempio verosimile di istanza ricevuta mediante /send_instance e del corrispettivo l'InstanceDescriptor?

Operatore
Si è corretto, per recuperare i documenti digitali è necessario essere in possesso del ""resource_id"" che è gestito all'interno dell'instance-index, creato da ogni singola componente per tracciare i documenti da essa gestiti (per ogni documento viene riportata la fattispecie e il ""ref"" della risorsa).
Tuttavia, l'InstanceDescriptor risulta essere sempre un elemento importante perchè riporta l'insieme degli elementi che fanno parte di un procedimento SUAP. Per ogni fattispecie vengono riportate le istanze e gli allegati. Ogni elemento viene identificato dal suo ""ref"". 

Per prendere visione invede del servizio ""/send_instance"" si consiglia di utilizzare Swagger.io o tool affini, invece per consultare un InstanceDescriptor ben formato, si consiglia di contattare InfoCamere in qualità di gestore del Catalogo"
473;115747e3ff3f415682c0a95f0c6f52bd;"Buongiorno,
vi scrivo per conto di Regione XXX che come ente Aggregatore ha partecipato alla misura PNRR 2.2.3 per fornire a tutti gli enti aderenti il Back Office Enti Terzi conformi alle specifiche tecniche indicate nel DPR 160/2010.
Nel testare le chiamate ai servizi messi a disposizione da InfoCamere su PDND collaudo (nello specifico COLL - SSU BO to ET, CATALOGO - GETIONE ISTANZA - ENTI TERZI ) stiamo riscontrando degli errori sotto riportati . Infocamere ci suggerito di rivolgerci a voi.
Di seguito quanto riscontrato.

E-service “COLL - SSU BO to ET”: le chiamate di prova usando la risorsa “request_cdss” con body
{
""cui"": {
""context"": ""string"",
""data"": ""2025-12-01"",
""progressivo"": ""001"",
""uuid"": ""555555""
},
""operation"": ""send_conclusions"",
""error"": {
""code"": ""001"",
""message"": ""messaggio""
}
}
ritornano questo errore: {""code"": ""ERROR_400_001"",""message"": ""incorrect request input""}.
Per questa API, come per tutte le altre, non abbiamo trovato sulla documentazione dei parametri di prova da utilizzare nelle chiamate.
L’url che utilizzo è https://subocl.impresainungiorno.gov.it/bosuap/rest/et

E-service “CATALOGO - GETIONE ISTANZA - ENTI TERZI”:
le chiamate di prova usando la risorsa “instance_descriptor”
ritornano questo errore: { ""code"": ""ERROR_404_001"", ""message"": ""resource not found""}
le chiamate di prova usando la risorsa “audit” con body
{
""cui"": {
""context"": ""0000001"",
""data"": ""2025-12-01"",
""progressivo"": ""0001"",
""uuid"": ""55555""
},
""message"": ""instance_integrated_retrived"",
""event_time"": ""2025-12-01T12:48:04.349Z""
}
ritornano questo errore {
""code"": ""ERROR_400_001"",
""message"": ""incorrect request input""
}
ritornano questo errore: {""code"": ""ERROR_400_001"", ""message"": ""incorrect request input""}
Per questa API, come per tutte le altre, non abbiamo trovato sulla documentazione dei parametri di prova da utilizzare nelle chiamate.
L’url che utilizzo è https://serviziweb.cl.infocamere.it/modi/rest/in/infocamere/sisu-cagi-entiterzi-api/v1

Attendiamo un vostro gentile riscontro.";"Buon pomeriggio,

notiamo che i quesiti posti fanno riferimento ai servizi offerti da InfoCamere, per tale motivo, sono loro gli incaricati a gestire e risolvere tale problematica verificando eventuali messaggi di errore e i dati gestiti dalle loro componenti. Purtroppo, non avendo a disposizione delle componenti di test, non possiamo replicare il test e verificare eventuali elementi correttivi.

Ad ogni modo, riscontriamo che il primo body riportato nel quesito tecnico risulta essere errato, poichè è quello relativo al servizio ""retry"" e non ""request_cdss"" e al suo interno vi sono i seguenti errori:
 - manca l'attributo ""requester_administration"";
 - il context è semplicemente ""string"".
Per eseguire la chiamata ""request_cdss"" è necessario un body composto dal ""cui"" e la ""requester_administration"".
Si segnala anche che il ""progressivo"" e ""uuid"" tra i due servizi sono differenti ma supponiamo che si riferiscano allo stesso ""cui"".

Inoltre, si segnala che nelle Specifiche Tecniche (approved01) c'è un typo (errore di battitura) per quanto riguarda il ""cui"" dove viene riportato come attributo obbligatorio  ""progressive"" ma come proprietà viene richiesto l'attributo ""progressivo"". Bisogna verificare con InfoCamere se è presente tale problematica. Nel mentre, poichè apparentemente non si riscontrano ulteriori errori in questo caso, si può eseguire un test usando l'attributo ""progressive"" per verificare se l'errore 400 dipende da questo.

Un Saluto.";n.a.
474;15863015817841c586d8e009c534df1c;"guardando il sequence-diagram-general si capisce che il metodo update_times viene invocato subito dopo il recepimento dell'istanza da parte del back office suap.
Non è chiaro se questo metodo può essere invocato anche in altri momenti (vedi caso d'uso e quesiti allegati alla presente 20251211_TempiDelProcedimento.pdf)";"Buon pomeriggio,

confermiamo che il metodo ""update_times"" può essere invocato in diversi momenti del ciclo di vita di un procedimento SUAP. I BPMN e i sequence-diagram delineano i momenti in cui tali tempi possono essere aggiornati per gestire eventuali sospensioni o interruzioni dettate dalla norma. La norma in questione, la Legge 241/90, definisce le tempistiche entro le quali le amministrazioni possono o devono interagire con le altre componenti e gestire i procedimenti. 
Abbiamo consultato l'allegato al ticket e possiamo confermare che in ogni caso è corretto far slittare il tempo massimo per la gestione del procedimento quando sono previsti sospensioni o interruzioni dei tempi. Tuttavia, non possiamo definire in modo univoco quali attributi devono essere aggiornati poichè, come già detto in precedenza, la gestione dei tempi è definita dalla norma e il Back-office ha il compito di aggiornare l'oggetto Times per assicurare che la gestione delle tempistiche siano conformi con la legge. 
Ad ogni modo, precisiamo che nei vari casi d'uso presenti nell'allegato, la gestione dei tempi della correzione non è stata gestita in modo corretto. Il ""max_gg_correction"" indica il tempo, a partire dalla presentazione della pratica, entro il quale il soggetto interessato può rispondere, ma nell'esempio tale tempista eccede i 5 giorni poichè la richiesta è stata inviata 2 giorni dopo l'avvio e la risposta è arrivata il 4 giorno (per un totale di 6 giorni).

Un Saluto";n.a.
475;016bc1f0372f4b7c8fd7ffe1da488837;"Buongiorno, sottoponiamo alla vostra cortese attenzione una richiesta pervenuta dalla software house Engineering:
""Il dubbio che abbiamo riguarda l'aggiornamento delle tempistiche in caso di regolarizzazione e integrazione.

Sappiamo che all'invio della pratica il FO Suap setta nell'instance descriptor:

start
max_gg_proc

mentre il BO Suap setta nell'instance descriptor:

max_gg_correction
max_gg_admissibility
max_gg_int_req
max_gg_int_resp
max_gg_concl_send
max_gg_cdss_req

Nei diagrammi del workflow su git (approved01) abbiamo che in caso di regolarizzazione si ha il reset dei tempi (quindi è come se fosse inviata una nuova pratica) e in caso di integrazione si ha il riavvio dei tempi (in questo caso è una sospensione e i tempi ripartono).

Vogliamo capire se:

nel caso di regolarizzazione:

il FO Suap setta nell'instance descriptor:

· nuova start con la data invio regolarizzazione
· max_gg_proc (dovrebbe essere invariata)

il BO Suap setta nell'instance descriptor le altre tempistiche (dovrebbero cmq essere invariate):

· max_gg_correction
· max_gg_admissibility
· max_gg_int_req
· max_gg_int_resp
· max_gg_concl_send
· max_gg_cdss_req


nel caso di integrazione:

il FO Suap setta nell'instance descriptor:

· max_gg_proc aggiungendo al precedente il numero di giorni sospesi

Ringraziandovi anticipatamente porgo cordiali saluti""";"Buongiorno,

Lo ""start"" viene settato dal momento in cui il FO notifica al BO il rilascio della ricevuta (notify_receipt , sequence diagram General). Pertanto l'aggiornamento dei Times può avvenire a valle di una regolarizzazione, ma non modifica lo ""start"".

Per l'integrazione, in linea di massima concordiamo sulla necessità di aggiornare il ""max_gg_proc"" con i giorni in cui il procedimento è stato sospeso (giorni che intercorrono dalla data di richiesta di integrazione inoltrata dal BO al FO, alla risposta fornita dal presentatore sul FO verso il BO).

In generale la gestione dei tempi è definita dalla norma e il Back-office ha il compito di aggiornare l'oggetto Times per assicurare che la gestione delle tempistiche sia conforme con i regolamenti vigenti.

Qualora vi fosse la necessità di ulteriori chiarimenti, la invitiamo a contattarci tramite il canale di messaggistica del ticket.

Le comunichiamo inoltre che, in assenza di ulteriori richieste, il presente ticket sarà chiuso automaticamente dal sistema entro 7 giorni lavorativi.

Un Saluto";n.a.
